<?xml version="1.0" encoding="utf-8"?>
<configuration>
  <CustomFunctions>
    <First>
      <Function name="Add-DomainUserToLocalGroup">
        <domainUserName>${winServiceIdentity}</domainUserName>
        <localGroup>Administrators</localGroup>
      </Function>
      <Function name="Grant-LogOnAsAservice" domainUserName="${winServiceIdentity}" />
    </First>
    <Last>
	    <Function name="Add-WindowsFirewallRule">
        <displayName>ATO-DCS-BulkStatusUpdate-${InstanceKey}</displayName>
        <optionalProperty>
          <protocol>tcp</protocol>
	        <direction>inbound</direction>
	        <localPort>${RESTAPIPort}</localPort>
		      <profile>any</profile>
          <enabled>true</enabled>
		    </optionalProperty>
      </Function>
    </Last>
  </CustomFunctions>
</configuration>