<?xml version="1.0"?>
<doc>
    <assembly>
        <name>DCS.Composition.Services.Vars</name>
    </assembly>
    <members>
        <member name="T:DCS.Composition.Services.Vars.Common.VarsServiceImplementation">
            <summary>
              Class to do the bulk of the Vars Service work
            </summary>
        </member>
        <member name="M:DCS.Composition.Services.Vars.Common.VarsServiceImplementation.#ctor(Microsoft.Extensions.Logging.ILogger{DCS.Scheduling.Services.Vars.Common.VarsServiceImplementation})">
            <summary>
            Constructor that sets the logger and the default days to folter by and user
            </summary>
            <param name="logger">The ogger passed from the serice constructor</param>
        </member>

        <member name="T:DCS.Composition.Services.Vars.Controllers.VarsController">
            <summary>
            REST Controller that provides methods to call and get information on the service
            </summary>
        </member>
        <member name="M:DCS.Composition.Services.Vars.Controllers.VarsController.CallJobService(DCS.Composition.Services.Shared.Contracts.CompositionMsg)">
            <summary>
            Method to put a call to the JobService onto the Hangfire database  using the supplied CompositionMsg
            </summary>
            <param name="message"></param>
            <returns></returns>
        </member>
        <member name="M:DCS.Composition.Services.Vars.Controllers.VarsController.GetCurrentConfig">
            <summary>
            Method to get the current config entries for the application. Returns as a string.
            </summary>
            <returns></returns>
        </member>
        <member name="M:DCS.Composition.Services.Vars.Startup.Configure(Microsoft.AspNetCore.Builder.IApplicationBuilder,Microsoft.AspNetCore.Hosting.IWebHostEnvironment)">
            <summary>
            This method gets called by the runtime. Use this method to configure the HTTP request pipeline.
            </summary>
            <param name="app"></param>
            <param name="env"></param>
        </member>
    </members>
</doc>
