<?xml version="1.0"?>
<configuration>
  <windowsServiceApplication>
    <windowsService>
      <windowsServiceName>ATO.DCS.${InstanceKey}.Legacy.DeliveryOutput</windowsServiceName>
      <windowsServiceDisplayName>ATO.DCS.${InstanceKey}.Legacy.DeliveryOutput</windowsServiceDisplayName>
      <windowsServiceDescription>ATO.DCS.${InstanceKey}.Legacy.DeliveryOutput</windowsServiceDescription>
      <windowsServiceAssemblyPath>${targetdir}\Ato.CD.Outbound.CorroGen.DeliveryOutput\ATO.CD.Outbound.CorroGen.DeliveryOutput.exe</windowsServiceAssemblyPath>
      <windowsServiceStart>false</windowsServiceStart>
      <windowsServiceStartType>Disabled</windowsServiceStartType>
      <windowsServiceDependsOn>MSDTC</windowsServiceDependsOn>
      <windowsServiceRecoveryActions>
        <enableActionsForStopsWithErrors>true</enableActionsForStopsWithErrors>
        <resetFailCountAfter>1</resetFailCountAfter>
        <rebootMessage></rebootMessage>
        <runFile></runFile>
        <failure>
            <type>restart</type>
            <delay>1</delay>
        </failure>
        <failure>
            <type>restart</type>
            <delay>1</delay>
        </failure>
        <failure>
            <type>restart</type>
            <delay>1</delay>
        </failure>
      </windowsServiceRecoveryActions>
    </windowsService>
  </windowsServiceApplication>
</configuration>