<?xml version="1.0"?>
<configuration>
  <configurationChanges>
    <configurationChange>
      <file>${TargetDir}\Ato.CD.Outbound.CorroGen.DeliveryOutput\Ato.CD.Outbound.CorroGen.DeliveryOutput.exe.config</file>
      <nodeChanges>
		<nodeChange action="update">
          <xpath>/configuration/appSettings/add[@key='LogTestAutomationSwitch']/@value</xpath>
          <value>${LogTestAutomationSwitch}</value>
        </nodeChange>
		<nodeChange action="update">
          <xpath>/configuration/appSettings/add[@key='LogMQCMDMSaveDocRequestSwitch']/@value</xpath>
          <value>${LogMQCMDMSaveDocRequestSwitch}</value>
        </nodeChange>
		<nodeChange action="update">
          <xpath>/configuration/appSettings/add[@key='LogMQCMDMDocIDReturnReplySwitch']/@value</xpath>
          <value>${LogMQCMDMDocIDReturnReplySwitch}</value>
        </nodeChange>
		<nodeChange action="update">
          <xpath>/configuration/appSettings/add[@key='LogMQSendCorresToELSECIRequestSwitch']/@value</xpath>
          <value>${LogMQSendCorresToELSECIRequestSwitch}</value>
        </nodeChange>
		<nodeChange action="update">
          <xpath>/configuration/appSettings/add[@key='LogTestAutomationLocation']/@value</xpath>
          <value>${LogTestAutomationLocation}</value>
        </nodeChange>
    <nodeChange action="update">
          <xpath>/configuration/appSettings/add[@key='IncludeCCLAPIFields']/@value</xpath>
          <value>${IncludeCCLAPIFields}</value>
        </nodeChange>
		<!--MQ Config-->
        <nodeChange action="update" runapp="NOT ${MQServer.Channel.Cleanup}">
          <xpath>/configuration/Ato.EN.ApplicationServices.MQ/@ccdt</xpath>
          <value>${CCDTSourcePath}\${CCDTFile}</value>
        </nodeChange>
        <nodeChange action="update" runapp="NOT ${MQServer.Channel.Cleanup}">
          <xpath>/configuration/Ato.EN.ApplicationServices.MQ/transports/transport[@name='MQSeries']/@isServerConnection</xpath>
          <value>${MQSeries.isServer}</value>
        </nodeChange>
        <nodeChange action="update" runapp="NOT ${MQServer.Channel.Cleanup}">
          <xpath>/configuration/Ato.EN.ApplicationServices.MQ/transports/transport[@name='MQSeries']/@channel</xpath>
          <value>${ChannelName}.SVRCONN</value>
        </nodeChange>
        <nodeChange action="update" runapp="NOT ${MQServer.Channel.Cleanup}">
          <xpath>/configuration/Ato.EN.ApplicationServices.MQ/transports/transport[@name='MQSeries']/@hostName</xpath>
          <value>${MQSeries.hostName}</value>
        </nodeChange>
        <nodeChange action="update" runapp="NOT ${MQServer.Channel.Cleanup}">
          <xpath>/configuration/Ato.EN.ApplicationServices.MQ/transports/transport[@name='MQSeries']/@port</xpath>
          <value>${MQSeries.port}</value>
        </nodeChange>
        <nodeChange action="delete" runapp="${MQServer.Channel.Cleanup}">
          <xpath>/configuration/Ato.EN.ApplicationServices.MQ</xpath>
          <xmlattribute name="ccdt" />
        </nodeChange>
        <nodeChange action="delete" runapp="${MQServer.Channel.Cleanup}">
          <xpath>/configuration/Ato.EN.ApplicationServices.MQ/transports/transport[@name='MQSeries']</xpath>
          <xmlattribute name="channel" />
        </nodeChange>
        <nodeChange action="delete" runapp="${MQServer.Channel.Cleanup}">
          <xpath>/configuration/Ato.EN.ApplicationServices.MQ/transports/transport[@name='MQSeries']</xpath>
          <xmlattribute name="hostName" />
        </nodeChange>
        <nodeChange action="delete" runapp="${MQServer.Channel.Cleanup}">
          <xpath>/configuration/Ato.EN.ApplicationServices.MQ/transports/transport[@name='MQSeries']</xpath>
          <xmlattribute name="port" />
        </nodeChange>
        <nodeChange action="update" runapp="${MQServer.Channel.Cleanup}">
          <xpath>/configuration/Ato.EN.ApplicationServices.MQ/transports/transport[@name='MQSeries']/@isServerConnection</xpath>
          <value>${MQSeries.isServer}</value>
        </nodeChange>
        <nodeChange action="update">
          <xpath>/configuration/Ato.EN.ApplicationServices.MQ/eaiServices/eaiService/*/endpoint/@uri</xpath>
          <value regex="(WMQ://)[^/]*">WMQ://${MQSeriesManager}</value>
        </nodeChange>
        <nodeChange action="update">
          <xpath>/configuration/appSettings/add[@key='TemplateRefDataFilePath']/@value</xpath>
          <value>${AtoApplicationDir}\Outbound\${InstanceKey}\TemplateActivityRefData</value>
        </nodeChange>
        <nodeChange action="update">
          <xpath>/configuration/connectionStrings/add[@name='OutboundCorroGen']/@connectionString</xpath>
          <value>server=${DALC_Server};database=${DALC_Database};Integrated Security=true;MultiSubnetFailover=True</value>
        </nodeChange>
        <nodeChange type="xmlblock" action="add">
          <xpath insert="start">/configuration</xpath>
          <xmlBlock>
            <dataConfiguration defaultDatabase="${DALC_Database}" />
          </xmlBlock>
        </nodeChange>
        <nodeChange action="update">
          <xpath>/configuration/appSettings/add[@key='DialoguePdfOutputFolder']/@value</xpath>
          <value>${DialoguePdfOutputFolder}</value>
        </nodeChange>
        <!-- Event Log Source -->
        <nodeChange action="update">
          <xpath>/configuration/loggingConfiguration/listeners/add[@name='Formatted EventLog TraceListener']/@source</xpath>
          <value>ATO-Outbound DeliveryOutput.${InstanceKey}</value>
        </nodeChange>
      </nodeChanges>
    </configurationChange>
  </configurationChanges>
</configuration>