<?xml version="1.0"?>
<configuration>
  <configurationChanges>
    <configurationChange>
      <file>${TargetDir}\DCS.Scheduling.DataRetrieve\DCS.Composition.Services.DataRetrieve.dll.config</file>
      <nodeChanges>
        <nodeChange action="update">
          <xpath>/configuration/appSettings/add[@key='Env']/@value</xpath>
          <value>${Environment}</value>
        </nodeChange>
        <nodeChange action="update">
          <xpath>/configuration/appSettings/add[@key='CustomersNamespace']/@value</xpath>
          <value>${CustomersNamespace}</value>
        </nodeChange>
        <nodeChange action="update">
          <xpath>/configuration/appSettings/add[@key='TemplatesConfigPath']/@value</xpath>
          <value>${TemplatesConfigPath}</value>
        </nodeChange>
        <nodeChange action="update">
          <xpath>/configuration/appSettings/add[@key='RelativeJobLogFileLocation']/@value</xpath>
          <value>${RelativeJobLogFileLocation}</value>
        </nodeChange>
        <nodeChange action="update">
          <xpath>/configuration/appSettings/add[@key='DriverFileName']/@value</xpath>
          <value>${DriverFileName}</value>
        </nodeChange>
        <nodeChange action="update">
          <xpath>/configuration/appSettings/add[@key='DataFileName']/@value</xpath>
          <value>${DataFileName}</value>
        </nodeChange>
        <nodeChange action="update">
          <xpath>/configuration/appSettings/add[@key='FlushDataToFilesBatchSize']/@value</xpath>
          <value>${FlushDataToFilesBatchSize}</value>
        </nodeChange>
        <nodeChange action="update">
          <xpath>/configuration/appSettings/add[@key='HangfireWorkerCount']/@value</xpath>
          <value>${HangfireWorkerCount}</value>
        </nodeChange>
        <nodeChange action="update">
          <xpath>/configuration/appSettings/add[@key='UserToRecordAs']/@value</xpath>
          <value>${UserToRecordAgainst}</value>
        </nodeChange>
        <nodeChange action="update">
          <xpath>/configuration/appSettings/add[@key='LogServiceUrl']/@value</xpath>
          <value>${LogServiceUrl}</value>
        </nodeChange>
        <nodeChange action="update">
          <xpath>/configuration/appSettings/add[@key='EventLogServiceName']/@value</xpath>
          <value>${EventLogServiceName}</value>
        </nodeChange>
        <nodeChange action="update">
          <xpath>/configuration/appSettings/add[@key='serilog:write-to:EventLog.source']/@value</xpath>
          <value>${EventLogServiceName}</value>
        </nodeChange>
        <nodeChange action="update">
          <xpath>/configuration/appSettings/add[@key='UserToRecordAgainst']/@value</xpath>
          <value>${UserToRecordAgainst}</value>
        </nodeChange>
        <nodeChange action="update">
          <xpath>/configuration/appSettings/add[@key='serilog:write-to:File.path']/@value</xpath>
          <value>${LogFilePath}</value>
        </nodeChange>
        <nodeChange action="update">
          <xpath>/configuration/appSettings/add[@key='RESTAPIPort']/@value</xpath>
          <value>${RESTAPIPort}</value>
        </nodeChange>
        <nodeChange action="update">
          <xpath>/configuration/appSettings/add[@key='UseCertificateForSSL']/@value</xpath>
          <value>${UseCertificateForSSL}</value>
        </nodeChange>
        <nodeChange action="update">
          <xpath>/configuration/appSettings/add[@key='CertificateSubject']/@value</xpath>
          <value>${CertificateSubject}</value>
        </nodeChange>
        <!-- Database Setup -->
        <nodeChange action="update">
          <xpath>/configuration/connectionStrings/add[@name='OutboundCorroGen']/@connectionString</xpath>
          <value regex="(?i:server)\=[^;]*">Server=${DALC_Server}</value>
        </nodeChange>
        <nodeChange action="update">
          <xpath>/configuration/connectionStrings/add[@name='OutboundCorroGen']/@connectionString</xpath>
          <value regex="(?i:database)\=[^;]*">database=${DALC_Database}</value>
        </nodeChange>
        <nodeChange action="update">
          <xpath>/configuration/connectionStrings/add[@name='OutboundCorroGen']/@connectionString</xpath>
          <value regex="(?i:Application Name)\=[^;]*">Application Name=${DBConnectionApplicationName}</value>
        </nodeChange>
        <nodeChange action="update">
          <xpath>/configuration/connectionStrings/add[@name='Hangfire']/@connectionString</xpath>
          <value regex="(?i:server)\=[^;]*">Server=${Hangfire_Server}</value>
        </nodeChange>
        <nodeChange action="update">
          <xpath>/configuration/connectionStrings/add[@name='Hangfire']/@connectionString</xpath>
          <value regex="(?i:database)\=[^;]*">database=${Hangfire_Database}</value>
        </nodeChange>
        <nodeChange action="update">
          <xpath>/configuration/connectionStrings/add[@name='Hangfire']/@connectionString</xpath>
          <value regex="(?i:Application Name)\=[^;]*">Application Name=${DBConnectionApplicationName}</value>
        </nodeChange>
      </nodeChanges>
    </configurationChange>
  </configurationChanges>
  <textfiles>
    <textfile action="install">
      <filename>${TargetDir}\DCS.Scheduling.DataRetrieve\DCS.Composition.Services.DataRetrieve.AppDynamicsConfig.json</filename>
      <substitution>
        <targetstring regex="true">("host":)(.*)</targetstring>
        <newstring>"host": "${AppDynamics_Host}",</newstring>
      </substitution>
      <substitution>
        <targetstring regex="true">("port":)(.*)</targetstring>
        <newstring>"port": ${AppDynamics_Port},</newstring>
      </substitution>
      <substitution>
        <targetstring regex="true">("ssl":)(.*)</targetstring>
        <newstring>"ssl": ${AppDynamics_SSL},</newstring>
      </substitution>
      <substitution>
        <targetstring regex="true">("enable_tls12":)(.*)</targetstring>
        <newstring>"enable_tls12": ${AppDynamics_EnableTls},</newstring>
      </substitution>
      <substitution>
        <targetstring regex="true">("account":)(.*)</targetstring>
        <newstring>"account": "${AppDynamics_Account}",</newstring>
      </substitution>
      <substitution>
        <targetstring regex="true">("password":)(.*)</targetstring>
        <newstring>"password": "${AppDynamics_Password}",</newstring>
      </substitution>
      <substitution>
        <targetstring regex="true">("name":)(.*)</targetstring>
        <newstring>"name": "${AppDynamics_Name}",</newstring>
      </substitution>
      <substitution>
        <targetstring regex="true">("tier":)(.*)</targetstring>
        <newstring>"tier": "${AppDynamics_Tier}",</newstring>
      </substitution>
    </textfile>
  </textfiles>
</configuration>