<?xml version="1.0" encoding="utf-8"?>
<!-- ******************************************************* -->
<!-- !!!!! NEVER UPDATE THIS ENVIRONMENT FILE DIRECTLY !!!!! -->
<!--                                                         -->
<!-- ALWAYS use the Excel environment file editor to update  -->
<!-- and then generate the environment file.                 -->
<!-- ******************************************************* -->
<environments applicationName="DataRetrieve" roleName="DataRetrieve=WinSvc" securityCode="14812">
    <environment key="Cloud - MyMachine - Default" remoteDeploymentGroupName="" remoteDeploymentServers="">
        <group key="Deployment">
            <parameter key="Environment"></parameter>
            <parameter key="Domain"></parameter>
            <parameter key="Level"></parameter>
            <parameter key="Network"></parameter>
            <parameter key="winServiceIdentity"></parameter>
            <parameter key="SharedFolderServiceIdentity"></parameter>
            <parameter key="EventLogServiceName">DCS${InstanceKey}.Composition.Services.DataRetrieve</parameter>
            <parameter key="LogFilePath">\\fileshare${Network}.dcs.${Domain}\${Level}\${Environment}\ServiceLogs\composition.dataretrieve-.log</parameter>
            <parameter key="RESTAPIPort"></parameter>
            <parameter key="LogServicePort"></parameter>
            <parameter key="LogServiceUrl"></parameter>
            <parameter key="UserToRecordAs">CPDr${InstanceKey}</parameter>
            <parameter key="UserToRecordAgainst">CPDr${InstanceKey}</parameter>
            <parameter key="DALC_Server">outboundDatabase${Level}.dcs.${Domain},61301</parameter>
            <parameter key="DALC_Database">Outbound${Environment}</parameter>
            <parameter key="Hangfire_Server">designDatabase${Level}.dcs.${Domain},61301</parameter>
            <parameter key="Hangfire_Database">HangfireComposition${Environment}</parameter>
        </group>
        <group key="General">
            <parameter key="ScheduledTaskIdentity">${winServiceIdentity}</parameter>
            <parameter key="Create_ScheduledTask">TRUE</parameter>
            <parameter key="TemplatesConfigPath">${targetdir}\DCS.Scheduling.DataRetrieve\templates.config</parameter>
            <parameter key="UseCertificateForSSL">true</parameter>
            <parameter key="CertificateSubject">*.dcs.${Domain}</parameter>
            <parameter key="CustomersNamespace">http://www.ato.gov.au/Subjects/EAI/2005/09/ATOCanonical</parameter>
            <parameter key="RelativeJobLogFileLocation">LOGS</parameter>
            <parameter key="DriverFileName">driver.xml</parameter>
            <parameter key="DataFileName">Data.csv</parameter>
            <parameter key="FlushDataToFilesBatchSize">1000</parameter>
            <parameter key="HangfireWorkerCount">50</parameter>
            <parameter key="DBConnectionApplicationName">DCS.Composition.Services.DataRetrieve</parameter>
        </group>
        <group key="AppDynamics">
            <parameter key="AppDynamics_Host">appdagents</parameter>
            <parameter key="AppDynamics_Port">8090</parameter>
            <parameter key="AppDynamics_SSL">false</parameter>
            <parameter key="AppDynamics_EnableTls">false</parameter>
            <parameter key="AppDynamics_Tier">ModernApp - DCS.Composition.Services.DataRetrieve</parameter>
            <parameter key="AppDynamics_Enabled">0</parameter>
            <parameter key="AppDynamics_Account"></parameter>
            <parameter key="AppDynamics_Password"></parameter>
            <parameter key="AppDynamics_Name"></parameter>
        </group>
        <instance key="DEA">
            <parameter key="Environment">DEA</parameter>
            <parameter key="Domain">devtest.atohdtnet.gov.au</parameter>
            <parameter key="Level">DE</parameter>
            <parameter key="Network">DT</parameter>
            <parameter key="winServiceIdentity">DEVTEST\SVC_DCSCORRES_DE</parameter>
            <parameter key="SharedFolderServiceIdentity">DevTest\SVC_DCSCORRES_DE</parameter>
            <parameter key="RESTAPIPort">19001</parameter>
            <parameter key="LogServicePort">27001</parameter>
            <parameter key="LogServiceUrl">https://modernApplication${Level}.dcs.${Domain}:${LogServicePort}/api/DCSLogger/LogMessage</parameter>
            <parameter key="CertificateSubject">dcs devtest atohdtnet ${Level} Level Certificate</parameter>
        </instance>
        <instance key="DEB">
            <parameter key="Environment">DEB</parameter>
            <parameter key="Domain">devtest.atohdtnet.gov.au</parameter>
            <parameter key="Level">DE</parameter>
            <parameter key="Network">DT</parameter>
            <parameter key="winServiceIdentity">DEVTEST\SVC_DCSCORRES_DE</parameter>
            <parameter key="SharedFolderServiceIdentity">DevTest\SVC_DCSCORRES_DE</parameter>
            <parameter key="RESTAPIPort">19002</parameter>
            <parameter key="LogServicePort">27002</parameter>
            <parameter key="LogServiceUrl">https://modernApplication${Level}.dcs.${Domain}:${LogServicePort}/api/DCSLogger/LogMessage</parameter>
            <parameter key="CertificateSubject">dcs devtest atohdtnet ${Level} Level Certificate</parameter>
        </instance>
        <instance key="DEE">
            <parameter key="Environment">DEE</parameter>
            <parameter key="Domain">devtest.atohdtnet.gov.au</parameter>
            <parameter key="Level">DE</parameter>
            <parameter key="Network">DT</parameter>
            <parameter key="winServiceIdentity">DEVTEST\SVC_DCSCORRES_DE</parameter>
            <parameter key="SharedFolderServiceIdentity">DevTest\SVC_DCSCORRES_DE</parameter>
            <parameter key="RESTAPIPort">19005</parameter>
            <parameter key="LogServicePort">27005</parameter>
            <parameter key="LogServiceUrl">https://modernApplication${Level}.dcs.${Domain}:${LogServicePort}/api/DCSLogger/LogMessage</parameter>
            <parameter key="CertificateSubject">dcs devtest atohdtnet ${Level} Level Certificate</parameter>
        </instance>
        <instance key="DEH">
            <parameter key="Environment">DEH</parameter>
            <parameter key="Domain">devtest.atohdtnet.gov.au</parameter>
            <parameter key="Level">DE</parameter>
            <parameter key="Network">DT</parameter>
            <parameter key="winServiceIdentity">DEVTEST\SVC_DCSCORRES_DE</parameter>
            <parameter key="SharedFolderServiceIdentity">DevTest\SVC_DCSCORRES_DE</parameter>
            <parameter key="RESTAPIPort">19008</parameter>
            <parameter key="LogServicePort">27008</parameter>
            <parameter key="LogServiceUrl">https://modernApplication${Level}.dcs.${Domain}:${LogServicePort}/api/DCSLogger/LogMessage</parameter>
            <parameter key="CertificateSubject">dcs devtest atohdtnet ${Level} Level Certificate</parameter>
        </instance>
        <instance key="DEI">
            <parameter key="Environment">DEI</parameter>
            <parameter key="Domain">devtest.atohdtnet.gov.au</parameter>
            <parameter key="Level">DE</parameter>
            <parameter key="Network">DT</parameter>
            <parameter key="winServiceIdentity">DEVTEST\SVC_DCSCORRES_DE</parameter>
            <parameter key="SharedFolderServiceIdentity">DevTest\SVC_DCSCORRES_DE</parameter>
            <parameter key="RESTAPIPort">19009</parameter>
            <parameter key="LogServicePort">27009</parameter>
            <parameter key="LogServiceUrl">https://modernApplication${Level}.dcs.${Domain}:${LogServicePort}/api/DCSLogger/LogMessage</parameter>
            <parameter key="CertificateSubject">dcs devtest atohdtnet ${Level} Level Certificate</parameter>
        </instance>
        <instance key="DEK">
            <parameter key="Environment">DEK</parameter>
            <parameter key="Domain">devtest.atohdtnet.gov.au</parameter>
            <parameter key="Level">DE</parameter>
            <parameter key="Network">DT</parameter>
            <parameter key="winServiceIdentity">DEVTEST\SVC_DCSCORRES_DE</parameter>
            <parameter key="SharedFolderServiceIdentity">DevTest\SVC_DCSCORRES_DE</parameter>
            <parameter key="RESTAPIPort">19011</parameter>
            <parameter key="LogServicePort">27011</parameter>
            <parameter key="LogServiceUrl">https://modernApplication${Level}.dcs.${Domain}:${LogServicePort}/api/DCSLogger/LogMessage</parameter>
            <parameter key="CertificateSubject">dcs devtest atohdtnet ${Level} Level Certificate</parameter>
        </instance>
        <instance key="DEM">
            <parameter key="Environment">DEM</parameter>
            <parameter key="Domain">devtest.atohdtnet.gov.au</parameter>
            <parameter key="Level">DE</parameter>
            <parameter key="Network">DT</parameter>
            <parameter key="winServiceIdentity">DEVTEST\SVC_DCSCORRES_DE</parameter>
            <parameter key="SharedFolderServiceIdentity">DevTest\SVC_DCSCORRES_DE</parameter>
            <parameter key="RESTAPIPort">19013</parameter>
            <parameter key="LogServicePort">27013</parameter>
            <parameter key="LogServiceUrl">https://modernApplicationDEM.dcs.${Domain}:27013/api/DCSLogger/LogMessage</parameter>
            <parameter key="CertificateSubject">dcs devtest atohdtnet ${Level} Level Certificate</parameter>
        </instance>
        <instance key="DEQ">
            <parameter key="Environment">DEQ</parameter>
            <parameter key="Domain">devtest.atohdtnet.gov.au</parameter>
            <parameter key="Level">DE</parameter>
            <parameter key="Network">DT</parameter>
            <parameter key="winServiceIdentity">DEVTEST\SVC_DCSCORRES_DE</parameter>
            <parameter key="SharedFolderServiceIdentity">DevTest\SVC_DCSCORRES_DE</parameter>
            <parameter key="RESTAPIPort">19017</parameter>
            <parameter key="LogServicePort">27017</parameter>
            <parameter key="LogServiceUrl">https://modernApplication${Level}.dcs.${Domain}:${LogServicePort}/api/DCSLogger/LogMessage</parameter>
            <parameter key="CertificateSubject">dcs devtest atohdtnet ${Level} Level Certificate</parameter>
        </instance>
        <instance key="DEW">
            <parameter key="Environment">DEW</parameter>
            <parameter key="Domain">devtest.atohdtnet.gov.au</parameter>
            <parameter key="Level">DE</parameter>
            <parameter key="Network">DT</parameter>
            <parameter key="winServiceIdentity">DEVTEST\SVC_DCSCORRES_DE</parameter>
            <parameter key="SharedFolderServiceIdentity">DevTest\SVC_DCSCORRES_DE</parameter>
            <parameter key="RESTAPIPort">19023</parameter>
            <parameter key="LogServicePort">27023</parameter>
            <parameter key="LogServiceUrl">https://modernApplication${Level}.dcs.${Domain}:${LogServicePort}/api/DCSLogger/LogMessage</parameter>
            <parameter key="CertificateSubject">dcs devtest atohdtnet ${Level} Level Certificate</parameter>
        </instance>
        <instance key="ATA">
            <parameter key="Environment">ATA</parameter>
            <parameter key="Domain">devtest.atohdtnet.gov.au</parameter>
            <parameter key="Level">AT</parameter>
            <parameter key="Network">DT</parameter>
            <parameter key="winServiceIdentity">DEVTEST\SVC_DCSCORRES_AT</parameter>
            <parameter key="SharedFolderServiceIdentity">DevTest\SVC_DCSCORRES_AT</parameter>
            <parameter key="RESTAPIPort">19101</parameter>
            <parameter key="LogServicePort">27101</parameter>
            <parameter key="LogServiceUrl">https://modernApplication${Level}.dcs.${Domain}:${LogServicePort}/api/DCSLogger/LogMessage</parameter>
            <parameter key="CertificateSubject">dcs devtest atohdtnet ${Level} Level Certificate</parameter>
        </instance>
        <instance key="ATB">
            <parameter key="Environment">ATB</parameter>
            <parameter key="Domain">devtest.atohdtnet.gov.au</parameter>
            <parameter key="Level">AT</parameter>
            <parameter key="Network">DT</parameter>
            <parameter key="winServiceIdentity">DEVTEST\SVC_DCSCORRES_AT</parameter>
            <parameter key="SharedFolderServiceIdentity">DevTest\SVC_DCSCORRES_AT</parameter>
            <parameter key="RESTAPIPort">19102</parameter>
            <parameter key="LogServicePort">27102</parameter>
            <parameter key="LogServiceUrl">https://modernApplication${Level}.dcs.${Domain}:${LogServicePort}/api/DCSLogger/LogMessage</parameter>
            <parameter key="CertificateSubject">dcs devtest atohdtnet ${Level} Level Certificate</parameter>
        </instance>
        <instance key="ATG">
            <parameter key="Environment">ATG</parameter>
            <parameter key="Domain">devtest.atohdtnet.gov.au</parameter>
            <parameter key="Level">AT</parameter>
            <parameter key="Network">DT</parameter>
            <parameter key="winServiceIdentity">DEVTEST\SVC_DCSCORRES_AT</parameter>
            <parameter key="SharedFolderServiceIdentity">DevTest\SVC_DCSCORRES_AT</parameter>
            <parameter key="RESTAPIPort">19107</parameter>
            <parameter key="LogServicePort">27107</parameter>
            <parameter key="LogServiceUrl">https://modernApplication${Level}.dcs.${Domain}:${LogServicePort}/api/DCSLogger/LogMessage</parameter>
            <parameter key="CertificateSubject">dcs devtest atohdtnet ${Level} Level Certificate</parameter>
        </instance>
        <instance key="ATH">
            <parameter key="Environment">ATH</parameter>
            <parameter key="Domain">devtest.atohdtnet.gov.au</parameter>
            <parameter key="Level">AT</parameter>
            <parameter key="Network">DT</parameter>
            <parameter key="winServiceIdentity">DEVTEST\SVC_DCSCORRES_AT</parameter>
            <parameter key="SharedFolderServiceIdentity">DevTest\SVC_DCSCORRES_AT</parameter>
            <parameter key="RESTAPIPort">19108</parameter>
            <parameter key="LogServicePort">27108</parameter>
            <parameter key="LogServiceUrl">https://modernApplication${Level}.dcs.${Domain}:${LogServicePort}/api/DCSLogger/LogMessage</parameter>
            <parameter key="CertificateSubject">dcs devtest atohdtnet ${Level} Level Certificate</parameter>
        </instance>
        <instance key="ATJ">
            <parameter key="Environment">ATJ</parameter>
            <parameter key="Domain">devtest.atohdtnet.gov.au</parameter>
            <parameter key="Level">AT</parameter>
            <parameter key="Network">DT</parameter>
            <parameter key="winServiceIdentity">DEVTEST\SVC_DCSCORRES_AT</parameter>
            <parameter key="SharedFolderServiceIdentity">DevTest\SVC_DCSCORRES_AT</parameter>
            <parameter key="RESTAPIPort">19110</parameter>
            <parameter key="LogServicePort">27110</parameter>
            <parameter key="LogServiceUrl">https://modernApplication${Level}.dcs.${Domain}:${LogServicePort}/api/DCSLogger/LogMessage</parameter>
            <parameter key="CertificateSubject">dcs devtest atohdtnet ${Level} Level Certificate</parameter>
        </instance>
        <instance key="ATL">
            <parameter key="Environment">ATL</parameter>
            <parameter key="Domain">devtest.atohdtnet.gov.au</parameter>
            <parameter key="Level">AT</parameter>
            <parameter key="Network">DT</parameter>
            <parameter key="winServiceIdentity">DEVTEST\SVC_DCSCORRES_AT</parameter>
            <parameter key="SharedFolderServiceIdentity">DevTest\SVC_DCSCORRES_AT</parameter>
            <parameter key="RESTAPIPort">19112</parameter>
            <parameter key="LogServicePort">27112</parameter>
            <parameter key="LogServiceUrl">https://modernApplication${Level}.dcs.${Domain}:${LogServicePort}/api/DCSLogger/LogMessage</parameter>
            <parameter key="CertificateSubject">dcs devtest atohdtnet ${Level} Level Certificate</parameter>
        </instance>
        <instance key="ATM">
            <parameter key="Environment">ATM</parameter>
            <parameter key="Domain">devtest.atohdtnet.gov.au</parameter>
            <parameter key="Level">AT</parameter>
            <parameter key="Network">DT</parameter>
            <parameter key="winServiceIdentity">DEVTEST\SVC_DCSCORRES_AT</parameter>
            <parameter key="SharedFolderServiceIdentity">DevTest\SVC_DCSCORRES_AT</parameter>
            <parameter key="RESTAPIPort">19113</parameter>
            <parameter key="LogServicePort">27113</parameter>
            <parameter key="LogServiceUrl">https://modernApplicationATM.dcs.${Domain}:27113/api/DCSLogger/LogMessage</parameter>
            <parameter key="CertificateSubject">dcs devtest atohdtnet ${Level} Level Certificate</parameter>
        </instance>
        <instance key="ATN">
            <parameter key="Environment">ATN</parameter>
            <parameter key="Domain">devtest.atohdtnet.gov.au</parameter>
            <parameter key="Level">AT</parameter>
            <parameter key="Network">DT</parameter>
            <parameter key="winServiceIdentity">DEVTEST\SVC_DCSCORRES_AT</parameter>
            <parameter key="SharedFolderServiceIdentity">DevTest\SVC_DCSCORRES_AT</parameter>
            <parameter key="RESTAPIPort">19114</parameter>
            <parameter key="LogServicePort">27114</parameter>
            <parameter key="LogServiceUrl">https://modernApplication${Level}.dcs.${Domain}:${LogServicePort}/api/DCSLogger/LogMessage</parameter>
            <parameter key="CertificateSubject">dcs devtest atohdtnet ${Level} Level Certificate</parameter>
        </instance>
        <instance key="ATQ">
            <parameter key="Environment">ATQ</parameter>
            <parameter key="Domain">devtest.atohdtnet.gov.au</parameter>
            <parameter key="Level">AT</parameter>
            <parameter key="Network">DT</parameter>
            <parameter key="winServiceIdentity">DEVTEST\SVC_DCSCORRES_AT</parameter>
            <parameter key="SharedFolderServiceIdentity">DevTest\SVC_DCSCORRES_AT</parameter>
            <parameter key="RESTAPIPort">19117</parameter>
            <parameter key="LogServicePort">27117</parameter>
            <parameter key="LogServiceUrl">https://modernApplicationATM.dcs.${Domain}:27113/api/DCSLogger/LogMessage</parameter>
            <parameter key="CertificateSubject">dcs devtest atohdtnet ${Level} Level Certificate</parameter>
        </instance>
        <instance key="PTA">
            <parameter key="Environment">PTA</parameter>
            <parameter key="Domain">devtest.atohdtnet.gov.au</parameter>
            <parameter key="Level">PT</parameter>
            <parameter key="Network">DT</parameter>
            <parameter key="winServiceIdentity">DEVTEST\SVC_DCSCORRES_PT</parameter>
            <parameter key="SharedFolderServiceIdentity">DevTest\SVC_DCSCORRES_PT</parameter>
            <parameter key="RESTAPIPort">19201</parameter>
            <parameter key="LogServicePort">27201</parameter>
            <parameter key="LogServiceUrl">https://modernApplication${Level}.dcs.${Domain}:${LogServicePort}/api/DCSLogger/LogMessage</parameter>
            <parameter key="CertificateSubject">dcs devtest atohdtnet ${Level} Level Certificate</parameter>
        </instance>
        <instance key="PTB">
            <parameter key="Environment">PTB</parameter>
            <parameter key="Domain">devtest.atohdtnet.gov.au</parameter>
            <parameter key="Level">PT</parameter>
            <parameter key="Network">DT</parameter>
            <parameter key="winServiceIdentity">DEVTEST\SVC_DCSCORRES_PT</parameter>
            <parameter key="SharedFolderServiceIdentity">DevTest\SVC_DCSCORRES_PT</parameter>
            <parameter key="RESTAPIPort">19202</parameter>
            <parameter key="LogServicePort">27202</parameter>
            <parameter key="LogServiceUrl">https://modernApplication${Level}.dcs.${Domain}:${LogServicePort}/api/DCSLogger/LogMessage</parameter>
            <parameter key="CertificateSubject">dcs devtest atohdtnet ${Level} Level Certificate</parameter>
        </instance>
        <instance key="PTE">
            <parameter key="Environment">PTE</parameter>
            <parameter key="Domain">devtest.atohdtnet.gov.au</parameter>
            <parameter key="Level">PT</parameter>
            <parameter key="Network">DT</parameter>
            <parameter key="winServiceIdentity">DEVTEST\SVC_DCSCORRES_PT</parameter>
            <parameter key="SharedFolderServiceIdentity">DevTest\SVC_DCSCORRES_PT</parameter>
            <parameter key="RESTAPIPort">19205</parameter>
            <parameter key="LogServicePort">27205</parameter>
            <parameter key="LogServiceUrl">https://modernApplication${Level}.dcs.${Domain}:${LogServicePort}/api/DCSLogger/LogMessage</parameter>
            <parameter key="CertificateSubject">dcs devtest atohdtnet ${Level} Level Certificate</parameter>
        </instance>
        <instance key="PTF">
            <parameter key="Environment">PTF</parameter>
            <parameter key="Domain">devtest.atohdtnet.gov.au</parameter>
            <parameter key="Level">PT</parameter>
            <parameter key="Network">DT</parameter>
            <parameter key="winServiceIdentity">DEVTEST\SVC_DCSCORRES_PT</parameter>
            <parameter key="SharedFolderServiceIdentity">DevTest\SVC_DCSCORRES_PT</parameter>
            <parameter key="RESTAPIPort">19206</parameter>
            <parameter key="LogServicePort">27206</parameter>
            <parameter key="LogServiceUrl">https://modernApplication${Level}.dcs.${Domain}:${LogServicePort}/api/DCSLogger/LogMessage</parameter>
            <parameter key="CertificateSubject">dcs devtest atohdtnet ${Level} Level Certificate</parameter>
        </instance>
        <instance key="PTG">
            <parameter key="Environment">PTG</parameter>
            <parameter key="Domain">devtest.atohdtnet.gov.au</parameter>
            <parameter key="Level">PT</parameter>
            <parameter key="Network">DT</parameter>
            <parameter key="winServiceIdentity">DEVTEST\SVC_DCSCORRES_PT</parameter>
            <parameter key="SharedFolderServiceIdentity">DevTest\SVC_DCSCORRES_PT</parameter>
            <parameter key="RESTAPIPort">19207</parameter>
            <parameter key="LogServicePort">27207</parameter>
            <parameter key="LogServiceUrl">https://modernApplication${Level}.dcs.${Domain}:${LogServicePort}/api/DCSLogger/LogMessage</parameter>
            <parameter key="CertificateSubject">dcs devtest atohdtnet ${Level} Level Certificate</parameter>
        </instance>
        <instance key="PTH">
            <parameter key="Environment">PTH</parameter>
            <parameter key="Domain">devtest.atohdtnet.gov.au</parameter>
            <parameter key="Level">PT</parameter>
            <parameter key="Network">DT</parameter>
            <parameter key="winServiceIdentity">DEVTEST\SVC_DCSCORRES_PT</parameter>
            <parameter key="SharedFolderServiceIdentity">DevTest\SVC_DCSCORRES_PT</parameter>
            <parameter key="RESTAPIPort">19208</parameter>
            <parameter key="LogServicePort">27208</parameter>
            <parameter key="LogServiceUrl">https://modernApplication${Level}.dcs.${Domain}:${LogServicePort}/api/DCSLogger/LogMessage</parameter>
            <parameter key="CertificateSubject">dcs devtest atohdtnet ${Level} Level Certificate</parameter>
        </instance>
        <instance key="PTI">
            <parameter key="Environment">PTI</parameter>
            <parameter key="Domain">devtest.atohdtnet.gov.au</parameter>
            <parameter key="Level">PT</parameter>
            <parameter key="Network">DT</parameter>
            <parameter key="winServiceIdentity">DEVTEST\SVC_DCSCORRES_PT</parameter>
            <parameter key="SharedFolderServiceIdentity">DevTest\SVC_DCSCORRES_PT</parameter>
            <parameter key="RESTAPIPort">19209</parameter>
            <parameter key="LogServicePort">27209</parameter>
            <parameter key="LogServiceUrl">https://modernApplication${Level}.dcs.${Domain}:${LogServicePort}/api/DCSLogger/LogMessage</parameter>
            <parameter key="CertificateSubject">dcs devtest atohdtnet ${Level} Level Certificate</parameter>
        </instance>
        <instance key="PTJ">
            <parameter key="Environment">PTJ</parameter>
            <parameter key="Domain">devtest.atohdtnet.gov.au</parameter>
            <parameter key="Level">PT</parameter>
            <parameter key="Network">DT</parameter>
            <parameter key="winServiceIdentity">DEVTEST\SVC_DCSCORRES_PT</parameter>
            <parameter key="SharedFolderServiceIdentity">DevTest\SVC_DCSCORRES_PT</parameter>
            <parameter key="RESTAPIPort">19210</parameter>
            <parameter key="LogServicePort">27210</parameter>
            <parameter key="LogServiceUrl">https://modernApplication${Level}.dcs.${Domain}:${LogServicePort}/api/DCSLogger/LogMessage</parameter>
            <parameter key="CertificateSubject">dcs devtest atohdtnet ${Level} Level Certificate</parameter>
        </instance>
        <instance key="PTK">
            <parameter key="Environment">PTK</parameter>
            <parameter key="Domain">devtest.atohdtnet.gov.au</parameter>
            <parameter key="Level">PT</parameter>
            <parameter key="Network">DT</parameter>
            <parameter key="winServiceIdentity">DEVTEST\SVC_DCSCORRES_PT</parameter>
            <parameter key="SharedFolderServiceIdentity">DevTest\SVC_DCSCORRES_PT</parameter>
            <parameter key="RESTAPIPort">19211</parameter>
            <parameter key="LogServicePort">27211</parameter>
            <parameter key="LogServiceUrl">https://modernApplication${Level}.dcs.${Domain}:${LogServicePort}/api/DCSLogger/LogMessage</parameter>
            <parameter key="CertificateSubject">dcs devtest atohdtnet ${Level} Level Certificate</parameter>
        </instance>
        <instance key="PTM">
            <parameter key="Environment">PTM</parameter>
            <parameter key="Domain">devtest.atohdtnet.gov.au</parameter>
            <parameter key="Level">PT</parameter>
            <parameter key="Network">DT</parameter>
            <parameter key="winServiceIdentity">DEVTEST\SVC_DCSCORRES_PT</parameter>
            <parameter key="SharedFolderServiceIdentity">DevTest\SVC_DCSCORRES_PT</parameter>
            <parameter key="RESTAPIPort">19213</parameter>
            <parameter key="LogServicePort">27213</parameter>
            <parameter key="LogServiceUrl">https://modernApplication${Level}.dcs.${Domain}:${LogServicePort}/api/DCSLogger/LogMessage</parameter>
            <parameter key="CertificateSubject">dcs devtest atohdtnet ${Level} Level Certificate</parameter>
        </instance>
        <instance key="PTQ">
            <parameter key="Environment">PTQ</parameter>
            <parameter key="Domain">devtest.atohdtnet.gov.au</parameter>
            <parameter key="Level">PT</parameter>
            <parameter key="Network">DT</parameter>
            <parameter key="winServiceIdentity">DEVTEST\SVC_DCSCORRES_PT</parameter>
            <parameter key="SharedFolderServiceIdentity">DevTest\SVC_DCSCORRES_PT</parameter>
            <parameter key="RESTAPIPort">19217</parameter>
            <parameter key="LogServicePort">27217</parameter>
            <parameter key="LogServiceUrl">https://modernApplication${Level}.dcs.${Domain}:${LogServicePort}/api/DCSLogger/LogMessage</parameter>
            <parameter key="CertificateSubject">dcs devtest atohdtnet ${Level} Level Certificate</parameter>
        </instance>
        <instance key="PTR">
            <parameter key="Environment">PTR</parameter>
            <parameter key="Domain">devtest.atohdtnet.gov.au</parameter>
            <parameter key="Level">PT</parameter>
            <parameter key="Network">DT</parameter>
            <parameter key="winServiceIdentity">DEVTEST\SVC_DCSCORRES_PT</parameter>
            <parameter key="SharedFolderServiceIdentity">DevTest\SVC_DCSCORRES_PT</parameter>
            <parameter key="RESTAPIPort">19218</parameter>
            <parameter key="LogServicePort">27218</parameter>
            <parameter key="LogServiceUrl">https://modernApplication${Level}.dcs.${Domain}:${LogServicePort}/api/DCSLogger/LogMessage</parameter>
            <parameter key="CertificateSubject">dcs devtest atohdtnet ${Level} Level Certificate</parameter>
        </instance>
        <instance key="PTW">
            <parameter key="Environment">PTW</parameter>
            <parameter key="Domain">devtest.atohdtnet.gov.au</parameter>
            <parameter key="Level">PT</parameter>
            <parameter key="Network">DT</parameter>
            <parameter key="winServiceIdentity">DEVTEST\SVC_DCSCORRES_PT</parameter>
            <parameter key="SharedFolderServiceIdentity">DevTest\SVC_DCSCORRES_PT</parameter>
            <parameter key="RESTAPIPort">19223</parameter>
            <parameter key="LogServicePort">27223</parameter>
            <parameter key="LogServiceUrl">https://modernApplication${Level}.dcs.${Domain}:${LogServicePort}/api/DCSLogger/LogMessage</parameter>
            <parameter key="CertificateSubject">dcs devtest atohdtnet ${Level} Level Certificate</parameter>
        </instance>
        <instance key="PFB1">
            <parameter key="Environment">PFB</parameter>
            <parameter key="Domain">preprod.atohppnet.gov.au</parameter>
            <parameter key="Level">PF</parameter>
            <parameter key="Network">PP</parameter>
            <parameter key="winServiceIdentity">PREPRODHPPNET\SVC_DCSCORRES_PF</parameter>
            <parameter key="SharedFolderServiceIdentity">PREPRODHPPNET\SVC_DCSCORRES_PF</parameter>
            <parameter key="RESTAPIPort">19302</parameter>
            <parameter key="LogServicePort">27302</parameter>
            <parameter key="Hangfire_Server">hangfireDatabase${Level}.dcs.${Domain},61301</parameter>
            <parameter key="DBConnectionApplicationName">DCS.Composition.Services.DataRetrieve.${InstanceKey}</parameter>
            <parameter key="AppDynamics_Enabled">1</parameter>
            <parameter key="AppDynamics_Account">customer1</parameter>
            <parameter key="AppDynamics_Password">8cfcf9e4-a35c-4b8e-aed2-8e1c69efc4e6</parameter>
            <parameter key="AppDynamics_Name">DCS - PF</parameter>
        </instance>
        <instance key="PFB2">
            <parameter key="Environment">PFB</parameter>
            <parameter key="Domain">preprod.atohppnet.gov.au</parameter>
            <parameter key="Level">PF</parameter>
            <parameter key="Network">PP</parameter>
            <parameter key="winServiceIdentity">PREPRODHPPNET\SVC_DCSCORRES_PF</parameter>
            <parameter key="SharedFolderServiceIdentity">PREPRODHPPNET\SVC_DCSCORRES_PF</parameter>
            <parameter key="RESTAPIPort">19302</parameter>
            <parameter key="LogServicePort">27302</parameter>
            <parameter key="Hangfire_Server">hangfireDatabase${Level}.dcs.${Domain},61301</parameter>
            <parameter key="DBConnectionApplicationName">DCS.Composition.Services.DataRetrieve.${InstanceKey}</parameter>
            <parameter key="AppDynamics_Enabled">1</parameter>
            <parameter key="AppDynamics_Account">customer1</parameter>
            <parameter key="AppDynamics_Password">8cfcf9e4-a35c-4b8e-aed2-8e1c69efc4e6</parameter>
            <parameter key="AppDynamics_Name">DCS - PF</parameter>
        </instance>
        <instance key="PFB3">
            <parameter key="Environment">PFB</parameter>
            <parameter key="Domain">preprod.atohppnet.gov.au</parameter>
            <parameter key="Level">PF</parameter>
            <parameter key="Network">PP</parameter>
            <parameter key="winServiceIdentity">PREPRODHPPNET\SVC_DCSCORRES_PF</parameter>
            <parameter key="SharedFolderServiceIdentity">PREPRODHPPNET\SVC_DCSCORRES_PF</parameter>
            <parameter key="RESTAPIPort">19302</parameter>
            <parameter key="LogServicePort">27302</parameter>
            <parameter key="Hangfire_Server">hangfireDatabase${Level}.dcs.${Domain},61301</parameter>
            <parameter key="DBConnectionApplicationName">DCS.Composition.Services.DataRetrieve.${InstanceKey}</parameter>
            <parameter key="AppDynamics_Enabled">1</parameter>
            <parameter key="AppDynamics_Account">customer1</parameter>
            <parameter key="AppDynamics_Password">8cfcf9e4-a35c-4b8e-aed2-8e1c69efc4e6</parameter>
            <parameter key="AppDynamics_Name">DCS - PF</parameter>
        </instance>
        <instance key="PFE1">
            <parameter key="Environment">PFE</parameter>
            <parameter key="Domain">preprod.atohppnet.gov.au</parameter>
            <parameter key="Level">PF</parameter>
            <parameter key="Network">PP</parameter>
            <parameter key="winServiceIdentity">PREPRODHPPNET\SVC_DCSCORRES_PF</parameter>
            <parameter key="SharedFolderServiceIdentity">PREPRODHPPNET\SVC_DCSCORRES_PF</parameter>
            <parameter key="RESTAPIPort">19305</parameter>
            <parameter key="LogServicePort">27305</parameter>
            <parameter key="Hangfire_Server">hangfireDatabase${Level}.dcs.${Domain},61301</parameter>
            <parameter key="DBConnectionApplicationName">DCS.Composition.Services.DataRetrieve.${InstanceKey}</parameter>
            <parameter key="AppDynamics_Enabled">1</parameter>
            <parameter key="AppDynamics_Account">customer1</parameter>
            <parameter key="AppDynamics_Password">8cfcf9e4-a35c-4b8e-aed2-8e1c69efc4e6</parameter>
            <parameter key="AppDynamics_Name">DCS - PF</parameter>
        </instance>
        <instance key="PFE2">
            <parameter key="Environment">PFE</parameter>
            <parameter key="Domain">preprod.atohppnet.gov.au</parameter>
            <parameter key="Level">PF</parameter>
            <parameter key="Network">PP</parameter>
            <parameter key="winServiceIdentity">PREPRODHPPNET\SVC_DCSCORRES_PF</parameter>
            <parameter key="SharedFolderServiceIdentity">PREPRODHPPNET\SVC_DCSCORRES_PF</parameter>
            <parameter key="RESTAPIPort">19305</parameter>
            <parameter key="LogServicePort">27305</parameter>
            <parameter key="Hangfire_Server">hangfireDatabase${Level}.dcs.${Domain},61301</parameter>
            <parameter key="DBConnectionApplicationName">DCS.Composition.Services.DataRetrieve.${InstanceKey}</parameter>
            <parameter key="AppDynamics_Enabled">1</parameter>
            <parameter key="AppDynamics_Account">customer1</parameter>
            <parameter key="AppDynamics_Password">8cfcf9e4-a35c-4b8e-aed2-8e1c69efc4e6</parameter>
            <parameter key="AppDynamics_Name">DCS - PF</parameter>
        </instance>
        <instance key="PFE3">
            <parameter key="Environment">PFE</parameter>
            <parameter key="Domain">preprod.atohppnet.gov.au</parameter>
            <parameter key="Level">PF</parameter>
            <parameter key="Network">PP</parameter>
            <parameter key="winServiceIdentity">PREPRODHPPNET\SVC_DCSCORRES_PF</parameter>
            <parameter key="SharedFolderServiceIdentity">PREPRODHPPNET\SVC_DCSCORRES_PF</parameter>
            <parameter key="RESTAPIPort">19305</parameter>
            <parameter key="LogServicePort">27305</parameter>
            <parameter key="Hangfire_Server">hangfireDatabase${Level}.dcs.${Domain},61301</parameter>
            <parameter key="DBConnectionApplicationName">DCS.Composition.Services.DataRetrieve.${InstanceKey}</parameter>
            <parameter key="AppDynamics_Enabled">1</parameter>
            <parameter key="AppDynamics_Account">customer1</parameter>
            <parameter key="AppDynamics_Password">8cfcf9e4-a35c-4b8e-aed2-8e1c69efc4e6</parameter>
            <parameter key="AppDynamics_Name">DCS - PF</parameter>
        </instance>
        <instance key="EFX1">
            <parameter key="Environment">EFX</parameter>
            <parameter key="Domain">preprod.atohppnet.gov.au</parameter>
            <parameter key="Level">EF</parameter>
            <parameter key="Network">PP</parameter>
            <parameter key="winServiceIdentity">PREPRODHPPNET\SVC_DCSCORRES_EF</parameter>
            <parameter key="SharedFolderServiceIdentity">PREPRODHPPNET\SVC_DCSCORRES_EF</parameter>
            <parameter key="RESTAPIPort">19424</parameter>
            <parameter key="LogServicePort">27424</parameter>
            <parameter key="Hangfire_Server">hangfireDatabase${Level}.dcs.${Domain},61301</parameter>
            <parameter key="DBConnectionApplicationName">DCS.Composition.Services.DataRetrieve.${InstanceKey}</parameter>
        </instance>
        <instance key="EFX2">
            <parameter key="Environment">EFX</parameter>
            <parameter key="Domain">preprod.atohppnet.gov.au</parameter>
            <parameter key="Level">EF</parameter>
            <parameter key="Network">PP</parameter>
            <parameter key="winServiceIdentity">PREPRODHPPNET\SVC_DCSCORRES_EF</parameter>
            <parameter key="SharedFolderServiceIdentity">PREPRODHPPNET\SVC_DCSCORRES_EF</parameter>
            <parameter key="RESTAPIPort">19424</parameter>
            <parameter key="LogServicePort">27424</parameter>
            <parameter key="Hangfire_Server">hangfireDatabase${Level}.dcs.${Domain},61301</parameter>
            <parameter key="DBConnectionApplicationName">DCS.Composition.Services.DataRetrieve.${InstanceKey}</parameter>
        </instance>
        <instance key="EFX3">
            <parameter key="Environment">EFX</parameter>
            <parameter key="Domain">preprod.atohppnet.gov.au</parameter>
            <parameter key="Level">EF</parameter>
            <parameter key="Network">PP</parameter>
            <parameter key="winServiceIdentity">PREPRODHPPNET\SVC_DCSCORRES_EF</parameter>
            <parameter key="SharedFolderServiceIdentity">PREPRODHPPNET\SVC_DCSCORRES_EF</parameter>
            <parameter key="RESTAPIPort">19424</parameter>
            <parameter key="LogServicePort">27424</parameter>
            <parameter key="Hangfire_Server">hangfireDatabase${Level}.dcs.${Domain},61301</parameter>
            <parameter key="DBConnectionApplicationName">DCS.Composition.Services.DataRetrieve.${InstanceKey}</parameter>
        </instance>
        <instance key="UCC1">
            <parameter key="Environment">UCC</parameter>
            <parameter key="Domain">preprod.atohppnet.gov.au</parameter>
            <parameter key="Level">UA</parameter>
            <parameter key="Network">PP</parameter>
            <parameter key="winServiceIdentity">PREPRODHPPNET\SVC_DCSCORRES_UA</parameter>
            <parameter key="SharedFolderServiceIdentity">PREPRODHPPNET\SVC_DCSCORRES_UA</parameter>
            <parameter key="RESTAPIPort">19503</parameter>
            <parameter key="LogServicePort">27503</parameter>
            <parameter key="Hangfire_Server">hangfireDatabase${Level}.dcs.${Domain},61301</parameter>
            <parameter key="DBConnectionApplicationName">DCS.Composition.Services.DataRetrieve.${InstanceKey}</parameter>
        </instance>
        <instance key="UCC2">
            <parameter key="Environment">UCC</parameter>
            <parameter key="Domain">preprod.atohppnet.gov.au</parameter>
            <parameter key="Level">UA</parameter>
            <parameter key="Network">PP</parameter>
            <parameter key="winServiceIdentity">PREPRODHPPNET\SVC_DCSCORRES_UA</parameter>
            <parameter key="SharedFolderServiceIdentity">PREPRODHPPNET\SVC_DCSCORRES_UA</parameter>
            <parameter key="RESTAPIPort">19503</parameter>
            <parameter key="LogServicePort">27503</parameter>
            <parameter key="Hangfire_Server">hangfireDatabase${Level}.dcs.${Domain},61301</parameter>
            <parameter key="DBConnectionApplicationName">DCS.Composition.Services.DataRetrieve.${InstanceKey}</parameter>
        </instance>
        <instance key="UCC3">
            <parameter key="Environment">UCC</parameter>
            <parameter key="Domain">preprod.atohppnet.gov.au</parameter>
            <parameter key="Level">UA</parameter>
            <parameter key="Network">PP</parameter>
            <parameter key="winServiceIdentity">PREPRODHPPNET\SVC_DCSCORRES_UA</parameter>
            <parameter key="SharedFolderServiceIdentity">PREPRODHPPNET\SVC_DCSCORRES_UA</parameter>
            <parameter key="RESTAPIPort">19503</parameter>
            <parameter key="LogServicePort">27503</parameter>
            <parameter key="Hangfire_Server">hangfireDatabase${Level}.dcs.${Domain},61301</parameter>
            <parameter key="DBConnectionApplicationName">DCS.Composition.Services.DataRetrieve.${InstanceKey}</parameter>
        </instance>
        <instance key="UCD1">
            <parameter key="Environment">UCD</parameter>
            <parameter key="Domain">preprod.atohppnet.gov.au</parameter>
            <parameter key="Level">UA</parameter>
            <parameter key="Network">PP</parameter>
            <parameter key="winServiceIdentity">PREPRODHPPNET\SVC_DCSCORRES_UA</parameter>
            <parameter key="SharedFolderServiceIdentity">PREPRODHPPNET\SVC_DCSCORRES_UA</parameter>
            <parameter key="RESTAPIPort">19504</parameter>
            <parameter key="LogServicePort">27504</parameter>
            <parameter key="Hangfire_Server">hangfireDatabase${Level}.dcs.${Domain},61301</parameter>
            <parameter key="DBConnectionApplicationName">DCS.Composition.Services.DataRetrieve.${InstanceKey}</parameter>
        </instance>
        <instance key="UCD2">
            <parameter key="Environment">UCD</parameter>
            <parameter key="Domain">preprod.atohppnet.gov.au</parameter>
            <parameter key="Level">UA</parameter>
            <parameter key="Network">PP</parameter>
            <parameter key="winServiceIdentity">PREPRODHPPNET\SVC_DCSCORRES_UA</parameter>
            <parameter key="SharedFolderServiceIdentity">PREPRODHPPNET\SVC_DCSCORRES_UA</parameter>
            <parameter key="RESTAPIPort">19504</parameter>
            <parameter key="LogServicePort">27504</parameter>
            <parameter key="Hangfire_Server">hangfireDatabase${Level}.dcs.${Domain},61301</parameter>
            <parameter key="DBConnectionApplicationName">DCS.Composition.Services.DataRetrieve.${InstanceKey}</parameter>
        </instance>
        <instance key="UCD3">
            <parameter key="Environment">UCD</parameter>
            <parameter key="Domain">preprod.atohppnet.gov.au</parameter>
            <parameter key="Level">UA</parameter>
            <parameter key="Network">PP</parameter>
            <parameter key="winServiceIdentity">PREPRODHPPNET\SVC_DCSCORRES_UA</parameter>
            <parameter key="SharedFolderServiceIdentity">PREPRODHPPNET\SVC_DCSCORRES_UA</parameter>
            <parameter key="RESTAPIPort">19504</parameter>
            <parameter key="LogServicePort">27504</parameter>
            <parameter key="Hangfire_Server">hangfireDatabase${Level}.dcs.${Domain},61301</parameter>
            <parameter key="DBConnectionApplicationName">DCS.Composition.Services.DataRetrieve.${InstanceKey}</parameter>
        </instance>
        <instance key="UAB1">
            <parameter key="Environment">UAB</parameter>
            <parameter key="Domain">preprod.atohppnet.gov.au</parameter>
            <parameter key="Level">UA</parameter>
            <parameter key="Network">PP</parameter>
            <parameter key="winServiceIdentity">PREPRODHPPNET\SVC_DCSCORRES_UA</parameter>
            <parameter key="SharedFolderServiceIdentity">PREPRODHPPNET\SVC_DCSCORRES_UA</parameter>
            <parameter key="RESTAPIPort">19502</parameter>
            <parameter key="LogServicePort">27502</parameter>
            <parameter key="Hangfire_Server">hangfireDatabase${Level}.dcs.${Domain},61301</parameter>
            <parameter key="DBConnectionApplicationName">DCS.Composition.Services.DataRetrieve.${InstanceKey}</parameter>
        </instance>
        <instance key="UAB2">
            <parameter key="Environment">UAB</parameter>
            <parameter key="Domain">preprod.atohppnet.gov.au</parameter>
            <parameter key="Level">UA</parameter>
            <parameter key="Network">PP</parameter>
            <parameter key="winServiceIdentity">PREPRODHPPNET\SVC_DCSCORRES_UA</parameter>
            <parameter key="SharedFolderServiceIdentity">PREPRODHPPNET\SVC_DCSCORRES_UA</parameter>
            <parameter key="RESTAPIPort">19502</parameter>
            <parameter key="LogServicePort">27502</parameter>
            <parameter key="Hangfire_Server">hangfireDatabase${Level}.dcs.${Domain},61301</parameter>
            <parameter key="DBConnectionApplicationName">DCS.Composition.Services.DataRetrieve.${InstanceKey}</parameter>
        </instance>
        <instance key="UAB3">
            <parameter key="Environment">UAB</parameter>
            <parameter key="Domain">preprod.atohppnet.gov.au</parameter>
            <parameter key="Level">UA</parameter>
            <parameter key="Network">PP</parameter>
            <parameter key="winServiceIdentity">PREPRODHPPNET\SVC_DCSCORRES_UA</parameter>
            <parameter key="SharedFolderServiceIdentity">PREPRODHPPNET\SVC_DCSCORRES_UA</parameter>
            <parameter key="RESTAPIPort">19502</parameter>
            <parameter key="LogServicePort">27502</parameter>
            <parameter key="Hangfire_Server">hangfireDatabase${Level}.dcs.${Domain},61301</parameter>
            <parameter key="DBConnectionApplicationName">DCS.Composition.Services.DataRetrieve.${InstanceKey}</parameter>
        </instance>
        <instance key="UAI1">
            <parameter key="Environment">UAI</parameter>
            <parameter key="Domain">preprod.atohppnet.gov.au</parameter>
            <parameter key="Level">UA</parameter>
            <parameter key="Network">PP</parameter>
            <parameter key="winServiceIdentity">PREPRODHPPNET\SVC_DCSCORRES_UA</parameter>
            <parameter key="SharedFolderServiceIdentity">PREPRODHPPNET\SVC_DCSCORRES_UA</parameter>
            <parameter key="RESTAPIPort">19509</parameter>
            <parameter key="LogServicePort">27509</parameter>
            <parameter key="Hangfire_Server">hangfireDatabase${Level}.dcs.${Domain},61301</parameter>
            <parameter key="DBConnectionApplicationName">DCS.Composition.Services.DataRetrieve.${InstanceKey}</parameter>
        </instance>
        <instance key="UAI2">
            <parameter key="Environment">UAI</parameter>
            <parameter key="Domain">preprod.atohppnet.gov.au</parameter>
            <parameter key="Level">UA</parameter>
            <parameter key="Network">PP</parameter>
            <parameter key="winServiceIdentity">PREPRODHPPNET\SVC_DCSCORRES_UA</parameter>
            <parameter key="SharedFolderServiceIdentity">PREPRODHPPNET\SVC_DCSCORRES_UA</parameter>
            <parameter key="RESTAPIPort">19509</parameter>
            <parameter key="LogServicePort">27509</parameter>
            <parameter key="Hangfire_Server">hangfireDatabase${Level}.dcs.${Domain},61301</parameter>
            <parameter key="DBConnectionApplicationName">DCS.Composition.Services.DataRetrieve.${InstanceKey}</parameter>
        </instance>
        <instance key="UAI3">
            <parameter key="Environment">UAI</parameter>
            <parameter key="Domain">preprod.atohppnet.gov.au</parameter>
            <parameter key="Level">UA</parameter>
            <parameter key="Network">PP</parameter>
            <parameter key="winServiceIdentity">PREPRODHPPNET\SVC_DCSCORRES_UA</parameter>
            <parameter key="SharedFolderServiceIdentity">PREPRODHPPNET\SVC_DCSCORRES_UA</parameter>
            <parameter key="RESTAPIPort">19509</parameter>
            <parameter key="LogServicePort">27509</parameter>
            <parameter key="Hangfire_Server">hangfireDatabase${Level}.dcs.${Domain},61301</parameter>
            <parameter key="DBConnectionApplicationName">DCS.Composition.Services.DataRetrieve.${InstanceKey}</parameter>
        </instance>
        <instance key="UAK1">
            <parameter key="Environment">UAK</parameter>
            <parameter key="Domain">preprod.atohppnet.gov.au</parameter>
            <parameter key="Level">UA</parameter>
            <parameter key="Network">PP</parameter>
            <parameter key="winServiceIdentity">PREPRODHPPNET\SVC_DCSCORRES_UA</parameter>
            <parameter key="SharedFolderServiceIdentity">PREPRODHPPNET\SVC_DCSCORRES_UA</parameter>
            <parameter key="RESTAPIPort">19511</parameter>
            <parameter key="LogServicePort">27511</parameter>
            <parameter key="Hangfire_Server">hangfireDatabase${Level}.dcs.${Domain},61301</parameter>
            <parameter key="DBConnectionApplicationName">DCS.Composition.Services.DataRetrieve.${InstanceKey}</parameter>
        </instance>
        <instance key="UAK2">
            <parameter key="Environment">UAK</parameter>
            <parameter key="Domain">preprod.atohppnet.gov.au</parameter>
            <parameter key="Level">UA</parameter>
            <parameter key="Network">PP</parameter>
            <parameter key="winServiceIdentity">PREPRODHPPNET\SVC_DCSCORRES_UA</parameter>
            <parameter key="SharedFolderServiceIdentity">PREPRODHPPNET\SVC_DCSCORRES_UA</parameter>
            <parameter key="RESTAPIPort">19511</parameter>
            <parameter key="LogServicePort">27511</parameter>
            <parameter key="Hangfire_Server">hangfireDatabase${Level}.dcs.${Domain},61301</parameter>
            <parameter key="DBConnectionApplicationName">DCS.Composition.Services.DataRetrieve.${InstanceKey}</parameter>
        </instance>
        <instance key="UAK3">
            <parameter key="Environment">UAK</parameter>
            <parameter key="Domain">preprod.atohppnet.gov.au</parameter>
            <parameter key="Level">UA</parameter>
            <parameter key="Network">PP</parameter>
            <parameter key="winServiceIdentity">PREPRODHPPNET\SVC_DCSCORRES_UA</parameter>
            <parameter key="SharedFolderServiceIdentity">PREPRODHPPNET\SVC_DCSCORRES_UA</parameter>
            <parameter key="RESTAPIPort">19511</parameter>
            <parameter key="LogServicePort">27511</parameter>
            <parameter key="Hangfire_Server">hangfireDatabase${Level}.dcs.${Domain},61301</parameter>
            <parameter key="DBConnectionApplicationName">DCS.Composition.Services.DataRetrieve.${InstanceKey}</parameter>
        </instance>
        <instance key="PRD1">
            <parameter key="Environment">PRD</parameter>
            <parameter key="Domain">prod.atohnet.gov.au</parameter>
            <parameter key="Level">PR</parameter>
            <parameter key="Network">PR</parameter>
            <parameter key="winServiceIdentity">PRODHNET\SVC_DCSCORRES_PR</parameter>
            <parameter key="SharedFolderServiceIdentity">PRODHNET\SVC_DCSCORRES_PR</parameter>
            <parameter key="RESTAPIPort">19604</parameter>
            <parameter key="LogServicePort">27604</parameter>
            <parameter key="Hangfire_Server">hangfireDatabase${Level}.dcs.${Domain},61301</parameter>
            <parameter key="DBConnectionApplicationName">DCS.Composition.Services.DataRetrieve.${InstanceKey}</parameter>
            <parameter key="AppDynamics_Enabled">1</parameter>
            <parameter key="AppDynamics_Account">customer1</parameter>
            <parameter key="AppDynamics_Password">23d78824-7ef4-4174-bc41-56f8e948196f</parameter>
            <parameter key="AppDynamics_Name">DCS - PROD</parameter>
        </instance>
        <instance key="PRD2">
            <parameter key="Environment">PRD</parameter>
            <parameter key="Domain">prod.atohnet.gov.au</parameter>
            <parameter key="Level">PR</parameter>
            <parameter key="Network">PR</parameter>
            <parameter key="winServiceIdentity">PRODHNET\SVC_DCSCORRES_PR</parameter>
            <parameter key="SharedFolderServiceIdentity">PRODHNET\SVC_DCSCORRES_PR</parameter>
            <parameter key="RESTAPIPort">19604</parameter>
            <parameter key="LogServicePort">27604</parameter>
            <parameter key="Hangfire_Server">hangfireDatabase${Level}.dcs.${Domain},61301</parameter>
            <parameter key="DBConnectionApplicationName">DCS.Composition.Services.DataRetrieve.${InstanceKey}</parameter>
            <parameter key="AppDynamics_Enabled">1</parameter>
            <parameter key="AppDynamics_Account">customer1</parameter>
            <parameter key="AppDynamics_Password">23d78824-7ef4-4174-bc41-56f8e948196f</parameter>
            <parameter key="AppDynamics_Name">DCS - PROD</parameter>
        </instance>
        <instance key="PRD3">
            <parameter key="Environment">PRD</parameter>
            <parameter key="Domain">prod.atohnet.gov.au</parameter>
            <parameter key="Level">PR</parameter>
            <parameter key="Network">PR</parameter>
            <parameter key="winServiceIdentity">PRODHNET\SVC_DCSCORRES_PR</parameter>
            <parameter key="SharedFolderServiceIdentity">PRODHNET\SVC_DCSCORRES_PR</parameter>
            <parameter key="RESTAPIPort">19604</parameter>
            <parameter key="LogServicePort">27604</parameter>
            <parameter key="Hangfire_Server">hangfireDatabase${Level}.dcs.${Domain},61301</parameter>
            <parameter key="DBConnectionApplicationName">DCS.Composition.Services.DataRetrieve.${InstanceKey}</parameter>
            <parameter key="AppDynamics_Enabled">1</parameter>
            <parameter key="AppDynamics_Account">customer1</parameter>
            <parameter key="AppDynamics_Password">23d78824-7ef4-4174-bc41-56f8e948196f</parameter>
            <parameter key="AppDynamics_Name">DCS - PROD</parameter>
        </instance>
    </environment>
</environments>
