<?xml version="1.0" encoding="utf-8"?>
<!-- ******************************************************* -->
<!-- !!!!! NEVER UPDATE THIS ENVIRONMENT FILE DIRECTLY !!!!! -->
<!--                                                         -->
<!-- ALWAYS use the Excel environment file editor to update  -->
<!-- and then generate the environment file.                 -->
<!-- ******************************************************* -->
<environments applicationName="PostDeliveryScheduler" roleName="DCS.PostComposition.DeliveryScheduler=WinSvc" securityCode="4352">
    <environment key="Cloud - MyMachine - Default" remoteDeploymentGroupName="" remoteDeploymentServers="">
        <group key="Deployment">
            <parameter key="Environment"></parameter>
            <parameter key="LegacyEnv"></parameter>
            <parameter key="winServiceIdentity"></parameter>
            <parameter key="SharedFolderServiceIdentity"></parameter>
            <parameter key="LogFilePath">\\fileshare${Network}.dcs.${Domain}\${Level}\${Environment}\ServiceLogs\postcomp.deliveryscsheduler-.log</parameter>
            <parameter key="RESTAPIPort"></parameter>
            <parameter key="LogServicePort"></parameter>
            <parameter key="LogServiceUrl">https://modernApplication${Level}.dcs.${Domain}:${LogServicePort}/api/DCSLogger/LogMessage</parameter>
            <parameter key="DALC_Server">outboundDatabase${Level}.dcs.${Domain},61301</parameter>
            <parameter key="Delivery_Server">designDatabase${Level}.dcs.${Domain},61301</parameter>
            <parameter key="Delivery_Database">CommunicationMta${Level}</parameter>
            <parameter key="Hangfire_Server">designDatabase${Level}.dcs.${Domain},61301</parameter>
            <parameter key="ODTSAuthUrl">https://auth${Level}.dcs.${Domain}:8443/otdsws/v1/authentication/credentials</parameter>
            <parameter key="CCSRestUrl">https://gateway${Level}.dcs.${Domain}:2719/v1/communications</parameter>
            <parameter key="Domain"></parameter>
            <parameter key="Level"></parameter>
            <parameter key="Network"></parameter>
        </group>
        <group key="PostDeliveryScheduler">
            <parameter key="ScheduledTaskIdentity">${winServiceIdentity}</parameter>
            <parameter key="Create_ScheduledTask">TRUE</parameter>
            <parameter key="EventLogServiceName">DCS${InstanceKey}.PostComposition.Services.DeliveryScheduler</parameter>
            <parameter key="CCSServiceName">Deliver</parameter>
            <parameter key="UseCertificateForSSL">true</parameter>
            <parameter key="CertificateSubject">dcs devtest atohdtnet ${Level} Level Certificate</parameter>
            <parameter key="SchemaName">Green</parameter>
            <parameter key="HangfireWorkerCount">10</parameter>
            <parameter key="UserToRecordAgainst">PCDs${InstanceKey}</parameter>
            <parameter key="DALC_Database">Outbound${Environment}</parameter>
            <parameter key="Hangfire_Database">HangfireDelivery${Environment}</parameter>
            <parameter key="DBConnectionApplicationName">DCS.PostComposition.Services.DeliveryScheduler</parameter>
        </group>
        <group key="AppDynamics">
            <parameter key="AppDynamics_Host">appdagents</parameter>
            <parameter key="AppDynamics_Port">8090</parameter>
            <parameter key="AppDynamics_SSL">false</parameter>
            <parameter key="AppDynamics_EnableTls">false</parameter>
            <parameter key="AppDynamics_Tier">ModernApp - DCS.PostComposition.Services.DeliveryScheduler</parameter>
            <parameter key="AppDynamics_Enabled">0</parameter>
            <parameter key="AppDynamics_Account"></parameter>
            <parameter key="AppDynamics_Password"></parameter>
            <parameter key="AppDynamics_Name"></parameter>
        </group>
        <instance key="DEA">
            <parameter key="Environment">DEA</parameter>
            <parameter key="LegacyEnv">DEA</parameter>
            <parameter key="winServiceIdentity">DEVTEST\SVC_DCSCORRES_DE</parameter>
            <parameter key="SharedFolderServiceIdentity">DevTest\SVC_DCSCORRES_DE</parameter>
            <parameter key="RESTAPIPort">21001</parameter>
            <parameter key="LogServicePort">27001</parameter>
            <parameter key="Domain">devtest.atohdtnet.gov.au</parameter>
            <parameter key="Level">DE</parameter>
            <parameter key="Network">DT</parameter>
        </instance>
        <instance key="DEB">
            <parameter key="Environment">DEB</parameter>
            <parameter key="LegacyEnv">DEB</parameter>
            <parameter key="winServiceIdentity">DEVTEST\SVC_DCSCORRES_DE</parameter>
            <parameter key="SharedFolderServiceIdentity">DevTest\SVC_DCSCORRES_DE</parameter>
            <parameter key="RESTAPIPort">21002</parameter>
            <parameter key="LogServicePort">27002</parameter>
            <parameter key="Domain">devtest.atohdtnet.gov.au</parameter>
            <parameter key="Level">DE</parameter>
            <parameter key="Network">DT</parameter>
        </instance>
        <instance key="DEE">
            <parameter key="Environment">DEE</parameter>
            <parameter key="LegacyEnv">DEE</parameter>
            <parameter key="winServiceIdentity">DEVTEST\SVC_DCSCORRES_DE</parameter>
            <parameter key="SharedFolderServiceIdentity">DevTest\SVC_DCSCORRES_DE</parameter>
            <parameter key="RESTAPIPort">21005</parameter>
            <parameter key="LogServicePort">27005</parameter>
            <parameter key="Domain">devtest.atohdtnet.gov.au</parameter>
            <parameter key="Level">DE</parameter>
            <parameter key="Network">DT</parameter>
        </instance>
        <instance key="DEH">
            <parameter key="Environment">DEH</parameter>
            <parameter key="LegacyEnv">DEH</parameter>
            <parameter key="winServiceIdentity">DEVTEST\SVC_DCSCORRES_DE</parameter>
            <parameter key="SharedFolderServiceIdentity">DevTest\SVC_DCSCORRES_DE</parameter>
            <parameter key="RESTAPIPort">21008</parameter>
            <parameter key="LogServicePort">27008</parameter>
            <parameter key="Domain">devtest.atohdtnet.gov.au</parameter>
            <parameter key="Level">DE</parameter>
            <parameter key="Network">DT</parameter>
        </instance>
        <instance key="DEK">
            <parameter key="Environment">DEK</parameter>
            <parameter key="LegacyEnv">DEK</parameter>
            <parameter key="winServiceIdentity">DEVTEST\SVC_DCSCORRES_DE</parameter>
            <parameter key="SharedFolderServiceIdentity">DevTest\SVC_DCSCORRES_DE</parameter>
            <parameter key="RESTAPIPort">21011</parameter>
            <parameter key="LogServicePort">27011</parameter>
            <parameter key="Domain">devtest.atohdtnet.gov.au</parameter>
            <parameter key="Level">DE</parameter>
            <parameter key="Network">DT</parameter>
        </instance>
        <instance key="DEM">
            <parameter key="Environment">DEM</parameter>
            <parameter key="LegacyEnv">DEM</parameter>
            <parameter key="winServiceIdentity">DEVTEST\SVC_DCSCORRES_DE</parameter>
            <parameter key="SharedFolderServiceIdentity">DevTest\SVC_DCSCORRES_DE</parameter>
            <parameter key="RESTAPIPort">21013</parameter>
            <parameter key="LogServicePort">27013</parameter>
            <parameter key="LogServiceUrl">https://modernApplicationDEM.dcs.${Domain}:${LogServicePort}/api/DCSLogger/LogMessage</parameter>
            <parameter key="Domain">devtest.atohdtnet.gov.au</parameter>
            <parameter key="Level">DE</parameter>
            <parameter key="Network">DT</parameter>
        </instance>
        <instance key="DEQ">
            <parameter key="Environment">DEQ</parameter>
            <parameter key="LegacyEnv">DEQ</parameter>
            <parameter key="winServiceIdentity">DEVTEST\SVC_DCSCORRES_DE</parameter>
            <parameter key="SharedFolderServiceIdentity">DevTest\SVC_DCSCORRES_DE</parameter>
            <parameter key="RESTAPIPort">21017</parameter>
            <parameter key="LogServicePort">27017</parameter>
            <parameter key="Domain">devtest.atohdtnet.gov.au</parameter>
            <parameter key="Level">DE</parameter>
            <parameter key="Network">DT</parameter>
        </instance>
        <instance key="DEW">
            <parameter key="Environment">DEW</parameter>
            <parameter key="LegacyEnv">DEW</parameter>
            <parameter key="winServiceIdentity">DEVTEST\SVC_DCSCORRES_DE</parameter>
            <parameter key="SharedFolderServiceIdentity">DevTest\SVC_DCSCORRES_DE</parameter>
            <parameter key="RESTAPIPort">21023</parameter>
            <parameter key="LogServicePort">27023</parameter>
            <parameter key="Domain">devtest.atohdtnet.gov.au</parameter>
            <parameter key="Level">DE</parameter>
            <parameter key="Network">DT</parameter>
        </instance>
        <instance key="ATA">
            <parameter key="Environment">ATA</parameter>
            <parameter key="LegacyEnv">ATA</parameter>
            <parameter key="winServiceIdentity">DEVTEST\SVC_DCSCORRES_AT</parameter>
            <parameter key="SharedFolderServiceIdentity">DevTest\SVC_DCSCORRES_AT</parameter>
            <parameter key="RESTAPIPort">21101</parameter>
            <parameter key="LogServicePort">27101</parameter>
            <parameter key="Domain">devtest.atohdtnet.gov.au</parameter>
            <parameter key="Level">AT</parameter>
            <parameter key="Network">DT</parameter>
        </instance>
        <instance key="ATB">
            <parameter key="Environment">ATB</parameter>
            <parameter key="LegacyEnv">ATB</parameter>
            <parameter key="winServiceIdentity">DEVTEST\SVC_DCSCORRES_AT</parameter>
            <parameter key="SharedFolderServiceIdentity">DevTest\SVC_DCSCORRES_AT</parameter>
            <parameter key="RESTAPIPort">21102</parameter>
            <parameter key="LogServicePort">27102</parameter>
            <parameter key="Domain">devtest.atohdtnet.gov.au</parameter>
            <parameter key="Level">AT</parameter>
            <parameter key="Network">DT</parameter>
        </instance>
        <instance key="ATG">
            <parameter key="Environment">ATG</parameter>
            <parameter key="LegacyEnv">ATG</parameter>
            <parameter key="winServiceIdentity">DEVTEST\SVC_DCSCORRES_AT</parameter>
            <parameter key="SharedFolderServiceIdentity">DevTest\SVC_DCSCORRES_AT</parameter>
            <parameter key="RESTAPIPort">21107</parameter>
            <parameter key="LogServicePort">27107</parameter>
            <parameter key="Domain">devtest.atohdtnet.gov.au</parameter>
            <parameter key="Level">AT</parameter>
            <parameter key="Network">DT</parameter>
        </instance>
        <instance key="ATH">
            <parameter key="Environment">ATH</parameter>
            <parameter key="LegacyEnv">ATH</parameter>
            <parameter key="winServiceIdentity">DEVTEST\SVC_DCSCORRES_AT</parameter>
            <parameter key="SharedFolderServiceIdentity">DevTest\SVC_DCSCORRES_AT</parameter>
            <parameter key="RESTAPIPort">21108</parameter>
            <parameter key="LogServicePort">27108</parameter>
            <parameter key="Domain">devtest.atohdtnet.gov.au</parameter>
            <parameter key="Level">AT</parameter>
            <parameter key="Network">DT</parameter>
        </instance>
        <instance key="ATJ">
            <parameter key="Environment">ATJ</parameter>
            <parameter key="LegacyEnv">ATJ</parameter>
            <parameter key="winServiceIdentity">DEVTEST\SVC_DCSCORRES_AT</parameter>
            <parameter key="SharedFolderServiceIdentity">DevTest\SVC_DCSCORRES_AT</parameter>
            <parameter key="RESTAPIPort">21110</parameter>
            <parameter key="LogServicePort">27110</parameter>
            <parameter key="Domain">devtest.atohdtnet.gov.au</parameter>
            <parameter key="Level">AT</parameter>
            <parameter key="Network">DT</parameter>
        </instance>
        <instance key="ATL">
            <parameter key="Environment">ATL</parameter>
            <parameter key="LegacyEnv">ATL</parameter>
            <parameter key="winServiceIdentity">DEVTEST\SVC_DCSCORRES_AT</parameter>
            <parameter key="SharedFolderServiceIdentity">DevTest\SVC_DCSCORRES_AT</parameter>
            <parameter key="RESTAPIPort">21112</parameter>
            <parameter key="LogServicePort">27112</parameter>
            <parameter key="Domain">devtest.atohdtnet.gov.au</parameter>
            <parameter key="Level">AT</parameter>
            <parameter key="Network">DT</parameter>
        </instance>
        <instance key="ATM">
            <parameter key="Environment">ATM</parameter>
            <parameter key="LegacyEnv">ATM</parameter>
            <parameter key="winServiceIdentity">DEVTEST\SVC_DCSCORRES_AT</parameter>
            <parameter key="SharedFolderServiceIdentity">DevTest\SVC_DCSCORRES_AT</parameter>
            <parameter key="RESTAPIPort">21113</parameter>
            <parameter key="LogServicePort">27113</parameter>
            <parameter key="LogServiceUrl">https://modernApplicationATM.dcs.${Domain}:${LogServicePort}/api/DCSLogger/LogMessage</parameter>
            <parameter key="Domain">devtest.atohdtnet.gov.au</parameter>
            <parameter key="Level">AT</parameter>
            <parameter key="Network">DT</parameter>
        </instance>
        <instance key="ATN">
            <parameter key="Environment">ATN</parameter>
            <parameter key="LegacyEnv">ATN</parameter>
            <parameter key="winServiceIdentity">DEVTEST\SVC_DCSCORRES_AT</parameter>
            <parameter key="SharedFolderServiceIdentity">DevTest\SVC_DCSCORRES_AT</parameter>
            <parameter key="RESTAPIPort">21114</parameter>
            <parameter key="LogServicePort">27114</parameter>
            <parameter key="Domain">devtest.atohdtnet.gov.au</parameter>
            <parameter key="Level">AT</parameter>
            <parameter key="Network">DT</parameter>
        </instance>
        <instance key="ATQ">
            <parameter key="Environment">ATQ</parameter>
            <parameter key="LegacyEnv">ATQ</parameter>
            <parameter key="winServiceIdentity">DEVTEST\SVC_DCSCORRES_AT</parameter>
            <parameter key="SharedFolderServiceIdentity">DevTest\SVC_DCSCORRES_AT</parameter>
            <parameter key="RESTAPIPort">21117</parameter>
            <parameter key="LogServicePort">27117</parameter>
            <parameter key="Domain">devtest.atohdtnet.gov.au</parameter>
            <parameter key="Level">AT</parameter>
            <parameter key="Network">DT</parameter>
        </instance>
        <instance key="PTA">
            <parameter key="Environment">PTA</parameter>
            <parameter key="LegacyEnv">PTA</parameter>
            <parameter key="winServiceIdentity">DEVTEST\SVC_DCSCORRES_PT</parameter>
            <parameter key="SharedFolderServiceIdentity">DevTest\SVC_DCSCORRES_PT</parameter>
            <parameter key="RESTAPIPort">21201</parameter>
            <parameter key="LogServicePort">27201</parameter>
            <parameter key="Domain">devtest.atohdtnet.gov.au</parameter>
            <parameter key="Level">PT</parameter>
            <parameter key="Network">DT</parameter>
        </instance>
        <instance key="PTB">
            <parameter key="Environment">PTB</parameter>
            <parameter key="LegacyEnv">PTB</parameter>
            <parameter key="winServiceIdentity">DEVTEST\SVC_DCSCORRES_PT</parameter>
            <parameter key="SharedFolderServiceIdentity">DevTest\SVC_DCSCORRES_PT</parameter>
            <parameter key="RESTAPIPort">21202</parameter>
            <parameter key="LogServicePort">27202</parameter>
            <parameter key="Domain">devtest.atohdtnet.gov.au</parameter>
            <parameter key="Level">PT</parameter>
            <parameter key="Network">DT</parameter>
        </instance>
        <instance key="PTE">
            <parameter key="Environment">PTE</parameter>
            <parameter key="LegacyEnv">PTE</parameter>
            <parameter key="winServiceIdentity">DEVTEST\SVC_DCSCORRES_PT</parameter>
            <parameter key="SharedFolderServiceIdentity">DevTest\SVC_DCSCORRES_PT</parameter>
            <parameter key="RESTAPIPort">21205</parameter>
            <parameter key="LogServicePort">27205</parameter>
            <parameter key="Domain">devtest.atohdtnet.gov.au</parameter>
            <parameter key="Level">PT</parameter>
            <parameter key="Network">DT</parameter>
        </instance>
        <instance key="PTF">
            <parameter key="Environment">PTF</parameter>
            <parameter key="LegacyEnv">PTF</parameter>
            <parameter key="winServiceIdentity">DEVTEST\SVC_DCSCORRES_PT</parameter>
            <parameter key="SharedFolderServiceIdentity">DevTest\SVC_DCSCORRES_PT</parameter>
            <parameter key="RESTAPIPort">21206</parameter>
            <parameter key="LogServicePort">27206</parameter>
            <parameter key="Domain">devtest.atohdtnet.gov.au</parameter>
            <parameter key="Level">PT</parameter>
            <parameter key="Network">DT</parameter>
        </instance>
        <instance key="PTG">
            <parameter key="Environment">PTG</parameter>
            <parameter key="LegacyEnv">PTG</parameter>
            <parameter key="winServiceIdentity">DEVTEST\SVC_DCSCORRES_PT</parameter>
            <parameter key="SharedFolderServiceIdentity">DevTest\SVC_DCSCORRES_PT</parameter>
            <parameter key="RESTAPIPort">21207</parameter>
            <parameter key="LogServicePort">27207</parameter>
            <parameter key="Domain">devtest.atohdtnet.gov.au</parameter>
            <parameter key="Level">PT</parameter>
            <parameter key="Network">DT</parameter>
        </instance>
        <instance key="PTH">
            <parameter key="Environment">PTH</parameter>
            <parameter key="LegacyEnv">PTH</parameter>
            <parameter key="winServiceIdentity">DEVTEST\SVC_DCSCORRES_PT</parameter>
            <parameter key="SharedFolderServiceIdentity">DevTest\SVC_DCSCORRES_PT</parameter>
            <parameter key="RESTAPIPort">21208</parameter>
            <parameter key="LogServicePort">27208</parameter>
            <parameter key="Domain">devtest.atohdtnet.gov.au</parameter>
            <parameter key="Level">PT</parameter>
            <parameter key="Network">DT</parameter>
        </instance>
        <instance key="PTI">
            <parameter key="Environment">PTI</parameter>
            <parameter key="LegacyEnv">PTI</parameter>
            <parameter key="winServiceIdentity">DEVTEST\SVC_DCSCORRES_PT</parameter>
            <parameter key="SharedFolderServiceIdentity">DevTest\SVC_DCSCORRES_PT</parameter>
            <parameter key="RESTAPIPort">21209</parameter>
            <parameter key="LogServicePort">27209</parameter>
            <parameter key="Domain">devtest.atohdtnet.gov.au</parameter>
            <parameter key="Level">PT</parameter>
            <parameter key="Network">DT</parameter>
        </instance>
        <instance key="PTJ">
            <parameter key="Environment">PTJ</parameter>
            <parameter key="LegacyEnv">PTJ</parameter>
            <parameter key="winServiceIdentity">DEVTEST\SVC_DCSCORRES_PT</parameter>
            <parameter key="SharedFolderServiceIdentity">DevTest\SVC_DCSCORRES_PT</parameter>
            <parameter key="RESTAPIPort">21210</parameter>
            <parameter key="LogServicePort">27210</parameter>
            <parameter key="Domain">devtest.atohdtnet.gov.au</parameter>
            <parameter key="Level">PT</parameter>
            <parameter key="Network">DT</parameter>
        </instance>
        <instance key="PTK">
            <parameter key="Environment">PTK</parameter>
            <parameter key="LegacyEnv">PTK</parameter>
            <parameter key="winServiceIdentity">DEVTEST\SVC_DCSCORRES_PT</parameter>
            <parameter key="SharedFolderServiceIdentity">DevTest\SVC_DCSCORRES_PT</parameter>
            <parameter key="RESTAPIPort">21211</parameter>
            <parameter key="LogServicePort">27211</parameter>
            <parameter key="Domain">devtest.atohdtnet.gov.au</parameter>
            <parameter key="Level">PT</parameter>
            <parameter key="Network">DT</parameter>
        </instance>
        <instance key="PTM">
            <parameter key="Environment">PTM</parameter>
            <parameter key="LegacyEnv">PTM</parameter>
            <parameter key="winServiceIdentity">DEVTEST\SVC_DCSCORRES_PT</parameter>
            <parameter key="SharedFolderServiceIdentity">DevTest\SVC_DCSCORRES_PT</parameter>
            <parameter key="RESTAPIPort">21213</parameter>
            <parameter key="LogServicePort">27213</parameter>
            <parameter key="Domain">devtest.atohdtnet.gov.au</parameter>
            <parameter key="Level">PT</parameter>
            <parameter key="Network">DT</parameter>
        </instance>
        <instance key="PTQ">
            <parameter key="Environment">PTQ</parameter>
            <parameter key="LegacyEnv">PTQ</parameter>
            <parameter key="winServiceIdentity">DEVTEST\SVC_DCSCORRES_PT</parameter>
            <parameter key="SharedFolderServiceIdentity">DevTest\SVC_DCSCORRES_PT</parameter>
            <parameter key="RESTAPIPort">21217</parameter>
            <parameter key="LogServicePort">27217</parameter>
            <parameter key="Domain">devtest.atohdtnet.gov.au</parameter>
            <parameter key="Level">PT</parameter>
            <parameter key="Network">DT</parameter>
        </instance>
        <instance key="PTR">
            <parameter key="Environment">PTR</parameter>
            <parameter key="LegacyEnv">PTR</parameter>
            <parameter key="winServiceIdentity">DEVTEST\SVC_DCSCORRES_PT</parameter>
            <parameter key="SharedFolderServiceIdentity">DevTest\SVC_DCSCORRES_PT</parameter>
            <parameter key="RESTAPIPort">21218</parameter>
            <parameter key="LogServicePort">27218</parameter>
            <parameter key="Domain">devtest.atohdtnet.gov.au</parameter>
            <parameter key="Level">PT</parameter>
            <parameter key="Network">DT</parameter>
        </instance>
        <instance key="PTW">
            <parameter key="Environment">PTW</parameter>
            <parameter key="LegacyEnv">PTW</parameter>
            <parameter key="winServiceIdentity">DEVTEST\SVC_DCSCORRES_PT</parameter>
            <parameter key="SharedFolderServiceIdentity">DevTest\SVC_DCSCORRES_PT</parameter>
            <parameter key="RESTAPIPort">21223</parameter>
            <parameter key="LogServicePort">27223</parameter>
            <parameter key="Domain">devtest.atohdtnet.gov.au</parameter>
            <parameter key="Level">PT</parameter>
            <parameter key="Network">DT</parameter>
        </instance>
        <instance key="PFB1">
            <parameter key="Environment">PFB</parameter>
            <parameter key="LegacyEnv">PRFB</parameter>
            <parameter key="winServiceIdentity">PREPRODHPPNET\SVC_DCSCORRES_PF</parameter>
            <parameter key="SharedFolderServiceIdentity">PREPRODHPPNET\SVC_DCSCORRES_PF</parameter>
            <parameter key="RESTAPIPort">21302</parameter>
            <parameter key="Hangfire_Server">hangfireDatabase${Level}.dcs.${Domain},61301</parameter>
            <parameter key="Domain">preprod.atohppnet.gov.au</parameter>
            <parameter key="Level">PF</parameter>
            <parameter key="Network">PP</parameter>
            <parameter key="CertificateSubject">*.dcs.preprod.atohppnet.gov.au</parameter>
            <parameter key="DBConnectionApplicationName">DCS.PostComposition.Services.DeliveryScheduler.PFB1</parameter>
            <parameter key="AppDynamics_Enabled">1</parameter>
            <parameter key="AppDynamics_Account">customer1</parameter>
            <parameter key="AppDynamics_Password">8cfcf9e4-a35c-4b8e-aed2-8e1c69efc4e6</parameter>
            <parameter key="AppDynamics_Name">DCS - PF</parameter>
        </instance>
        <instance key="PFB2">
            <parameter key="Environment">PFB</parameter>
            <parameter key="LegacyEnv">PRFB</parameter>
            <parameter key="winServiceIdentity">PREPRODHPPNET\SVC_DCSCORRES_PF</parameter>
            <parameter key="SharedFolderServiceIdentity">PREPRODHPPNET\SVC_DCSCORRES_PF</parameter>
            <parameter key="RESTAPIPort">21302</parameter>
            <parameter key="Hangfire_Server">hangfireDatabase${Level}.dcs.${Domain},61301</parameter>
            <parameter key="Domain">preprod.atohppnet.gov.au</parameter>
            <parameter key="Level">PF</parameter>
            <parameter key="Network">PP</parameter>
            <parameter key="CertificateSubject">*.dcs.preprod.atohppnet.gov.au</parameter>
            <parameter key="DBConnectionApplicationName">DCS.PostComposition.Services.DeliveryScheduler.PFB2</parameter>
            <parameter key="AppDynamics_Enabled">1</parameter>
            <parameter key="AppDynamics_Account">customer1</parameter>
            <parameter key="AppDynamics_Password">8cfcf9e4-a35c-4b8e-aed2-8e1c69efc4e6</parameter>
            <parameter key="AppDynamics_Name">DCS - PF</parameter>
        </instance>
        <instance key="PFB3">
            <parameter key="Environment">PFB</parameter>
            <parameter key="LegacyEnv">PRFB</parameter>
            <parameter key="winServiceIdentity">PREPRODHPPNET\SVC_DCSCORRES_PF</parameter>
            <parameter key="SharedFolderServiceIdentity">PREPRODHPPNET\SVC_DCSCORRES_PF</parameter>
            <parameter key="RESTAPIPort">21302</parameter>
            <parameter key="Hangfire_Server">hangfireDatabase${Level}.dcs.${Domain},61301</parameter>
            <parameter key="Domain">preprod.atohppnet.gov.au</parameter>
            <parameter key="Level">PF</parameter>
            <parameter key="Network">PP</parameter>
            <parameter key="CertificateSubject">*.dcs.preprod.atohppnet.gov.au</parameter>
            <parameter key="DBConnectionApplicationName">DCS.PostComposition.Services.DeliveryScheduler.PFB3</parameter>
            <parameter key="AppDynamics_Enabled">1</parameter>
            <parameter key="AppDynamics_Account">customer1</parameter>
            <parameter key="AppDynamics_Password">8cfcf9e4-a35c-4b8e-aed2-8e1c69efc4e6</parameter>
            <parameter key="AppDynamics_Name">DCS - PF</parameter>
        </instance>
        <instance key="PFE1">
            <parameter key="Environment">PFE</parameter>
            <parameter key="LegacyEnv">PRFE</parameter>
            <parameter key="winServiceIdentity">PREPRODHPPNET\SVC_DCSCORRES_PF</parameter>
            <parameter key="SharedFolderServiceIdentity">PREPRODHPPNET\SVC_DCSCORRES_PF</parameter>
            <parameter key="RESTAPIPort">21305</parameter>
            <parameter key="LogServicePort">27305</parameter>
            <parameter key="Hangfire_Server">hangfireDatabase${Level}.dcs.${Domain},61301</parameter>
            <parameter key="Domain">preprod.atohppnet.gov.au</parameter>
            <parameter key="Level">PF</parameter>
            <parameter key="Network">PP</parameter>
            <parameter key="CertificateSubject">*.dcs.preprod.atohppnet.gov.au</parameter>
            <parameter key="DBConnectionApplicationName">DCS.PostComposition.Services.DeliveryScheduler.PFE1</parameter>
            <parameter key="AppDynamics_Enabled">1</parameter>
            <parameter key="AppDynamics_Account">customer1</parameter>
            <parameter key="AppDynamics_Password">8cfcf9e4-a35c-4b8e-aed2-8e1c69efc4e6</parameter>
            <parameter key="AppDynamics_Name">DCS - PF</parameter>
        </instance>
        <instance key="PFE2">
            <parameter key="Environment">PFE</parameter>
            <parameter key="LegacyEnv">PRFE</parameter>
            <parameter key="winServiceIdentity">PREPRODHPPNET\SVC_DCSCORRES_PF</parameter>
            <parameter key="SharedFolderServiceIdentity">PREPRODHPPNET\SVC_DCSCORRES_PF</parameter>
            <parameter key="RESTAPIPort">21305</parameter>
            <parameter key="LogServicePort">27305</parameter>
            <parameter key="Hangfire_Server">hangfireDatabase${Level}.dcs.${Domain},61301</parameter>
            <parameter key="Domain">preprod.atohppnet.gov.au</parameter>
            <parameter key="Level">PF</parameter>
            <parameter key="Network">PP</parameter>
            <parameter key="CertificateSubject">*.dcs.preprod.atohppnet.gov.au</parameter>
            <parameter key="DBConnectionApplicationName">DCS.PostComposition.Services.DeliveryScheduler.PFE2</parameter>
            <parameter key="AppDynamics_Enabled">1</parameter>
            <parameter key="AppDynamics_Account">customer1</parameter>
            <parameter key="AppDynamics_Password">8cfcf9e4-a35c-4b8e-aed2-8e1c69efc4e6</parameter>
            <parameter key="AppDynamics_Name">DCS - PF</parameter>
        </instance>
        <instance key="PFE3">
            <parameter key="Environment">PFE</parameter>
            <parameter key="LegacyEnv">PRFE</parameter>
            <parameter key="winServiceIdentity">PREPRODHPPNET\SVC_DCSCORRES_PF</parameter>
            <parameter key="SharedFolderServiceIdentity">PREPRODHPPNET\SVC_DCSCORRES_PF</parameter>
            <parameter key="RESTAPIPort">21305</parameter>
            <parameter key="LogServicePort">27305</parameter>
            <parameter key="Hangfire_Server">hangfireDatabase${Level}.dcs.${Domain},61301</parameter>
            <parameter key="Domain">preprod.atohppnet.gov.au</parameter>
            <parameter key="Level">PF</parameter>
            <parameter key="Network">PP</parameter>
            <parameter key="CertificateSubject">*.dcs.preprod.atohppnet.gov.au</parameter>
            <parameter key="DBConnectionApplicationName">DCS.PostComposition.Services.DeliveryScheduler.PFE3</parameter>
            <parameter key="AppDynamics_Enabled">1</parameter>
            <parameter key="AppDynamics_Account">customer1</parameter>
            <parameter key="AppDynamics_Password">8cfcf9e4-a35c-4b8e-aed2-8e1c69efc4e6</parameter>
            <parameter key="AppDynamics_Name">DCS - PF</parameter>
        </instance>
        <instance key="EFX1">
            <parameter key="Environment">EFX</parameter>
            <parameter key="LegacyEnv">EFIX</parameter>
            <parameter key="winServiceIdentity">PREPRODHPPNET\SVC_DCSCORRES_EF</parameter>
            <parameter key="SharedFolderServiceIdentity">PREPRODHPPNET\SVC_DCSCORRES_EF</parameter>
            <parameter key="RESTAPIPort">21424</parameter>
            <parameter key="Hangfire_Server">hangfireDatabase${Level}.dcs.${Domain},61301</parameter>
            <parameter key="Domain">preprod.atohppnet.gov.au</parameter>
            <parameter key="Level">EF</parameter>
            <parameter key="Network">PP</parameter>
            <parameter key="CertificateSubject">*.dcs.preprod.atohppnet.gov.au</parameter>
            <parameter key="DBConnectionApplicationName">DCS.PostComposition.Services.DeliveryScheduler.EFX1</parameter>
        </instance>
        <instance key="EFX2">
            <parameter key="Environment">EFX</parameter>
            <parameter key="LegacyEnv">EFIX</parameter>
            <parameter key="winServiceIdentity">PREPRODHPPNET\SVC_DCSCORRES_EF</parameter>
            <parameter key="SharedFolderServiceIdentity">PREPRODHPPNET\SVC_DCSCORRES_EF</parameter>
            <parameter key="RESTAPIPort">21424</parameter>
            <parameter key="Hangfire_Server">hangfireDatabase${Level}.dcs.${Domain},61301</parameter>
            <parameter key="Domain">preprod.atohppnet.gov.au</parameter>
            <parameter key="Level">EF</parameter>
            <parameter key="Network">PP</parameter>
            <parameter key="CertificateSubject">*.dcs.preprod.atohppnet.gov.au</parameter>
            <parameter key="DBConnectionApplicationName">DCS.PostComposition.Services.DeliveryScheduler.EFX2</parameter>
        </instance>
        <instance key="EFX3">
            <parameter key="Environment">EFX</parameter>
            <parameter key="LegacyEnv">EFIX</parameter>
            <parameter key="winServiceIdentity">PREPRODHPPNET\SVC_DCSCORRES_EF</parameter>
            <parameter key="SharedFolderServiceIdentity">PREPRODHPPNET\SVC_DCSCORRES_EF</parameter>
            <parameter key="RESTAPIPort">21424</parameter>
            <parameter key="Hangfire_Server">hangfireDatabase${Level}.dcs.${Domain},61301</parameter>
            <parameter key="Domain">preprod.atohppnet.gov.au</parameter>
            <parameter key="Level">EF</parameter>
            <parameter key="Network">PP</parameter>
            <parameter key="CertificateSubject">*.dcs.preprod.atohppnet.gov.au</parameter>
            <parameter key="DBConnectionApplicationName">DCS.PostComposition.Services.DeliveryScheduler.EFX3</parameter>
        </instance>
        <instance key="UCD1">
            <parameter key="Environment">UCD</parameter>
            <parameter key="LegacyEnv">UCTD</parameter>
            <parameter key="winServiceIdentity">PREPRODHPPNET\SVC_DCSCORRES_UA</parameter>
            <parameter key="SharedFolderServiceIdentity">PREPRODHPPNET\SVC_DCSCORRES_UA</parameter>
            <parameter key="RESTAPIPort">21504</parameter>
            <parameter key="Hangfire_Server">hangfireDatabase${Level}.dcs.${Domain},61301</parameter>
            <parameter key="Domain">preprod.atohppnet.gov.au</parameter>
            <parameter key="Level">UA</parameter>
            <parameter key="Network">PP</parameter>
            <parameter key="CertificateSubject">*.dcs.preprod.atohppnet.gov.au</parameter>
            <parameter key="DBConnectionApplicationName">DCS.PostComposition.Services.DeliveryScheduler.UCD1</parameter>
        </instance>
        <instance key="UCD2">
            <parameter key="Environment">UCD</parameter>
            <parameter key="LegacyEnv">UCTD</parameter>
            <parameter key="winServiceIdentity">PREPRODHPPNET\SVC_DCSCORRES_UA</parameter>
            <parameter key="SharedFolderServiceIdentity">PREPRODHPPNET\SVC_DCSCORRES_UA</parameter>
            <parameter key="RESTAPIPort">21504</parameter>
            <parameter key="Hangfire_Server">hangfireDatabase${Level}.dcs.${Domain},61301</parameter>
            <parameter key="Domain">preprod.atohppnet.gov.au</parameter>
            <parameter key="Level">UA</parameter>
            <parameter key="Network">PP</parameter>
            <parameter key="CertificateSubject">*.dcs.preprod.atohppnet.gov.au</parameter>
            <parameter key="DBConnectionApplicationName">DCS.PostComposition.Services.DeliveryScheduler.UCD2</parameter>
        </instance>
        <instance key="UCD3">
            <parameter key="Environment">UCD</parameter>
            <parameter key="LegacyEnv">UCTD</parameter>
            <parameter key="winServiceIdentity">PREPRODHPPNET\SVC_DCSCORRES_UA</parameter>
            <parameter key="SharedFolderServiceIdentity">PREPRODHPPNET\SVC_DCSCORRES_UA</parameter>
            <parameter key="RESTAPIPort">21504</parameter>
            <parameter key="Hangfire_Server">hangfireDatabase${Level}.dcs.${Domain},61301</parameter>
            <parameter key="Domain">preprod.atohppnet.gov.au</parameter>
            <parameter key="Level">UA</parameter>
            <parameter key="Network">PP</parameter>
            <parameter key="CertificateSubject">*.dcs.preprod.atohppnet.gov.au</parameter>
            <parameter key="DBConnectionApplicationName">DCS.PostComposition.Services.DeliveryScheduler.UCD3</parameter>
        </instance>
        <instance key="UCC1">
            <parameter key="Environment">UCC</parameter>
            <parameter key="LegacyEnv">UCTC</parameter>
            <parameter key="winServiceIdentity">PREPRODHPPNET\SVC_DCSCORRES_UA</parameter>
            <parameter key="SharedFolderServiceIdentity">PREPRODHPPNET\SVC_DCSCORRES_UA</parameter>
            <parameter key="RESTAPIPort">21503</parameter>
            <parameter key="Hangfire_Server">hangfireDatabase${Level}.dcs.${Domain},61301</parameter>
            <parameter key="Domain">preprod.atohppnet.gov.au</parameter>
            <parameter key="Level">UA</parameter>
            <parameter key="Network">PP</parameter>
            <parameter key="CertificateSubject">*.dcs.preprod.atohppnet.gov.au</parameter>
            <parameter key="DBConnectionApplicationName">DCS.PostComposition.Services.DeliveryScheduler.UCC1</parameter>
        </instance>
        <instance key="UCC2">
            <parameter key="Environment">UCC</parameter>
            <parameter key="LegacyEnv">UCTC</parameter>
            <parameter key="winServiceIdentity">PREPRODHPPNET\SVC_DCSCORRES_UA</parameter>
            <parameter key="SharedFolderServiceIdentity">PREPRODHPPNET\SVC_DCSCORRES_UA</parameter>
            <parameter key="RESTAPIPort">21503</parameter>
            <parameter key="Hangfire_Server">hangfireDatabase${Level}.dcs.${Domain},61301</parameter>
            <parameter key="Domain">preprod.atohppnet.gov.au</parameter>
            <parameter key="Level">UA</parameter>
            <parameter key="Network">PP</parameter>
            <parameter key="CertificateSubject">*.dcs.preprod.atohppnet.gov.au</parameter>
            <parameter key="DBConnectionApplicationName">DCS.PostComposition.Services.DeliveryScheduler.UCC2</parameter>
        </instance>
        <instance key="UCC3">
            <parameter key="Environment">UCC</parameter>
            <parameter key="LegacyEnv">UCTC</parameter>
            <parameter key="winServiceIdentity">PREPRODHPPNET\SVC_DCSCORRES_UA</parameter>
            <parameter key="SharedFolderServiceIdentity">PREPRODHPPNET\SVC_DCSCORRES_UA</parameter>
            <parameter key="RESTAPIPort">21503</parameter>
            <parameter key="Hangfire_Server">hangfireDatabase${Level}.dcs.${Domain},61301</parameter>
            <parameter key="Domain">preprod.atohppnet.gov.au</parameter>
            <parameter key="Level">UA</parameter>
            <parameter key="Network">PP</parameter>
            <parameter key="CertificateSubject">*.dcs.preprod.atohppnet.gov.au</parameter>
            <parameter key="DBConnectionApplicationName">DCS.PostComposition.Services.DeliveryScheduler.UCC3</parameter>
        </instance>
        <instance key="UAB1">
            <parameter key="Environment">UAB</parameter>
            <parameter key="LegacyEnv">UAB</parameter>
            <parameter key="winServiceIdentity">PREPRODHPPNET\SVC_DCSCORRES_UA</parameter>
            <parameter key="SharedFolderServiceIdentity">PREPRODHPPNET\SVC_DCSCORRES_UA</parameter>
            <parameter key="RESTAPIPort">21502</parameter>
            <parameter key="Hangfire_Server">hangfireDatabase${Level}.dcs.${Domain},61301</parameter>
            <parameter key="Domain">preprod.atohppnet.gov.au</parameter>
            <parameter key="Level">UA</parameter>
            <parameter key="Network">PP</parameter>
            <parameter key="CertificateSubject">*.dcs.preprod.atohppnet.gov.au</parameter>
            <parameter key="DBConnectionApplicationName">DCS.PostComposition.Services.DeliveryScheduler.UAB1</parameter>
        </instance>
        <instance key="UAB2">
            <parameter key="Environment">UAB</parameter>
            <parameter key="LegacyEnv">UAB</parameter>
            <parameter key="winServiceIdentity">PREPRODHPPNET\SVC_DCSCORRES_UA</parameter>
            <parameter key="SharedFolderServiceIdentity">PREPRODHPPNET\SVC_DCSCORRES_UA</parameter>
            <parameter key="RESTAPIPort">21502</parameter>
            <parameter key="Hangfire_Server">hangfireDatabase${Level}.dcs.${Domain},61301</parameter>
            <parameter key="Domain">preprod.atohppnet.gov.au</parameter>
            <parameter key="Level">UA</parameter>
            <parameter key="Network">PP</parameter>
            <parameter key="CertificateSubject">*.dcs.preprod.atohppnet.gov.au</parameter>
            <parameter key="DBConnectionApplicationName">DCS.PostComposition.Services.DeliveryScheduler.UAB2</parameter>
        </instance>
        <instance key="UAB3">
            <parameter key="Environment">UAB</parameter>
            <parameter key="LegacyEnv">UAB</parameter>
            <parameter key="winServiceIdentity">PREPRODHPPNET\SVC_DCSCORRES_UA</parameter>
            <parameter key="SharedFolderServiceIdentity">PREPRODHPPNET\SVC_DCSCORRES_UA</parameter>
            <parameter key="RESTAPIPort">21502</parameter>
            <parameter key="Hangfire_Server">hangfireDatabase${Level}.dcs.${Domain},61301</parameter>
            <parameter key="Domain">preprod.atohppnet.gov.au</parameter>
            <parameter key="Level">UA</parameter>
            <parameter key="Network">PP</parameter>
            <parameter key="CertificateSubject">*.dcs.preprod.atohppnet.gov.au</parameter>
            <parameter key="DBConnectionApplicationName">DCS.PostComposition.Services.DeliveryScheduler.UAB3</parameter>
        </instance>
        <instance key="UAI1">
            <parameter key="Environment">UAI</parameter>
            <parameter key="LegacyEnv">UATI</parameter>
            <parameter key="winServiceIdentity">PREPRODHPPNET\SVC_DCSCORRES_UA</parameter>
            <parameter key="SharedFolderServiceIdentity">PREPRODHPPNET\SVC_DCSCORRES_UA</parameter>
            <parameter key="RESTAPIPort">21509</parameter>
            <parameter key="Hangfire_Server">hangfireDatabase${Level}.dcs.${Domain},61301</parameter>
            <parameter key="Domain">preprod.atohppnet.gov.au</parameter>
            <parameter key="Level">UA</parameter>
            <parameter key="Network">PP</parameter>
            <parameter key="CertificateSubject">*.dcs.preprod.atohppnet.gov.au</parameter>
            <parameter key="DBConnectionApplicationName">DCS.PostComposition.Services.DeliveryScheduler.UAI1</parameter>
        </instance>
        <instance key="UAI2">
            <parameter key="Environment">UAI</parameter>
            <parameter key="LegacyEnv">UATI</parameter>
            <parameter key="winServiceIdentity">PREPRODHPPNET\SVC_DCSCORRES_UA</parameter>
            <parameter key="SharedFolderServiceIdentity">PREPRODHPPNET\SVC_DCSCORRES_UA</parameter>
            <parameter key="RESTAPIPort">21509</parameter>
            <parameter key="Hangfire_Server">hangfireDatabase${Level}.dcs.${Domain},61301</parameter>
            <parameter key="Domain">preprod.atohppnet.gov.au</parameter>
            <parameter key="Level">UA</parameter>
            <parameter key="Network">PP</parameter>
            <parameter key="CertificateSubject">*.dcs.preprod.atohppnet.gov.au</parameter>
            <parameter key="DBConnectionApplicationName">DCS.PostComposition.Services.DeliveryScheduler.UAI2</parameter>
        </instance>
        <instance key="UAI3">
            <parameter key="Environment">UAI</parameter>
            <parameter key="LegacyEnv">UATI</parameter>
            <parameter key="winServiceIdentity">PREPRODHPPNET\SVC_DCSCORRES_UA</parameter>
            <parameter key="SharedFolderServiceIdentity">PREPRODHPPNET\SVC_DCSCORRES_UA</parameter>
            <parameter key="RESTAPIPort">21509</parameter>
            <parameter key="Hangfire_Server">hangfireDatabase${Level}.dcs.${Domain},61301</parameter>
            <parameter key="Domain">preprod.atohppnet.gov.au</parameter>
            <parameter key="Level">UA</parameter>
            <parameter key="Network">PP</parameter>
            <parameter key="CertificateSubject">*.dcs.preprod.atohppnet.gov.au</parameter>
            <parameter key="DBConnectionApplicationName">DCS.PostComposition.Services.DeliveryScheduler.UAI3</parameter>
        </instance>
        <instance key="UAK1">
            <parameter key="Environment">UAK</parameter>
            <parameter key="LegacyEnv">UATK</parameter>
            <parameter key="winServiceIdentity">PREPRODHPPNET\SVC_DCSCORRES_UA</parameter>
            <parameter key="SharedFolderServiceIdentity">PREPRODHPPNET\SVC_DCSCORRES_UA</parameter>
            <parameter key="RESTAPIPort">21511</parameter>
            <parameter key="Hangfire_Server">hangfireDatabase${Level}.dcs.${Domain},61301</parameter>
            <parameter key="Domain">preprod.atohppnet.gov.au</parameter>
            <parameter key="Level">UA</parameter>
            <parameter key="Network">PP</parameter>
            <parameter key="CertificateSubject">*.dcs.preprod.atohppnet.gov.au</parameter>
            <parameter key="DBConnectionApplicationName">DCS.PostComposition.Services.DeliveryScheduler.UAK1</parameter>
        </instance>
        <instance key="UAK2">
            <parameter key="Environment">UAK</parameter>
            <parameter key="LegacyEnv">UATK</parameter>
            <parameter key="winServiceIdentity">PREPRODHPPNET\SVC_DCSCORRES_UA</parameter>
            <parameter key="SharedFolderServiceIdentity">PREPRODHPPNET\SVC_DCSCORRES_UA</parameter>
            <parameter key="RESTAPIPort">21511</parameter>
            <parameter key="Hangfire_Server">hangfireDatabase${Level}.dcs.${Domain},61301</parameter>
            <parameter key="Domain">preprod.atohppnet.gov.au</parameter>
            <parameter key="Level">UA</parameter>
            <parameter key="Network">PP</parameter>
            <parameter key="CertificateSubject">*.dcs.preprod.atohppnet.gov.au</parameter>
            <parameter key="DBConnectionApplicationName">DCS.PostComposition.Services.DeliveryScheduler.UAK2</parameter>
        </instance>
        <instance key="UAK3">
            <parameter key="Environment">UAK</parameter>
            <parameter key="LegacyEnv">UATK</parameter>
            <parameter key="winServiceIdentity">PREPRODHPPNET\SVC_DCSCORRES_UA</parameter>
            <parameter key="SharedFolderServiceIdentity">PREPRODHPPNET\SVC_DCSCORRES_UA</parameter>
            <parameter key="RESTAPIPort">21511</parameter>
            <parameter key="Hangfire_Server">hangfireDatabase${Level}.dcs.${Domain},61301</parameter>
            <parameter key="Domain">preprod.atohppnet.gov.au</parameter>
            <parameter key="Level">UA</parameter>
            <parameter key="Network">PP</parameter>
            <parameter key="CertificateSubject">*.dcs.preprod.atohppnet.gov.au</parameter>
            <parameter key="DBConnectionApplicationName">DCS.PostComposition.Services.DeliveryScheduler.UAK3</parameter>
        </instance>
        <instance key="PRD1">
            <parameter key="Environment">PRD</parameter>
            <parameter key="LegacyEnv">PROD</parameter>
            <parameter key="winServiceIdentity">PRODHNET\SVC_DCSCORRES_PR</parameter>
            <parameter key="SharedFolderServiceIdentity">PRODHNET\SVC_DCSCORRES_PR</parameter>
            <parameter key="RESTAPIPort">21604</parameter>
            <parameter key="LogServicePort">27604</parameter>
            <parameter key="Hangfire_Server">hangfireDatabase${Level}.dcs.${Domain},61301</parameter>
            <parameter key="Domain">prod.atohnet.gov.au</parameter>
            <parameter key="Level">PR</parameter>
            <parameter key="Network">PR</parameter>
            <parameter key="CertificateSubject">*.dcs.prod.atohnet.gov.au</parameter>
            <parameter key="DBConnectionApplicationName">DCS.PostComposition.Services.DeliveryScheduler.PRD1</parameter>
            <parameter key="AppDynamics_Enabled">1</parameter>
            <parameter key="AppDynamics_Account">customer1</parameter>
            <parameter key="AppDynamics_Password">23d78824-7ef4-4174-bc41-56f8e948196f</parameter>
            <parameter key="AppDynamics_Name">DCS - PROD</parameter>
        </instance>
        <instance key="PRD2">
            <parameter key="Environment">PRD</parameter>
            <parameter key="LegacyEnv">PROD</parameter>
            <parameter key="winServiceIdentity">PRODHNET\SVC_DCSCORRES_PR</parameter>
            <parameter key="SharedFolderServiceIdentity">PRODHNET\SVC_DCSCORRES_PR</parameter>
            <parameter key="RESTAPIPort">21604</parameter>
            <parameter key="LogServicePort">27604</parameter>
            <parameter key="Hangfire_Server">hangfireDatabase${Level}.dcs.${Domain},61301</parameter>
            <parameter key="Domain">prod.atohnet.gov.au</parameter>
            <parameter key="Level">PR</parameter>
            <parameter key="Network">PR</parameter>
            <parameter key="CertificateSubject">*.dcs.prod.atohnet.gov.au</parameter>
            <parameter key="DBConnectionApplicationName">DCS.PostComposition.Services.DeliveryScheduler.PRD2</parameter>
            <parameter key="AppDynamics_Enabled">1</parameter>
            <parameter key="AppDynamics_Account">customer1</parameter>
            <parameter key="AppDynamics_Password">23d78824-7ef4-4174-bc41-56f8e948196f</parameter>
            <parameter key="AppDynamics_Name">DCS - PROD</parameter>
        </instance>
        <instance key="PRD3">
            <parameter key="Environment">PRD</parameter>
            <parameter key="LegacyEnv">PROD</parameter>
            <parameter key="winServiceIdentity">PRODHNET\SVC_DCSCORRES_PR</parameter>
            <parameter key="SharedFolderServiceIdentity">PRODHNET\SVC_DCSCORRES_PR</parameter>
            <parameter key="RESTAPIPort">21604</parameter>
            <parameter key="LogServicePort">27604</parameter>
            <parameter key="Hangfire_Server">hangfireDatabase${Level}.dcs.${Domain},61301</parameter>
            <parameter key="Domain">prod.atohnet.gov.au</parameter>
            <parameter key="Level">PR</parameter>
            <parameter key="Network">PR</parameter>
            <parameter key="CertificateSubject">*.dcs.prod.atohnet.gov.au</parameter>
            <parameter key="DBConnectionApplicationName">DCS.PostComposition.Services.DeliveryScheduler.PRD3</parameter>
            <parameter key="AppDynamics_Enabled">1</parameter>
            <parameter key="AppDynamics_Account">customer1</parameter>
            <parameter key="AppDynamics_Password">23d78824-7ef4-4174-bc41-56f8e948196f</parameter>
            <parameter key="AppDynamics_Name">DCS - PROD</parameter>
        </instance>
    </environment>
</environments>
