<?xml version="1.0"?>
<configuration>
  <scheduledTasks runapp="${Create_ScheduledTask}">
    <task>
      <TaskProperty>
        <taskName>CSVPreProcessor${InstanceKey}</taskName>
        <description>CSVPreProcessor${InstanceKey}</description>
      </TaskProperty>
      <PrincipalProperty>
        <RunLevel>1</RunLevel>
      </PrincipalProperty>
      <ActionProperty>
        <Execute>${TargetDir}\DCS.Composition.Services.CSVPreProcessor\CSVPreProcessor.exe</Execute>
        <Arguments></Arguments>
        <WorkingDirectory></WorkingDirectory>
      </ActionProperty>
      <SettingProperty>
        <Enabled>True</Enabled>
        <Hidden>False</Hidden>
      </SettingProperty>
      <TriggerProperty>
        <Frequency>daily</Frequency>
        <At>09:00</At>
        <Interval>1</Interval>
        <Repetition.Interval>PT10M</Repetition.Interval>
      </TriggerProperty>
    </task>
  </scheduledTasks>
</configuration>