<?xml version="1.0" encoding="utf-8"?>
<configuration>
  <registryApplication>
    <Last>
        <registry oninstall="add" onuninstall="delete">
          <key name="System\CurrentControlSet\Services\ATO.DCS.${InstanceKey}.Composition.CSVPreProcessor">
            <value name="Environment" type="MultiString">
              <val>CORECLR_ENABLE_PROFILING=${AppDynamics_Enabled}</val>
              <val>CORECLR_PROFILER={39AEABC1-56A5-405F-B8E7-C3668490DB4A}</val>
              <val>CORECLR_PROFILER_PATH_32=${targetdir}\WinSvcs\DCS.Composition.Services.CSVPreProcessor\AppDynamics.Profiler_x86.dll</val>
              <val>CORECLR_PROFILER_PATH_64=${targetdir}\WinSvcs\DCS.Composition.Services.CSVPreProcessor\AppDynamics.Profiler_x64.dll</val>
            </value>
          </key>
        </registry> 
    </Last>
  </registryApplication>
</configuration>