<?xml version="1.0"?>
<configuration>
  <configurationChanges>
    <configurationChange>
      <file>${targetdir}\Web.config</file>
      <nodeChanges>
        <nodeChange action="update">
          <xpath>/configuration/appSettings/add[@key="webpages:Version"]/@value</xpath>
          <value>${Webpages version}</value>
        </nodeChange>
        <nodeChange action="update">
          <xpath>/configuration/appSettings/add[@key="ClientValidationEnabled"]/@value</xpath>
          <value>${ClientValidationEnabled}</value>
        </nodeChange>
        <nodeChange action="update">
          <xpath>/configuration/appSettings/add[@key="UnobtrusiveJavaScriptEnabled"]/@value</xpath>
          <value>${UnobtrusiveJavaScriptEnabled}</value>
        </nodeChange>
        <nodeChange action="update">
          <xpath>/configuration/appSettings/add[@key="TFS.TfsUri"]/@value</xpath>
          <value>${TFS.TfsUri}</value>
        </nodeChange>
        <nodeChange action="update">
          <xpath>/configuration/appSettings/add[@key="TFS.TfsProjectName"]/@value</xpath>
          <value>${TFS.TfsProjectName}</value>
        </nodeChange>
        <nodeChange action="update">
          <xpath>/configuration/appSettings/add[@key="TFS.TfsProjectName"]/@value</xpath>
          <value>${TFS.TfsProjectName}</value>
        </nodeChange>
        <nodeChange action="update">
          <xpath>/configuration/appSettings/add[@key="TFS.TestPlanEndDates"]/@value</xpath>
          <value>${TFS.TestPlanEndDates}</value>
        </nodeChange>
      </nodeChanges>
    </configurationChange>
  </configurationChanges>
</configuration>
