<?xml version="1.0" encoding="utf-8"?>
<!-- ******************************************************* -->
<!-- !!!!! NEVER UPDATE THIS ENVIRONMENT FILE DIRECTLY !!!!! -->
<!--                                                         -->
<!-- ALWAYS use the Excel environment file editor to update  -->
<!-- and then generate the environment file.                 -->
<!-- ******************************************************* -->
<environments applicationName="FCDAutoTool" roleName="FCDAutoTool=WebApp" securityCode="2200">
    <environment key="Cloud - MyMachine - Default" remoteDeploymentGroupName="" remoteDeploymentServers="">
        <group key="Deployment">
            <parameter key="Environment">UA</parameter>
            <parameter key="Domain">preprod.atohppnet.gov.au</parameter>
            <parameter key="WebSiteName">FCDAutoTool</parameter>
            <parameter key="WAMUserName">ATONET\SVC_FCD_UTILITY</parameter>
            <parameter key="serverbindings">[https=&quot;*:443:FCDAutoTool.dcs.${domain}&quot; sslFlags=&quot;0&quot; sslCertificate=&quot;server.dcs.preprod.atohppnet.gov.au&quot;]</parameter>
            <parameter key="Webpages version">3.0.0.0</parameter>
            <parameter key="ClientValidationEnabled">TRUE</parameter>
            <parameter key="UnobtrusiveJavaScriptEnabled">TRUE</parameter>
            <parameter key="TFS.TfsUri">http://atotfs01.prod.atonet.gov.au:8080/tfs/TPC01</parameter>
            <parameter key="TFS.TfsProjectName">EST</parameter>
            <parameter key="TFS.TfsAreaPath">EST\BOeI\DCS</parameter>
            <parameter key="TFS.TestPlanEndDates">-6</parameter>
        </group>
        <instance key="UA">
            <parameter key="Environment">UA</parameter>
            <parameter key="WAMUserName">ATONET\SVC_FCD_UTILITY</parameter>
            <parameter key="serverbindings">[https=&quot;*:443:FCDAutoTool.dcs.${domain}&quot; sslFlags=&quot;0&quot; sslCertificate=&quot;server.dcs.preprod.atohppnet.gov.au&quot;]</parameter>
        </instance>
        <instance key="UATesting">
            <parameter key="Environment">UA</parameter>
            <parameter key="WebSiteName">FCDAutoToolTesting</parameter>
            <parameter key="WAMUserName">ATONET\SVC_FCD_UTILITY</parameter>
            <parameter key="serverbindings">[https=&quot;*:443:FCDAutoToolTesting.dcs.${domain}&quot; sslFlags=&quot;0&quot; sslCertificate=&quot;server.dcs.preprod.atohppnet.gov.au&quot;]</parameter>
        </instance>
    </environment>
</environments>
