<?xml version="1.0" encoding="utf-8"?>
<!-- ******************************************************* -->
<!-- !!!!! NEVER UPDATE THIS ENVIRONMENT FILE DIRECTLY !!!!! -->
<!--                                                         -->
<!-- ALWAYS use the Excel environment file editor to update  -->
<!-- and then generate the environment file.                 -->
<!-- ******************************************************* -->
<environments applicationName="DCS" roleName="Api=Api" securityCode="8670">
    <environment key="Level 1 - DCSXWEB01G1DEV - Default" remoteDeploymentGroupName="" remoteDeploymentServers="">
        <group key="Deployment">
            <parameter key="Environment"></parameter>
            <parameter key="Domain">developer.atodnet.gov.au</parameter>
            <parameter key="WAMUserName">DEVELOPER\SVC_HPEXSTREAM_DEVEL</parameter>
            <parameter key="AuthorizedGlobalGroups"></parameter>
            <parameter key="Website bindings"></parameter>
            <parameter key="WebSiteName">DCSAPI${Environment}</parameter>
            <parameter key="OutBoundCorroGen.SQLInstance">MSQSSQLA1G2AT.product.atotnet.gov.au\SQL001</parameter>
            <parameter key="OutBoundCorroGen.Database.Name">Outbound${Environment}</parameter>
            <parameter key="SQLInstance">MSQSSQL00003DE.product.atotnet.gov.au\SQL001</parameter>
            <parameter key="Database.Name">BETIDTracking${Environment}</parameter>
            <parameter key="Hangfire.SQLInstance">DCSXSQL01G1DEV.developer.atodnet.gov.au\SQL001</parameter>
            <parameter key="Hangfire.DatabaseName">Hangfire${Environment}</parameter>
            <parameter key="EventLog.Sink.Source">DCSAPI${Environment}</parameter>
            <parameter key="PsiDeploymentStatusEmailAddress">DCRTEnvironments2@ato.gov.au</parameter>
        </group>
        <instance key="DEVH">
            <parameter key="Environment">devh</parameter>
            <parameter key="Website bindings">[http=&quot;*:10082:&quot;];[http=&quot;*:80:dcsapi${Instancekey}.developer.atodnet.gov.au&quot;]</parameter>
        </instance>
        <instance key="DEVI">
            <parameter key="Environment">devi</parameter>
            <parameter key="Website bindings">[http=&quot;*:10092:&quot;];[http=&quot;*:80:dcsapi${Instancekey}.developer.atodnet.gov.au&quot;]</parameter>
        </instance>
        <instance key="DEVQ">
            <parameter key="Environment">devq</parameter>
            <parameter key="Website bindings">[http=&quot;*:10172:&quot;];[http=&quot;*:80:dcsapi${Instancekey}.developer.atodnet.gov.au&quot;]</parameter>
        </instance>
        <instance key="DEVW">
            <parameter key="Environment">devw</parameter>
            <parameter key="Website bindings">[http=&quot;*:10232:&quot;];[http=&quot;*:80:dcsapi${Instancekey}.developer.atodnet.gov.au&quot;]</parameter>
        </instance>
        <instance key="DEVG">
            <parameter key="Environment">devg</parameter>
            <parameter key="Website bindings">[http=&quot;*:10072:&quot;];[http=&quot;*:80:dcsapi${Instancekey}.developer.atodnet.gov.au&quot;]</parameter>
        </instance>
        <instance key="DEVP">
            <parameter key="Environment">devp</parameter>
            <parameter key="Website bindings">[http=&quot;*:10162:&quot;];[http=&quot;*:80:dcsapi${Instancekey}.developer.atodnet.gov.au&quot;]</parameter>
        </instance>
        <instance key="DEVK">
            <parameter key="Environment">devk</parameter>
            <parameter key="Website bindings">[http=&quot;*:10112:&quot;];[http=&quot;*:80:dcsapi${Instancekey}.developer.atodnet.gov.au&quot;]</parameter>
        </instance>
    </environment>
    <environment key="Level 1 - DCSXWEB00001DES - Default" remoteDeploymentGroupName="" remoteDeploymentServers="">
        <group key="Deployment">
            <parameter key="Environment"></parameter>
            <parameter key="Domain">developer.atodnet.gov.au</parameter>
            <parameter key="WAMUserName">DEVELOPER\SVC_HPEXSTREAM_DEVEL</parameter>
            <parameter key="AuthorizedGlobalGroups"></parameter>
            <parameter key="Website bindings"></parameter>
            <parameter key="WebSiteName">DCSAPI${Environment}</parameter>
            <parameter key="OutBoundCorroGen.SQLInstance">OUTBSQL00001DES.product.atotnet.gov.au\SQL001</parameter>
            <parameter key="OutBoundCorroGen.Database.Name">Outbound${Environment}</parameter>
            <parameter key="SQLInstance">TECXSQL00001DES.product.atotnet.gov.au\SQL001</parameter>
            <parameter key="Database.Name">BETIDTracking${Environment}</parameter>
            <parameter key="Hangfire.SQLInstance">DCSXSQL00001ATS.product.atotnet.gov.au\SQL001</parameter>
            <parameter key="Hangfire.DatabaseName">Hangfire${Environment}</parameter>
            <parameter key="EventLog.Sink.Source">DCSAPI${Environment}</parameter>
            <parameter key="PsiDeploymentStatusEmailAddress">DCRTEnvironments2@ato.gov.au</parameter>
        </group>
        <instance key="DEA">
            <parameter key="Environment">dea</parameter>
            <parameter key="Website bindings">[http=&quot;*:10012:&quot;];[http=&quot;*:80:dcsapi${Instancekey}.developer.atodnet.gov.au&quot;]</parameter>
        </instance>
        <instance key="DEB">
            <parameter key="Environment">deb</parameter>
            <parameter key="Website bindings">[http=&quot;*:10022:&quot;];[http=&quot;*:80:dcsapi${Instancekey}.developer.atodnet.gov.au&quot;]</parameter>
        </instance>
        <instance key="DEM">
            <parameter key="Environment">dem</parameter>
            <parameter key="Website bindings">[http=&quot;*:10132:&quot;];[http=&quot;*:80:dcsapi${Instancekey}.developer.atodnet.gov.au&quot;]</parameter>
        </instance>
    </environment>
    <environment key="Level 2 - DCSXWEB01G2 - Default" remoteDeploymentGroupName="" remoteDeploymentServers="">
        <group key="Deployment">
            <parameter key="Environment"></parameter>
            <parameter key="Domain">product.atotnet.gov.au</parameter>
            <parameter key="WAMUserName">ATOTNETPRDCT\SVC_HPEXSTREAM_AT</parameter>
            <parameter key="AuthorizedGlobalGroups"></parameter>
            <parameter key="Website bindings"></parameter>
            <parameter key="WebSiteName">DCSAPI${Environment}</parameter>
            <parameter key="OutBoundCorroGen.SQLInstance">MSQSSQLA1G2AT.product.atotnet.gov.au\SQL001</parameter>
            <parameter key="OutBoundCorroGen.Database.Name">Outbound${Environment}</parameter>
            <parameter key="SQLInstance">SYD02H805FV.product.atotnet.gov.au\SQL001</parameter>
            <parameter key="Database.Name">BETIDTracking${Environment}</parameter>
            <parameter key="Hangfire.SQLInstance">DCSXSQL01G2.product.atotnet.gov.au\SQL001</parameter>
            <parameter key="Hangfire.DatabaseName">Hangfire${Environment}</parameter>
            <parameter key="EventLog.Sink.Source">DCSAPI${Environment}</parameter>
            <parameter key="PsiDeploymentStatusEmailAddress">DCRTEnvironments2@ato.gov.au</parameter>
        </group>
        <instance key="ATG">
            <parameter key="Environment">atg</parameter>
            <parameter key="Website bindings">[http=&quot;*:20072:&quot;];[http=&quot;*:80:dcsapi${Instancekey}.product.atotnet.gov.au&quot;]</parameter>
        </instance>
        <instance key="ATH">
            <parameter key="Environment">ath</parameter>
            <parameter key="Website bindings">[http=&quot;*:20082:&quot;];[http=&quot;*:80:dcsapi${Instancekey}.product.atotnet.gov.au&quot;]</parameter>
        </instance>
        <instance key="ATJ">
            <parameter key="Environment">atj</parameter>
            <parameter key="Website bindings">[http=&quot;*:20102:&quot;];[http=&quot;*:80:dcsapi${Instancekey}.product.atotnet.gov.au&quot;]</parameter>
        </instance>
        <instance key="ATN">
            <parameter key="Environment">atn</parameter>
            <parameter key="Website bindings">[http=&quot;*:20142:&quot;];[http=&quot;*:80:dcsapi${Instancekey}.product.atotnet.gov.au&quot;]</parameter>
        </instance>
        <instance key="ATW">
            <parameter key="Environment">atw</parameter>
            <parameter key="Website bindings">[http=&quot;*:20232:&quot;];[http=&quot;*:80:dcsapi${Instancekey}.product.atotnet.gov.au&quot;]</parameter>
        </instance>
        <instance key="ATL">
            <parameter key="Environment">atl</parameter>
            <parameter key="Website bindings">[http=&quot;*:20122:&quot;];[http=&quot;*:80:dcsapi${Instancekey}.product.atotnet.gov.au&quot;]</parameter>
        </instance>
    </environment>
    <environment key="Level 2 - DCSXWEB00001ATS - Default" remoteDeploymentGroupName="" remoteDeploymentServers="">
        <group key="Deployment">
            <parameter key="Environment"></parameter>
            <parameter key="Domain">product.atotnet.gov.au</parameter>
            <parameter key="WAMUserName">ATOTNETPRDCT\SVC_HPEXSTREAM_AT</parameter>
            <parameter key="AuthorizedGlobalGroups"></parameter>
            <parameter key="Website bindings"></parameter>
            <parameter key="WebSiteName">DCSAPI${Environment}</parameter>
            <parameter key="OutBoundCorroGen.SQLInstance">OUTBSQL00001ATS.product.atotnet.gov.au\SQL001</parameter>
            <parameter key="OutBoundCorroGen.Database.Name">Outbound${Environment}</parameter>
            <parameter key="SQLInstance">TECXSQL00003ATS.product.atotnet.gov.au\SQL001</parameter>
            <parameter key="Database.Name">BETIDTracking${Environment}</parameter>
            <parameter key="Hangfire.SQLInstance">DCSXSQL00001ATS.product.atotnet.gov.au\SQL001</parameter>
            <parameter key="Hangfire.DatabaseName">Hangfire${Environment}</parameter>
            <parameter key="EventLog.Sink.Source">DCSAPI${Environment}</parameter>
            <parameter key="PsiDeploymentStatusEmailAddress">DCRTEnvironments2@ato.gov.au</parameter>
        </group>
        <instance key="ATA">
            <parameter key="Environment">ata</parameter>
            <parameter key="Website bindings">[http=&quot;*:20012:&quot;];[http=&quot;*:80:dcsapi${Instancekey}.product.atotnet.gov.au&quot;]</parameter>
        </instance>
        <instance key="ATB">
            <parameter key="Environment">atb</parameter>
            <parameter key="Website bindings">[http=&quot;*:20022:&quot;];[http=&quot;*:80:dcsapi${Instancekey}.product.atotnet.gov.au&quot;]</parameter>
        </instance>
        <instance key="ATM">
            <parameter key="Environment">atm</parameter>
            <parameter key="Website bindings">[http=&quot;*:20132:&quot;];[http=&quot;*:80:dcsapi${Instancekey}.product.atotnet.gov.au&quot;]</parameter>
        </instance>
    </environment>
    <environment key="Level 3 - DCSXWEBB1G3PT - Default" remoteDeploymentGroupName="" remoteDeploymentServers="">
        <group key="Deployment">
            <parameter key="Environment"></parameter>
            <parameter key="Domain">integrate.atotnet.gov.au</parameter>
            <parameter key="WAMUserName">ATOTNETINTGRT\SVC_HPEXSTREAM_PT</parameter>
            <parameter key="AuthorizedGlobalGroups"></parameter>
            <parameter key="Website bindings"></parameter>
            <parameter key="WebSiteName">DCSAPI${Environment}</parameter>
            <parameter key="OutBoundCorroGen.SQLInstance">MSQSSQLA1G3PT.INTEGRATE.ATOTNET.GOV.AU\SQL001</parameter>
            <parameter key="OutBoundCorroGen.Database.Name">Outbound${Environment}</parameter>
            <parameter key="SQLInstance">SYD02H555IV.INTEGRATE.ATOTNET.GOV.AU\SQL001</parameter>
            <parameter key="Database.Name">BETIDTracking${Environment}</parameter>
            <parameter key="Hangfire.SQLInstance">DCSXSQLAZG3PT.INTEGRATE.ATOTNET.GOV.AU\SQL001</parameter>
            <parameter key="Hangfire.DatabaseName">Hangfire${Environment}</parameter>
            <parameter key="EventLog.Sink.Source">DCSAPI${Environment}</parameter>
            <parameter key="PsiDeploymentStatusEmailAddress">DCRTEnvironments2@ato.gov.au</parameter>
        </group>
        <instance key="PTG">
            <parameter key="Environment">ptg</parameter>
            <parameter key="Website bindings">[http=&quot;*:30072:&quot;];[http=&quot;*:80:dcsapi${Instancekey}.integrate.atotnet.gov.au&quot;]</parameter>
        </instance>
        <instance key="PTR">
            <parameter key="Environment">ptr</parameter>
            <parameter key="Website bindings">[http=&quot;*:30182:&quot;];[http=&quot;*:80:dcsapi${Instancekey}.integrate.atotnet.gov.au&quot;]</parameter>
        </instance>
        <instance key="PTI">
            <parameter key="Environment">pti</parameter>
            <parameter key="Website bindings">[http=&quot;*:30092:&quot;];[http=&quot;*:80:dcsapi${Instancekey}.integrate.atotnet.gov.au&quot;]</parameter>
        </instance>
        <instance key="PTE">
            <parameter key="Environment">pte</parameter>
            <parameter key="Website bindings">[http=&quot;*:30052:&quot;];[http=&quot;*:80:dcsapi${Instancekey}.integrate.atotnet.gov.au&quot;]</parameter>
        </instance>
        <instance key="PTW">
            <parameter key="Environment">ptw</parameter>
            <parameter key="Website bindings">[http=&quot;*:30232:&quot;];[http=&quot;*:80:dcsapi${Instancekey}.integrate.atotnet.gov.au&quot;]</parameter>
        </instance>
        <instance key="PTH">
            <parameter key="Environment">pth</parameter>
            <parameter key="Website bindings">[http=&quot;*:30082:&quot;];[http=&quot;*:80:dcsapi${Instancekey}.integrate.atotnet.gov.au&quot;]</parameter>
        </instance>
    </environment>
    <environment key="Level 3 - DCSXWEB00001PTS - Default" remoteDeploymentGroupName="" remoteDeploymentServers="">
        <group key="Deployment">
            <parameter key="Environment"></parameter>
            <parameter key="Domain">integrate.atotnet.gov.au</parameter>
            <parameter key="WAMUserName">ATOTNETINTGRT\SVC_HPEXSTREAM_PT</parameter>
            <parameter key="AuthorizedGlobalGroups"></parameter>
            <parameter key="Website bindings"></parameter>
            <parameter key="WebSiteName">DCSAPI${Environment}</parameter>
            <parameter key="OutBoundCorroGen.SQLInstance">OUTBSQL00002PTS.INTEGRATE.ATOTNET.GOV.AU\SQL001</parameter>
            <parameter key="OutBoundCorroGen.Database.Name">Outbound${Environment}</parameter>
            <parameter key="SQLInstance">TECXSQL00001PTS.INTEGRATE.ATOTNET.GOV.AU\SQL001</parameter>
            <parameter key="Database.Name">BETIDTracking${Environment}</parameter>
            <parameter key="Hangfire.SQLInstance">DCSXSQL00001PTS.integrate.atotnet.gov.au\SQL001</parameter>
            <parameter key="Hangfire.DatabaseName">Hangfire${Environment}</parameter>
            <parameter key="EventLog.Sink.Source">DCSAPI${Environment}</parameter>
            <parameter key="PsiDeploymentStatusEmailAddress">DCRTEnvironments2@ato.gov.au</parameter>
        </group>
        <instance key="PTA">
            <parameter key="Environment">pta</parameter>
            <parameter key="Website bindings">[http=&quot;*:30012:&quot;];[http=&quot;*:80:dcsapi${Instancekey}.integrate.atotnet.gov.au&quot;]</parameter>
        </instance>
        <instance key="PTB">
            <parameter key="Environment">ptb</parameter>
            <parameter key="Website bindings">[http=&quot;*:30022:&quot;];[http=&quot;*:80:dcsapi${Instancekey}.integrate.atotnet.gov.au&quot;]</parameter>
        </instance>
        <instance key="PTM">
            <parameter key="Environment">ptm</parameter>
            <parameter key="Website bindings">[http=&quot;*:30132:&quot;];[http=&quot;*:80:dcsapi${Instancekey}.integrate.atotnet.gov.au&quot;]</parameter>
        </instance>
    </environment>
    <environment key="Level 3 - DCSXWEBA1G3PT - Default" remoteDeploymentGroupName="" remoteDeploymentServers="">
        <group key="Deployment">
            <parameter key="Environment">pth</parameter>
            <parameter key="Domain">integrate.atotnet.gov.au</parameter>
            <parameter key="WAMUserName">ATOTNETINTGRT\SVC_HPEXSTREAM_PT</parameter>
            <parameter key="AuthorizedGlobalGroups"></parameter>
            <parameter key="Website bindings">[http=&quot;*:211:&quot;]</parameter>
            <parameter key="WebSiteName">DCSAPI${Environment}</parameter>
            <parameter key="OutBoundCorroGen.SQLInstance">MSQSSQLA1G3PT.INTEGRATE.ATOTNET.GOV.AU\SQL001</parameter>
            <parameter key="OutBoundCorroGen.Database.Name">Outbound${Environment}</parameter>
            <parameter key="SQLInstance">SYD02H555IV.INTEGRATE.ATOTNET.GOV.AU\SQL001</parameter>
            <parameter key="Database.Name">BETIDTracking${Environment}</parameter>
            <parameter key="Hangfire.SQLInstance">DCSXSQLAZG3PT.INTEGRATE.ATOTNET.GOV.AU\SQL001</parameter>
            <parameter key="Hangfire.DatabaseName">Hangfire${Environment}</parameter>
            <parameter key="EventLog.Sink.Source">DCSAPI${Environment}</parameter>
            <parameter key="PsiDeploymentStatusEmailAddress">DCRTEnvironments2@ato.gov.au</parameter>
        </group>
        <instance key="PTW">
            <parameter key="Environment">ptw</parameter>
            <parameter key="Website bindings">[http=&quot;*:911:&quot;];[http=&quot;*:80:dcsapi${Instancekey}.integrate.atotnet.gov.au&quot;]</parameter>
        </instance>
        <instance key="PTH">
        </instance>
    </environment>
    <environment key="Level 3 - DCSXWEBB2G3PT - Default" remoteDeploymentGroupName="" remoteDeploymentServers="">
        <group key="Deployment">
            <parameter key="Environment"></parameter>
            <parameter key="Domain">integrate.atotnet.gov.au</parameter>
            <parameter key="WAMUserName">ATOTNETINTGRT\SVC_HPEXSTREAM_PT</parameter>
            <parameter key="AuthorizedGlobalGroups"></parameter>
            <parameter key="Website bindings"></parameter>
            <parameter key="WebSiteName">DCSAPI${Environment}</parameter>
            <parameter key="OutBoundCorroGen.SQLInstance">MSQSSQLA1G3PT.INTEGRATE.ATOTNET.GOV.AU\SQL001</parameter>
            <parameter key="OutBoundCorroGen.Database.Name">Outbound${Environment}</parameter>
            <parameter key="SQLInstance">SYD02H555IV.INTEGRATE.ATOTNET.GOV.AU\SQL001</parameter>
            <parameter key="Database.Name">BETIDTracking${Environment}</parameter>
            <parameter key="Hangfire.SQLInstance">DCSXSQLAZG3PT.INTEGRATE.ATOTNET.GOV.AU\SQL001</parameter>
            <parameter key="Hangfire.DatabaseName">Hangfire${Environment}</parameter>
            <parameter key="EventLog.Sink.Source">DCSAPI${Environment}</parameter>
            <parameter key="PsiDeploymentStatusEmailAddress">DCRTEnvironments2@ato.gov.au</parameter>
        </group>
        <instance key="PTG">
            <parameter key="Environment">ptg</parameter>
            <parameter key="Website bindings">[http=&quot;*:30072:&quot;];[http=&quot;*:80:dcsapi${Instancekey}.integrate.atotnet.gov.au&quot;]</parameter>
        </instance>
        <instance key="PTR">
            <parameter key="Environment">ptr</parameter>
            <parameter key="Website bindings">[http=&quot;*:30182:&quot;];[http=&quot;*:80:dcsapi${Instancekey}.integrate.atotnet.gov.au&quot;]</parameter>
        </instance>
        <instance key="PTI">
            <parameter key="Environment">pti</parameter>
            <parameter key="Website bindings">[http=&quot;*:30092:&quot;];[http=&quot;*:80:dcsapi${Instancekey}.integrate.atotnet.gov.au&quot;]</parameter>
        </instance>
        <instance key="PTE">
            <parameter key="Environment">pte</parameter>
            <parameter key="Website bindings">[http=&quot;*:30052:&quot;];[http=&quot;*:80:dcsapi${Instancekey}.integrate.atotnet.gov.au&quot;]</parameter>
        </instance>
        <instance key="PTW">
            <parameter key="Environment">ptw</parameter>
            <parameter key="Website bindings">[http=&quot;*:30232:&quot;];[http=&quot;*:80:dcsapi${Instancekey}.integrate.atotnet.gov.au&quot;]</parameter>
        </instance>
        <instance key="PTH">
            <parameter key="Environment">pth</parameter>
            <parameter key="Website bindings">[http=&quot;*:30082:&quot;];[http=&quot;*:80:dcsapi${Instancekey}.integrate.atotnet.gov.au&quot;]</parameter>
        </instance>
    </environment>
    <environment key="Level 3 - DCSXWEB00002PTS - Default" remoteDeploymentGroupName="" remoteDeploymentServers="">
        <group key="Deployment">
            <parameter key="Environment"></parameter>
            <parameter key="Domain">integrate.atotnet.gov.au</parameter>
            <parameter key="WAMUserName">ATOTNETINTGRT\SVC_HPEXSTREAM_PT</parameter>
            <parameter key="AuthorizedGlobalGroups"></parameter>
            <parameter key="Website bindings"></parameter>
            <parameter key="WebSiteName">DCSAPI${Environment}</parameter>
            <parameter key="OutBoundCorroGen.SQLInstance">OUTBSQL00002PTS.INTEGRATE.ATOTNET.GOV.AU\SQL001</parameter>
            <parameter key="OutBoundCorroGen.Database.Name">Outbound${Environment}</parameter>
            <parameter key="SQLInstance">TECXSQL00001PTS.INTEGRATE.ATOTNET.GOV.AU\SQL001</parameter>
            <parameter key="Database.Name">BETIDTracking${Environment}</parameter>
            <parameter key="Hangfire.SQLInstance">DCSXSQL00001PTS.integrate.atotnet.gov.au\SQL001</parameter>
            <parameter key="Hangfire.DatabaseName">Hangfire${Environment}</parameter>
            <parameter key="EventLog.Sink.Source">DCSAPI${Environment}</parameter>
            <parameter key="PsiDeploymentStatusEmailAddress">DCRTEnvironments2@ato.gov.au</parameter>
        </group>
        <instance key="PTA">
            <parameter key="Environment">pta</parameter>
            <parameter key="Website bindings">[http=&quot;*:30012:&quot;];[http=&quot;*:80:dcsapi${Instancekey}.integrate.atotnet.gov.au&quot;]</parameter>
        </instance>
        <instance key="PTB">
            <parameter key="Environment">ptb</parameter>
            <parameter key="Website bindings">[http=&quot;*:30022:&quot;];[http=&quot;*:80:dcsapi${Instancekey}.integrate.atotnet.gov.au&quot;]</parameter>
        </instance>
        <instance key="PTM">
            <parameter key="Environment">ptm</parameter>
            <parameter key="Website bindings">[http=&quot;*:30132:&quot;];[http=&quot;*:80:dcsapi${Instancekey}.integrate.atotnet.gov.au&quot;]</parameter>
        </instance>
    </environment>
    <environment key="Level 3 - DCSXWEBA2G3PT - Default" remoteDeploymentGroupName="" remoteDeploymentServers="">
        <group key="Deployment">
            <parameter key="Environment">pth</parameter>
            <parameter key="Domain">integrate.atotnet.gov.au</parameter>
            <parameter key="WAMUserName">ATOTNETINTGRT\SVC_HPEXSTREAM_PT</parameter>
            <parameter key="AuthorizedGlobalGroups"></parameter>
            <parameter key="Website bindings">[http=&quot;*:211:&quot;]</parameter>
            <parameter key="WebSiteName">DCSAPI${Environment}</parameter>
            <parameter key="OutBoundCorroGen.SQLInstance">MSQSSQLA1G3PT.INTEGRATE.ATOTNET.GOV.AU\SQL001</parameter>
            <parameter key="OutBoundCorroGen.Database.Name">Outbound${Environment}</parameter>
            <parameter key="SQLInstance">SYD02H555IV.INTEGRATE.ATOTNET.GOV.AU\SQL001</parameter>
            <parameter key="Database.Name">BETIDTracking${Environment}</parameter>
            <parameter key="Hangfire.SQLInstance">DCSXSQLAZG3PT.INTEGRATE.ATOTNET.GOV.AU\SQL001</parameter>
            <parameter key="Hangfire.DatabaseName">Hangfire${Environment}</parameter>
            <parameter key="EventLog.Sink.Source">DCSAPI${Environment}</parameter>
            <parameter key="PsiDeploymentStatusEmailAddress">DCRTEnvironments2@ato.gov.au</parameter>
        </group>
        <instance key="PTW">
            <parameter key="Environment">ptw</parameter>
            <parameter key="Website bindings">[http=&quot;*:911:&quot;];[http=&quot;*:80:dcsapi${Instancekey}.integrate.atotnet.gov.au&quot;]</parameter>
        </instance>
        <instance key="PTH">
        </instance>
    </environment>
    <environment key="Level 3 EFIX - DCSXWEBA1G4EFIX - Default" remoteDeploymentGroupName="" remoteDeploymentServers="">
        <group key="Deployment">
            <parameter key="Environment"></parameter>
            <parameter key="Domain">uat.atoqnet.gov.au</parameter>
            <parameter key="WAMUserName">ATOQNETUAT\SVC_HPEXSTREAM_UAT</parameter>
            <parameter key="AuthorizedGlobalGroups"></parameter>
            <parameter key="Website bindings">[http=&quot;*:80:dcsapi${Instancekey}.uat.atoqnet.gov.au&quot;]</parameter>
            <parameter key="WebSiteName">DCSAPI${Environment}</parameter>
            <parameter key="OutBoundCorroGen.SQLInstance">MSQSSQLDPG4UAT.uat.atoqnet.gov.au\SQL001</parameter>
            <parameter key="OutBoundCorroGen.Database.Name">Outbound${Environment}</parameter>
            <parameter key="SQLInstance">MSQSSQLAZG4UAT.uat.atoqnet.gov.au\SQL001</parameter>
            <parameter key="Database.Name">BETIDTracking${Environment}</parameter>
            <parameter key="Hangfire.SQLInstance">DCSXSQLAZG4EFIX.uat.atoqnet.gov.au\SQL001</parameter>
            <parameter key="Hangfire.DatabaseName">Hangfire${Environment}</parameter>
            <parameter key="EventLog.Sink.Source">DCSAPI${Environment}</parameter>
            <parameter key="PsiDeploymentStatusEmailAddress">DCRTEnvironments2@ato.gov.au</parameter>
        </group>
        <instance key="EFIX">
            <parameter key="Environment">efix</parameter>
            <parameter key="Website bindings">[http=&quot;*:42002:&quot;];[http=&quot;*:80:dcsapi${Instancekey}.uat.atoqnet.gov.au&quot;]</parameter>
            <parameter key="SQLInstance">MSQSSQLAZG4UAT.uat.atoqnet.gov.au\SQL001</parameter>
        </instance>
    </environment>
    <environment key="Level 3 EFIX - DCSXWEBA2G4EFIX - Default" remoteDeploymentGroupName="" remoteDeploymentServers="">
        <group key="Deployment">
            <parameter key="Environment"></parameter>
            <parameter key="Domain">uat.atoqnet.gov.au</parameter>
            <parameter key="WAMUserName">ATOQNETUAT\SVC_HPEXSTREAM_UAT</parameter>
            <parameter key="AuthorizedGlobalGroups"></parameter>
            <parameter key="Website bindings">[http=&quot;*:80:dcsapi${Instancekey}.uat.atoqnet.gov.au&quot;]</parameter>
            <parameter key="WebSiteName">DCSAPI${Environment}</parameter>
            <parameter key="OutBoundCorroGen.SQLInstance">MSQSSQLDPG4UAT.uat.atoqnet.gov.au\SQL001</parameter>
            <parameter key="OutBoundCorroGen.Database.Name">Outbound${Environment}</parameter>
            <parameter key="SQLInstance">MSQSSQLAZG4UAT.uat.atoqnet.gov.au\SQL001</parameter>
            <parameter key="Database.Name">BETIDTracking${Environment}</parameter>
            <parameter key="Hangfire.SQLInstance">DCSXSQLAZG4EFIX.uat.atoqnet.gov.au\SQL001</parameter>
            <parameter key="Hangfire.DatabaseName">Hangfire${Environment}</parameter>
            <parameter key="EventLog.Sink.Source">DCSAPI${Environment}</parameter>
            <parameter key="PsiDeploymentStatusEmailAddress">DCRTEnvironments2@ato.gov.au</parameter>
        </group>
        <instance key="EFIX">
            <parameter key="Environment">efix</parameter>
            <parameter key="Website bindings">[http=&quot;*:42002:&quot;];[http=&quot;*:80:dcsapi${Instancekey}.uat.atoqnet.gov.au&quot;]</parameter>
            <parameter key="SQLInstance">MSQSSQLAZG4UAT.uat.atoqnet.gov.au\SQL001</parameter>
        </instance>
    </environment>
    <environment key="LEVEL 4 UAT - SYD02H008UVA1 - Default" remoteDeploymentGroupName="" remoteDeploymentServers="">
        <group key="Deployment">
            <parameter key="Environment"></parameter>
            <parameter key="Domain">uat.atoqnet.gov.au</parameter>
            <parameter key="WAMUserName">ATOQNETUAT\SVC_HPEXSTREAM_UAT</parameter>
            <parameter key="AuthorizedGlobalGroups"></parameter>
            <parameter key="Website bindings"></parameter>
            <parameter key="WebSiteName">DCSAPI${Environment}</parameter>
            <parameter key="OutBoundCorroGen.SQLInstance">MSQSSQLDPG4UAT.uat.atoqnet.gov.au\SQL001</parameter>
            <parameter key="OutBoundCorroGen.Database.Name">Outbound${Environment}</parameter>
            <parameter key="SQLInstance"></parameter>
            <parameter key="Database.Name">BETIDTracking${Environment}</parameter>
            <parameter key="Hangfire.SQLInstance">EXSTSQLAZPPRFE.perf.atoqnet.gov.au\SQL001</parameter>
            <parameter key="Hangfire.DatabaseName">Hangfire${Environment}</parameter>
            <parameter key="EventLog.Sink.Source">DCSAPI${Environment}</parameter>
            <parameter key="PsiDeploymentStatusEmailAddress">DCRTEnvironments2@ato.gov.au</parameter>
        </group>
        <instance key="UCTD">
            <parameter key="Environment">uctd</parameter>
            <parameter key="Website bindings">[http=&quot;*:40042:&quot;];[http=&quot;*:80:dcsapi${Instancekey}.uat.atoqnet.gov.au&quot;]</parameter>
            <parameter key="SQLInstance">MSQSSQL00002UCD.uat.atoqnet.gov.au\SQL001</parameter>
        </instance>
        <instance key="UATI">
            <parameter key="Environment">uati</parameter>
            <parameter key="Website bindings">[http=&quot;*:40092:&quot;];[http=&quot;*:80:dcsapi${Instancekey}.uat.atoqnet.gov.au&quot;]</parameter>
            <parameter key="SQLInstance">MSQSSQLAZG4UAT.uat.atoqnet.gov.au\SQL001</parameter>
        </instance>
        <instance key="UCTC">
            <parameter key="Environment">uctc</parameter>
            <parameter key="Website bindings">[http=&quot;*:40032:&quot;];[http=&quot;*:80:dcsapi${Instancekey}.uat.atoqnet.gov.au&quot;]</parameter>
            <parameter key="OutBoundCorroGen.SQLInstance">MSQSSQLD0G4UAT.uat.atoqnet.gov.au\SQL001</parameter>
            <parameter key="SQLInstance">MSQSSQL00002UCD.uat.atoqnet.gov.au\SQL001</parameter>
        </instance>
        <instance key="UATK">
            <parameter key="Environment">uatk</parameter>
            <parameter key="Website bindings">[http=&quot;*:40112:&quot;];[http=&quot;*:80:dcsapi${Instancekey}.uat.atoqnet.gov.au&quot;]</parameter>
            <parameter key="OutBoundCorroGen.SQLInstance">MSQSSQLD0G4UAT.uat.atoqnet.gov.au\SQL001</parameter>
            <parameter key="SQLInstance">MSQSSQLA1G4UAT.uat.atoqnet.gov.au\SQL001</parameter>
        </instance>
    </environment>
    <environment key="LEVEL 4 UAT - SYD02H008UVA2 - Default" remoteDeploymentGroupName="" remoteDeploymentServers="">
        <group key="Deployment">
            <parameter key="Environment"></parameter>
            <parameter key="Domain">uat.atoqnet.gov.au</parameter>
            <parameter key="WAMUserName">ATOQNETUAT\SVC_HPEXSTREAM_UAT</parameter>
            <parameter key="AuthorizedGlobalGroups"></parameter>
            <parameter key="Website bindings"></parameter>
            <parameter key="WebSiteName">DCSAPI${Environment}</parameter>
            <parameter key="OutBoundCorroGen.SQLInstance">MSQSSQLDPG4UAT.uat.atoqnet.gov.au\SQL001</parameter>
            <parameter key="OutBoundCorroGen.Database.Name">Outbound${Environment}</parameter>
            <parameter key="SQLInstance"></parameter>
            <parameter key="Database.Name">BETIDTracking${Environment}</parameter>
            <parameter key="Hangfire.SQLInstance">EXSTSQLAZPPRFE.perf.atoqnet.gov.au\SQL001</parameter>
            <parameter key="Hangfire.DatabaseName">Hangfire${Environment}</parameter>
            <parameter key="EventLog.Sink.Source">DCSAPI${Environment}</parameter>
            <parameter key="PsiDeploymentStatusEmailAddress">DCRTEnvironments2@ato.gov.au</parameter>
        </group>
        <instance key="UCTD">
            <parameter key="Environment">uctd</parameter>
            <parameter key="Website bindings">[http=&quot;*:40042:&quot;];[http=&quot;*:80:dcsapi${Instancekey}.uat.atoqnet.gov.au&quot;]</parameter>
            <parameter key="SQLInstance">MSQSSQL00002UCD.uat.atoqnet.gov.au\SQL001</parameter>
        </instance>
        <instance key="UATI">
            <parameter key="Environment">uati</parameter>
            <parameter key="Website bindings">[http=&quot;*:40092:&quot;];[http=&quot;*:80:dcsapi${Instancekey}.uat.atoqnet.gov.au&quot;]</parameter>
            <parameter key="SQLInstance">MSQSSQLAZG4UAT.uat.atoqnet.gov.au\SQL001</parameter>
        </instance>
        <instance key="UCTC">
            <parameter key="Environment">uctc</parameter>
            <parameter key="Website bindings">[http=&quot;*:40032:&quot;];[http=&quot;*:80:dcsapi${Instancekey}.uat.atoqnet.gov.au&quot;]</parameter>
            <parameter key="OutBoundCorroGen.SQLInstance">MSQSSQLD0G4UAT.uat.atoqnet.gov.au\SQL001</parameter>
            <parameter key="SQLInstance">MSQSSQL00002UCD.uat.atoqnet.gov.au\SQL001</parameter>
        </instance>
        <instance key="UATK">
            <parameter key="Environment">uatk</parameter>
            <parameter key="Website bindings">[http=&quot;*:40112:&quot;];[http=&quot;*:80:dcsapi${Instancekey}.uat.atoqnet.gov.au&quot;]</parameter>
            <parameter key="OutBoundCorroGen.SQLInstance">MSQSSQLD0G4UAT.uat.atoqnet.gov.au\SQL001</parameter>
            <parameter key="SQLInstance">MSQSSQLA1G4UAT.uat.atoqnet.gov.au\SQL001</parameter>
        </instance>
    </environment>
    <environment key="LEVEL 4 PERF - EXSTWEBA1GPPRFE - Default" remoteDeploymentGroupName="" remoteDeploymentServers="">
        <group key="Deployment">
            <parameter key="Environment"></parameter>
            <parameter key="Domain">perf.atoqnet.gov.au</parameter>
            <parameter key="WAMUserName">ATOQNETPERF\SVC_HPEXSTREAM_PERF</parameter>
            <parameter key="AuthorizedGlobalGroups"></parameter>
            <parameter key="Website bindings"></parameter>
            <parameter key="WebSiteName">DCSAPI${Environment}</parameter>
            <parameter key="OutBoundCorroGen.SQLInstance"></parameter>
            <parameter key="OutBoundCorroGen.Database.Name">Outbound${Environment}</parameter>
            <parameter key="SQLInstance"></parameter>
            <parameter key="Database.Name">BETIDTracking${Environment}</parameter>
            <parameter key="Hangfire.SQLInstance">EXSTSQLAZPPRFE.perf.atoqnet.gov.au\SQL001</parameter>
            <parameter key="Hangfire.DatabaseName">Hangfire${Environment}</parameter>
            <parameter key="EventLog.Sink.Source">DCSAPI${Environment}</parameter>
            <parameter key="PsiDeploymentStatusEmailAddress">DCRTEnvironments2@ato.gov.au</parameter>
        </group>
        <instance key="PRFB">
            <parameter key="Environment">prfb</parameter>
            <parameter key="Website bindings">[http=&quot;*:41022:&quot;];[http=&quot;*:80:dcsapi${Instancekey}.perf.atoqnet.gov.au&quot;]</parameter>
            <parameter key="OutBoundCorroGen.SQLInstance">MSQSSQLAPAPPRF.perf.atoqnet.gov.au\SQL001</parameter>
            <parameter key="SQLInstance">MSQSSQLAZAPPRFB.perf.atoqnet.gov.au\SQL001</parameter>
        </instance>
        <instance key="PRFE">
            <parameter key="Environment">prfe</parameter>
            <parameter key="Website bindings">[http=&quot;*:41052:&quot;];[http=&quot;*:80:dcsapi${Instancekey}.perf.atoqnet.gov.au&quot;]</parameter>
            <parameter key="OutBoundCorroGen.SQLInstance">MSQSSQLCPGPPRFE.perf.atoqnet.gov.au\SQL001</parameter>
            <parameter key="SQLInstance">MSQSSQLAZGPPRFE.perf.atoqnet.gov.au\SQL001</parameter>
        </instance>
        <instance key="PRFG">
            <parameter key="Environment">prfg</parameter>
            <parameter key="Website bindings">[http=&quot;*:41072:&quot;];[http=&quot;*:80:dcsapi${Instancekey}.perf.atoqnet.gov.au&quot;]</parameter>
            <parameter key="OutBoundCorroGen.SQLInstance">MSQSSQLAPAPPRF.perf.atoqnet.gov.au\SQL001</parameter>
            <parameter key="SQLInstance">MSQSSQLAZAPPRFB.perf.atoqnet.gov.au\SQL001</parameter>
        </instance>
    </environment>
    <environment key="LEVEL 4 PERF - EXSTWEBA2GPPRFE - Default" remoteDeploymentGroupName="" remoteDeploymentServers="">
        <group key="Deployment">
            <parameter key="Environment"></parameter>
            <parameter key="Domain">perf.atoqnet.gov.au</parameter>
            <parameter key="WAMUserName">ATOQNETPERF\SVC_HPEXSTREAM_PERF</parameter>
            <parameter key="AuthorizedGlobalGroups"></parameter>
            <parameter key="Website bindings"></parameter>
            <parameter key="WebSiteName">DCSAPI${Environment}</parameter>
            <parameter key="OutBoundCorroGen.SQLInstance"></parameter>
            <parameter key="OutBoundCorroGen.Database.Name">Outbound${Environment}</parameter>
            <parameter key="SQLInstance"></parameter>
            <parameter key="Database.Name">BETIDTracking${Environment}</parameter>
            <parameter key="Hangfire.SQLInstance">EXSTSQLAZPPRFE.perf.atoqnet.gov.au\SQL001</parameter>
            <parameter key="Hangfire.DatabaseName">Hangfire${Environment}</parameter>
            <parameter key="EventLog.Sink.Source">DCSAPI${Environment}</parameter>
            <parameter key="PsiDeploymentStatusEmailAddress">DCRTEnvironments2@ato.gov.au</parameter>
        </group>
        <instance key="PRFB">
            <parameter key="Environment">prfb</parameter>
            <parameter key="Website bindings">[http=&quot;*:41022:&quot;];[http=&quot;*:80:dcsapi${Instancekey}.perf.atoqnet.gov.au&quot;]</parameter>
            <parameter key="OutBoundCorroGen.SQLInstance">MSQSSQLAPAPPRF.perf.atoqnet.gov.au\SQL001</parameter>
            <parameter key="SQLInstance">MSQSSQLAZAPPRFB.perf.atoqnet.gov.au\SQL001</parameter>
        </instance>
        <instance key="PRFE">
            <parameter key="Environment">prfe</parameter>
            <parameter key="Website bindings">[http=&quot;*:41052:&quot;];[http=&quot;*:80:dcsapi${Instancekey}.perf.atoqnet.gov.au&quot;]</parameter>
            <parameter key="OutBoundCorroGen.SQLInstance">MSQSSQLCPGPPRFE.perf.atoqnet.gov.au\SQL001</parameter>
            <parameter key="SQLInstance">MSQSSQLAZGPPRFE.perf.atoqnet.gov.au\SQL001</parameter>
        </instance>
        <instance key="PRFG">
            <parameter key="Environment">prfg</parameter>
            <parameter key="Website bindings">[http=&quot;*:41072:&quot;];[http=&quot;*:80:dcsapi${Instancekey}.perf.atoqnet.gov.au&quot;]</parameter>
            <parameter key="OutBoundCorroGen.SQLInstance">MSQSSQLAPAPPRF.perf.atoqnet.gov.au\SQL001</parameter>
            <parameter key="SQLInstance">MSQSSQLAZAPPRFB.perf.atoqnet.gov.au\SQL001</parameter>
        </instance>
    </environment>
    <environment key="LEVEL 5 - SYD02H577PVA1 - Default" remoteDeploymentGroupName="" remoteDeploymentServers="">
        <group key="Deployment">
            <parameter key="Environment">PROD</parameter>
            <parameter key="Domain">prod.atonet.gov.au</parameter>
            <parameter key="WAMUserName">ATONET\Service_HPExstream</parameter>
            <parameter key="AuthorizedGlobalGroups">APP_DCS_ADMIN_COMMAND_CENTER_GG</parameter>
            <parameter key="Website bindings">[http=&quot;*:80:dcsapi.prod.atonet.gov.au&quot;];[http=&quot;*:80:dcsapinode1.prod.atonet.gov.au&quot;]</parameter>
            <parameter key="WebSiteName">DCSAPI</parameter>
            <parameter key="OutBoundCorroGen.SQLInstance">MSQSSQLDPG5.PROD.ATONET.GOV.AU\SQL001</parameter>
            <parameter key="OutBoundCorroGen.Database.Name">OutboundCorrogen_R3Prod</parameter>
            <parameter key="SQLInstance">MSQSSQLAZG5.PROD.ATONET.GOV.AU\SQL001</parameter>
            <parameter key="Database.Name">BETIDTracking</parameter>
            <parameter key="Hangfire.SQLInstance">DCSXSQLAZG5.prod.atonet.gov.au\SQL001</parameter>
            <parameter key="Hangfire.DatabaseName">Hangfire</parameter>
            <parameter key="EventLog.Sink.Source">DCSAPI</parameter>
            <parameter key="PsiDeploymentStatusEmailAddress">DCRTEnvironments2@ato.gov.au</parameter>
        </group>
    </environment>
    <environment key="LEVEL 5 - SYD02H577PVA2 - Default" remoteDeploymentGroupName="" remoteDeploymentServers="">
        <group key="Deployment">
            <parameter key="Environment">PROD</parameter>
            <parameter key="Domain">prod.atonet.gov.au</parameter>
            <parameter key="WAMUserName">ATONET\Service_HPExstream</parameter>
            <parameter key="AuthorizedGlobalGroups">APP_DCS_ADMIN_COMMAND_CENTER_GG</parameter>
            <parameter key="Website bindings">[http=&quot;*:80:dcsapi.prod.atonet.gov.au&quot;];[http=&quot;*:80:dcsapinode2.prod.atonet.gov.au&quot;]</parameter>
            <parameter key="WebSiteName">DCSAPI</parameter>
            <parameter key="OutBoundCorroGen.SQLInstance">MSQSSQLDPG5.PROD.ATONET.GOV.AU\SQL001</parameter>
            <parameter key="OutBoundCorroGen.Database.Name">OutboundCorrogen_R3Prod</parameter>
            <parameter key="SQLInstance">MSQSSQLAZG5.PROD.ATONET.GOV.AU\SQL001</parameter>
            <parameter key="Database.Name">BETIDTracking</parameter>
            <parameter key="Hangfire.SQLInstance">DCSXSQLAZG5.prod.atonet.gov.au\SQL001</parameter>
            <parameter key="Hangfire.DatabaseName">Hangfire</parameter>
            <parameter key="EventLog.Sink.Source">DCSAPI</parameter>
            <parameter key="PsiDeploymentStatusEmailAddress">DCRTEnvironments2@ato.gov.au</parameter>
        </group>
    </environment>
</environments>
