<?xml version="1.0" encoding="UTF-8"?>
<configuration>

<textfiles>
    <textfile action="install">
      <filename>${TargetDir}\DCS.BAU.ReportingTool\appsettings.json</filename>
      <substitution>
        <targetstring regex="true">("HangfireDatabase")(.*)</targetstring>
        <newstring>"HangfireDatabase": "${HangfireDatabase}",</newstring>
      </substitution>
      <substitution>
        <targetstring regex="true">("ServiceName")(.*)</targetstring>
        <newstring>"ServiceName": "${ServiceName}",</newstring>
      </substitution>
      <substitution>
        <targetstring regex="true">("source")(.*)</targetstring>
        <newstring>"source": "${ServiceName}",</newstring>
      </substitution>
      <substitution>
        <targetstring regex="true">("Environment")(.*)</targetstring>
        <newstring>"Environment": "${Environment}",</newstring>
      </substitution>
      <substitution>
        <targetstring regex="true">("MachineAlias")(.*)</targetstring>
        <newstring>"MachineAlias": "${MachineAlias}",</newstring>
      </substitution>
      <substitution>
        <targetstring regex="true">("RESTAPIPort")(.*)</targetstring>
        <newstring>"RESTAPIPort": ${RESTAPIPort},</newstring>
      </substitution>
      <substitution>
        <targetstring regex="true">("UseCertificateForSSL")(.*)</targetstring>
        <newstring>"UseCertificateForSSL": ${UseCertificateForSSL},</newstring>
      </substitution>
      <substitution>
        <targetstring regex="true">("CertificateSubject")(.*)</targetstring>
        <newstring>"CertificateSubject": "${CertificateSubject}",</newstring>
      </substitution>
      <substitution>
        <targetstring regex="true">("EmailApiBaseAddress")(.*)</targetstring>
        <newstring>"EmailApiBaseAddress": "${EmailApiBaseAddress}",</newstring>
      </substitution>
      <substitution>
        <targetstring regex="true">("ErrorNotificationTo")(.*)</targetstring>
        <newstring>"ErrorNotificationTo": "${ErrorNotificationTo}",</newstring>
      </substitution>
      <substitution>
        <targetstring regex="true">("ErrorNotificationFromName")(.*)</targetstring>
        <newstring>"ErrorNotificationFromName": "${ErrorNotificationFromName}",</newstring>
      </substitution>
      <substitution>
        <targetstring regex="true">("ErrorNotificationFromAddress")(.*)</targetstring>
        <newstring>"ErrorNotificationFromAddress": "${ErrorNotificationFromAddress}",</newstring>
      </substitution>
      <substitution>
        <targetstring regex="true">("SharedFolderLocation")(.*)</targetstring>
        <newstring>"SharedFolderLocation": "${SharedFolderLocation}",</newstring>
      </substitution>
      <substitution>
        <targetstring regex="true">("HangfireThreadsToRun")(.*)</targetstring>
        <newstring>"HangfireThreadsToRun": "${HangfireThreadCount}",</newstring>
      </substitution>
    </textfile>
    <textfile action="install">
      <filename>${TargetDir}\DCS.BAU.ReportingTool\DCS.BAU.ReportingTool.AppDynamicsConfig.json</filename>
      <substitution>
        <targetstring regex="true">("host":)(.*)</targetstring>
        <newstring>"host": "${AppDynamics_Host}",</newstring>
      </substitution>
      <substitution>
        <targetstring regex="true">("port":)(.*)</targetstring>
        <newstring>"port": ${AppDynamics_Port},</newstring>
      </substitution>
      <substitution>
        <targetstring regex="true">("ssl":)(.*)</targetstring>
        <newstring>"ssl": ${AppDynamics_SSL},</newstring>
      </substitution>
      <substitution>
        <targetstring regex="true">("enable_tls12":)(.*)</targetstring>
        <newstring>"enable_tls12": ${AppDynamics_EnableTls},</newstring>
      </substitution>
      <substitution>
        <targetstring regex="true">("account":)(.*)</targetstring>
        <newstring>"account": "${AppDynamics_Account}",</newstring>
      </substitution>
      <substitution>
        <targetstring regex="true">("password":)(.*)</targetstring>
        <newstring>"password": "${AppDynamics_Password}",</newstring>
      </substitution>
      <substitution>
        <targetstring regex="true">("name":)(.*)</targetstring>
        <newstring>"name": "${AppDynamics_Name}",</newstring>
      </substitution>
      <substitution>
        <targetstring regex="true">("tier":)(.*)</targetstring>
        <newstring>"tier": "${AppDynamics_Tier}",</newstring>
      </substitution>
    </textfile>
  </textfiles>

  <configurationChanges>
    <!--
      FTP Reports
    -->
    <configurationChange>
      <file>${TargetDir}\DCS.BAU.ReportingTool\OutputFiles\FTPReports\Settings.xml</file>
      <!--
          Reporting - CCS
        -->
      <nodeChanges>
        <nodeChange action="update">
          <xpath>/settings/CCS/OutputFolder</xpath>
          <value>${CCSOutputFolder}</value>
        </nodeChange>
        <nodeChange action="update">
          <xpath>/settings/CCS/SheetName</xpath>
          <value>${CCSSheetName}</value>
        </nodeChange>
        <nodeChange action="update">
          <xpath>/settings/CCS/Subject</xpath>
          <value>${CCSSubject}</value>
        </nodeChange>
        <nodeChange action="update">
          <xpath>/settings/CCS/TemplatePath</xpath>
          <value>${CCSTemplatePath}</value>
        </nodeChange>
        <nodeChange action="update">
          <xpath>/settings/CCS/WorkbookName</xpath>
          <value>${CCSWorkbookName}</value>
        </nodeChange>
        <nodeChange action="update">
          <xpath>/settings/CCS/SaveToSharePoint</xpath>
          <value>${CCSSaveToSharePoint}</value>
        </nodeChange>
        <nodeChange action="update">
          <xpath>/settings/CCS/SharePointSiteUrl</xpath>
          <value>${CCSSharePointSiteUrl}</value>
        </nodeChange>
        <nodeChange action="update">
          <xpath>/settings/CCS/RemoveLocalFiles</xpath>
          <value>${CCSRemoveLocalFiles}</value>
        </nodeChange>
        <nodeChange action="update">
          <xpath>/settings/CCS/SharePointFolderPath</xpath>
          <value>${CCSSharePointFolderPath}</value>
        </nodeChange>
        <!--
          Reporting - CCS Runsheet
        -->
        <nodeChange action="update">
          <xpath>/settings/CCSRunsheet/OutputFolder</xpath>
          <value>${CCSRunsheetOutputFolder}</value>
        </nodeChange>
        <nodeChange action="update">
          <xpath>/settings/CCSRunsheet/SheetName</xpath>
          <value>${CCSRunsheetSheetName}</value>
        </nodeChange>
        <nodeChange action="update">
          <xpath>/settings/CCSRunsheet/TemplatePath</xpath>
          <value>${CCSRunsheetTemplatePath}</value>
        </nodeChange>
        <nodeChange action="update">
          <xpath>/settings/CCSRunsheet/WorkbookName</xpath>
          <value>${CCSRunsheetWorkbookName}</value>
        </nodeChange>
        <nodeChange action="update">
          <xpath>/settings/CCSRunsheet/SaveToSharePoint</xpath>
          <value>${CCSRunsheetSaveToSharePoint}</value>
        </nodeChange>
        <nodeChange action="update">
          <xpath>/settings/CCSRunsheet/SharePointSiteUrl</xpath>
          <value>${CCSRunsheetSharePointSiteUrl}</value>
        </nodeChange>
        <nodeChange action="update">
          <xpath>/settings/CCSRunsheet/RemoveLocalFiles</xpath>
          <value>${CCSRunsheetRemoveLocalFiles}</value>
        </nodeChange>
        <nodeChange action="update">
          <xpath>/settings/CCSRunsheet/SharePointFolderPath</xpath>
          <value>${CCSRunsheetSharePointFolderPath}</value>
        </nodeChange>
        <!--
          Reporting - FTP Common
        -->
        <nodeChange action="update">
          <xpath>/settings/Common/To</xpath>
          <value>${CommonTo}</value>
        </nodeChange>
        <nodeChange action="update">
          <xpath>/settings/Common/Cc</xpath>
          <value>${CommonCC}</value>
        </nodeChange>
        <nodeChange action="update">
          <xpath>/settings/Common/From</xpath>
          <value>${CommonFrom}</value>
        </nodeChange>
        <nodeChange action="update">
          <xpath>/settings/Common/EmailTest</xpath>
          <value>${CommonEmailTest}</value>
        </nodeChange>
		<nodeChange action="update">
          <xpath>/settings/EmailTest/To</xpath>
          <value>${EmailTestTo}</value>
        </nodeChange>
        <nodeChange action="update">
          <xpath>/settings/EmailTest/Cc</xpath>
          <value>${EmailTestCc}</value>
        </nodeChange>
        <nodeChange action="update">
          <xpath>/settings/EmailTest/From</xpath>
          <value>${EmailTestFrom}</value>
        </nodeChange>
        <nodeChange action="update">
          <xpath>/settings/Common/ConnectionString</xpath>
          <value>${CommonConnectionString}</value>
        </nodeChange>
        <nodeChange action="update">
          <xpath>/settings/Common/SMTPPort</xpath>
          <value>${CommonSMTPPort}</value>
        </nodeChange>
        <nodeChange action="update">
          <xpath>/settings/Common/SMTPServer</xpath>
          <value>${CommonSMTPServer}</value>
        </nodeChange>
        <nodeChange action="update">
          <xpath>/settings/Common/TransmissionFolder</xpath>
          <value>${CommonTransmissionFolder}</value>
        </nodeChange>
        <nodeChange action="update">
          <xpath>/settings/Common/DcsTransmissionFolder</xpath>
          <value>${CommonDcsTransmissionFolder}</value>
        </nodeChange>
        <!--
          Reporting - DailyBatchEstimates
        -->
        <nodeChange action="update">
          <xpath>/settings/DailyBatchEstimates/OutputFolder</xpath>
          <value>${DailyBatchEstimatesOutputFolder}</value>
        </nodeChange>
        <nodeChange action="update">
          <xpath>/settings/DailyBatchEstimates/Subject</xpath>
          <value>${DailyBatchEstimatesSubject}</value>
        </nodeChange>
        <nodeChange action="update">
          <xpath>/settings/DailyBatchEstimates/WorkbookName</xpath>
          <value>${DailyBatchEstimatesWorkbookName}</value>
        </nodeChange>
        <nodeChange action="update">
          <xpath>/settings/DailyBatchEstimates/RemoveLocalFiles</xpath>
          <value>${DailyBatchEstimatesRemoveLocalFiles}</value>
        </nodeChange>
		<!--
          Reporting - DailyProcessingVolumes
        -->
        <nodeChange action="update">
          <xpath>/settings/DailyProcessingVolumes/OutputFolder</xpath>
          <value>${DailyProcessingVolumesOutputFolder}</value>
        </nodeChange>
        <nodeChange action="update">
          <xpath>/settings/DailyProcessingVolumes/SheetName</xpath>
          <value>${DailyProcessingVolumesSheetName}</value>
        </nodeChange>
        <nodeChange action="update">
          <xpath>/settings/DailyProcessingVolumes/TemplatePath</xpath>
          <value>${DailyProcessingVolumesTemplatePath}</value>
        </nodeChange>
        <nodeChange action="update">
          <xpath>/settings/DailyProcessingVolumes/WorkbookName</xpath>
          <value>${DailyProcessingVolumesWorkbookName}</value>
        </nodeChange>
        <nodeChange action="update">
          <xpath>/settings/DailyProcessingVolumes/SaveToSharePoint</xpath>
          <value>${DailyProcessingVolumesSaveToSharePoint}</value>
        </nodeChange>
        <nodeChange action="update">
          <xpath>/settings/DailyProcessingVolumes/SharePointSiteUrl</xpath>
          <value>${DailyProcessingVolumesSharePointSiteUrl}</value>
        </nodeChange>
        <nodeChange action="update">
          <xpath>/settings/DailyProcessingVolumes/RemoveLocalFiles</xpath>
          <value>${DailyProcessingVolumesRemoveLocalFiles}</value>
        </nodeChange>
        <nodeChange action="update">
          <xpath>/settings/DailyProcessingVolumes/SharePointFolderPath</xpath>
          <value>${DailyProcessingVolumesSharePointFolderPath}</value>
        </nodeChange>
        <!--
          Reporting - FBTDelivered
        -->
        <nodeChange action="update">
          <xpath>/settings/FBTDelivered/OutputFolder</xpath>
          <value>${FBTDeliveredOutputFolder}</value>
        </nodeChange>
        <nodeChange action="update">
          <xpath>/settings/FBTDelivered/SheetName</xpath>
          <value>${FBTDeliveredSheetName}</value>
        </nodeChange>
        <nodeChange action="update">
          <xpath>/settings/FBTDelivered/Subject</xpath>
          <value>${FBTDeliveredSubject}</value>
        </nodeChange>
        <nodeChange action="update">
          <xpath>/settings/FBTDelivered/TemplatePath</xpath>
          <value>${FBTDeliveredTemplatePath}</value>
        </nodeChange>
        <nodeChange action="update">
          <xpath>/settings/FBTDelivered/WorkbookName</xpath>
          <value>${FBTDeliveredWorkbookName}</value>
        </nodeChange>
        <nodeChange action="update">
          <xpath>/settings/FBTDelivered/SaveToSharePoint</xpath>
          <value>${FBTDeliveredSaveToSharePoint}</value>
        </nodeChange>
        <nodeChange action="update">
          <xpath>/settings/FBTDelivered/SharePointSiteUrl</xpath>
          <value>${FBTDeliveredSharePointSiteUrl}</value>
        </nodeChange>
        <nodeChange action="update">
          <xpath>/settings/FBTDelivered/RemoveLocalFiles</xpath>
          <value>${FBTDeliveredRemoveLocalFiles}</value>
        </nodeChange>
        <nodeChange action="update">
          <xpath>/settings/FBTDelivered/SharePointFolderPath</xpath>
          <value>${FBTDeliveredSharePointFolderPath}</value>
        </nodeChange>
        <!--
          Reporting - FBTUndelivered
        -->
        <nodeChange action="update">
          <xpath>/settings/FBTUndelivered/BatchProcessingHour</xpath>
          <value>${FBTUndeliveredBatchProcessingHour}</value>
        </nodeChange>
        <nodeChange action="update">
          <xpath>/settings/FBTUndelivered/BatchProcessingMin</xpath>
          <value>${FBTUndeliveredBatchProcessingMin}</value>
        </nodeChange>
        <nodeChange action="update">
          <xpath>/settings/FBTUndelivered/OutputFolder</xpath>
          <value>${FBTUndeliveredOutputFolder}</value>
        </nodeChange>
        <nodeChange action="update">
          <xpath>/settings/FBTUndelivered/SheetName</xpath>
          <value>${FBTUndeliveredSheetName}</value>
        </nodeChange>
        <nodeChange action="update">
          <xpath>/settings/FBTUndelivered/TemplatePath</xpath>
          <value>${FBTUndeliveredTemplatePath}</value>
        </nodeChange>
        <nodeChange action="update">
          <xpath>/settings/FBTUndelivered/WorkbookName</xpath>
          <value>${FBTUndeliveredWorkbookName}</value>
        </nodeChange>
        <nodeChange action="update">
          <xpath>/settings/FBTUndelivered/SaveToSharePoint</xpath>
          <value>${FBTUndeliveredSaveToSharePoint}</value>
        </nodeChange>
        <nodeChange action="update">
          <xpath>/settings/FBTUndelivered/SharePointSiteUrl</xpath>
          <value>${FBTUndeliveredSharePointSiteUrl}</value>
        </nodeChange>
        <nodeChange action="update">
          <xpath>/settings/FBTUndelivered/RemoveLocalFiles</xpath>
          <value>${FBTUndeliveredRemoveLocalFiles}</value>
        </nodeChange>
        <nodeChange action="update">
          <xpath>/settings/FBTUndelivered/SharePointFolderPath</xpath>
          <value>${FBTUndeliveredSharePointFolderPath}</value>
        </nodeChange>
        <!--
          Reporting - SALMAT
        -->
        <nodeChange action="update">
          <xpath>/settings/SALMAT/OutputFolder</xpath>
          <value>${SALMATOutputFolder}</value>
        </nodeChange>
        <nodeChange action="update">
          <xpath>/settings/SALMAT/SheetName</xpath>
          <value>${SALMATSheetName}</value>
        </nodeChange>
        <nodeChange action="update">
          <xpath>/settings/SALMAT/Subject</xpath>
          <value>${SALMATSubject}</value>
        </nodeChange>
        <nodeChange action="update">
          <xpath>/settings/SALMAT/TemplatePath</xpath>
          <value>${SALMATTemplatePath}</value>
        </nodeChange>
        <nodeChange action="update">
          <xpath>/settings/SALMAT/WorkbookName</xpath>
          <value>${SALMATWorkbookName}</value>
        </nodeChange>
        <nodeChange action="update">
          <xpath>/settings/SALMAT/SaveToSharePoint</xpath>
          <value>${SALMATSaveToSharePoint}</value>
        </nodeChange>
        <nodeChange action="update">
          <xpath>/settings/SALMAT/SharePointSiteUrl</xpath>
          <value>${SALMATSharePointSiteUrl}</value>
        </nodeChange>
        <nodeChange action="update">
          <xpath>/settings/SALMAT/RemoveLocalFiles</xpath>
          <value>${SALMATRemoveLocalFiles}</value>
        </nodeChange>
        <nodeChange action="update">
          <xpath>/settings/SALMAT/SharePointFolderPath</xpath>
          <value>${SALMATSharePointFolderPath}</value>
        </nodeChange>
        <nodeChange action="update">
          <xpath>/settings/SALMATRunsheet/OutputFolder</xpath>
          <value>${SALMATRunsheetOutputFolder}</value>
        </nodeChange>
        <nodeChange action="update">
          <xpath>/settings/SALMATRunsheet/SheetName</xpath>
          <value>${SALMATRunsheetSheetName}</value>
        </nodeChange>
        <nodeChange action="update">
          <xpath>/settings/SALMATRunsheet/TemplatePath</xpath>
          <value>${SALMATRunsheetTemplatePath}</value>
        </nodeChange>
        <nodeChange action="update">
          <xpath>/settings/SALMATRunsheet/WorkbookName</xpath>
          <value>${SALMATRunsheetWorkbookName}</value>
        </nodeChange>
        <nodeChange action="update">
          <xpath>/settings/SALMATRunsheet/SaveToSharePoint</xpath>
          <value>${SALMATRunsheetSaveToSharePoint}</value>
        </nodeChange>
        <nodeChange action="update">
          <xpath>/settings/SALMATRunsheet/SharePointSiteUrl</xpath>
          <value>${SALMATRunsheetSharePointSiteUrl}</value>
        </nodeChange>
        <nodeChange action="update">
          <xpath>/settings/SALMATRunsheet/RemoveLocalFiles</xpath>
          <value>${SALMATRunsheetRemoveLocalFiles}</value>
        </nodeChange>
        <nodeChange action="update">
          <xpath>/settings/SALMATRunsheet/SharePointFolderPath</xpath>
          <value>${SALMATRunsheetSharePointFolderPath}</value>
        </nodeChange>
        <nodeChange action="update">
          <xpath>/settings/SuperADelivered/OutputFolder</xpath>
          <value>${SuperADeliveredOutputFolder}</value>
        </nodeChange>
        <!--
          Reporting - SuperADelivered
        -->
        <nodeChange action="update">
          <xpath>/settings/SuperADelivered/SheetName</xpath>
          <value>${SuperADeliveredSheetName}</value>
        </nodeChange>
        <nodeChange action="update">
          <xpath>/settings/SuperADelivered/Subject</xpath>
          <value>${SuperADeliveredSubject}</value>
        </nodeChange>
        <nodeChange action="update">
          <xpath>/settings/SuperADelivered/TemplatePath</xpath>
          <value>${SuperADeliveredTemplatePath}</value>
        </nodeChange>
        <nodeChange action="update">
          <xpath>/settings/SuperADelivered/WorkbookName</xpath>
          <value>${SuperADeliveredWorkbookName}</value>
        </nodeChange>
        <nodeChange action="update">
          <xpath>/settings/SuperADelivered/SaveToSharePoint</xpath>
          <value>${SuperADeliveredSaveToSharePoint}</value>
        </nodeChange>
        <nodeChange action="update">
          <xpath>/settings/SuperADelivered/SharePointSiteUrl</xpath>
          <value>${SuperADeliveredSharePointSiteUrl}</value>
        </nodeChange>
        <nodeChange action="update">
          <xpath>/settings/SuperADelivered/RemoveLocalFiles</xpath>
          <value>${SuperADeliveredRemoveLocalFiles}</value>
        </nodeChange>
        <nodeChange action="update">
          <xpath>/settings/SuperADelivered/SharePointFolderPath</xpath>
          <value>${SuperADeliveredSharePointFolderPath}</value>
        </nodeChange>
        <!--
          Reporting - SuperAUndelivered
        -->
        <nodeChange action="update">
          <xpath>/settings/SuperAUndelivered/BatchProcessingHour</xpath>
          <value>${SuperAUndeliveredBatchProcessingHour}</value>
        </nodeChange>
        <nodeChange action="update">
          <xpath>/settings/SuperAUndelivered/BatchProcessingMin</xpath>
          <value>${SuperAUndeliveredBatchProcessingMin}</value>
        </nodeChange>
        <nodeChange action="update">
          <xpath>/settings/SuperAUndelivered/OutputFolder</xpath>
          <value>${SuperAUndeliveredOutputFolder}</value>
        </nodeChange>
        <nodeChange action="update">
          <xpath>/settings/SuperAUndelivered/SheetName</xpath>
          <value>${SuperAUndeliveredSheetName}</value>
        </nodeChange>
        <nodeChange action="update">
          <xpath>/settings/SuperAUndelivered/TemplatePath</xpath>
          <value>${SuperAUndeliveredTemplatePath}</value>
        </nodeChange>
        <nodeChange action="update">
          <xpath>/settings/SuperAUndelivered/WorkbookName</xpath>
          <value>${SuperAUndeliveredWorkbookName}</value>
        </nodeChange>
        <nodeChange action="update">
          <xpath>/settings/SuperAUndelivered/SaveToSharePoint</xpath>
          <value>${SuperAUndeliveredSaveToSharePoint}</value>
        </nodeChange>
        <nodeChange action="update">
          <xpath>/settings/SuperAUndelivered/SharePointSiteUrl</xpath>
          <value>${SuperAUndeliveredSharePointSiteUrl}</value>
        </nodeChange>
        <nodeChange action="update">
          <xpath>/settings/SuperAUndelivered/RemoveLocalFiles</xpath>
          <value>${SuperAUndeliveredRemoveLocalFiles}</value>
        </nodeChange>
        <nodeChange action="update">
          <xpath>/settings/SuperAUndelivered/SharePointFolderPath</xpath>
          <value>${SuperAUndeliveredSharePointFolderPath}</value>
        </nodeChange>
      </nodeChanges>
    </configurationChange>
    <!--
      Daily Reports
    -->
    <configurationChange>
      <file>${TargetDir}\DCS.BAU.ReportingTool\OutputFiles\DailyReports\Settings.xml</file>
      <nodeChanges>
        <!--
          Reporting - Common
        -->
        <nodeChange action="update">
          <xpath>/settings/Common/SMTPPort</xpath>
          <value>${DailyReportsCommonSMTPPort}</value>
        </nodeChange>
        <nodeChange action="update">
          <xpath>/settings/Common/SMTPServer</xpath>
          <value>${DailyReportsCommonSMTPServer}</value>
        </nodeChange>
        <nodeChange action="update">
          <xpath>/settings/Common/ConnectionString</xpath>
          <value>${DailyReportsCommonConnectionString}</value>
        </nodeChange>
        <nodeChange action="update">
          <xpath>/settings/Common/OutputFolder</xpath>
          <value>${DailyReportsCommonOutputFolder}</value>
        </nodeChange>
        <!--
          Reporting - ECT NOA
        -->
        <nodeChange action="update">
          <xpath>/settings/ECTNOA/SharePointSiteUrl</xpath>
          <value>${ECTNOASharePointSiteUrl}</value>
        </nodeChange>
        <nodeChange action="update">
          <xpath>/settings/ECTNOA/SharePointFolderPath</xpath>
          <value>${ECTNOASharePointFolderPath}</value>
        </nodeChange>
        <nodeChange action="update">
          <xpath>/settings/ECTNOA/SaveToSharePoint</xpath>
          <value>${ECTNOASaveToSharePoint}</value>
        </nodeChange>
        <nodeChange action="update">
          <xpath>/settings/ECTNOA/RemoveLocalFiles</xpath>
          <value>${ECTNOARemoveLocalFiles}</value>
        </nodeChange>
        <nodeChange action="update">
          <xpath>/settings/ECTNOA/SheetName</xpath>
          <value>${ECTNOASheetName}</value>
        </nodeChange>
        <nodeChange action="update">
          <xpath>/settings/ECTNOA/TemplatePath</xpath>
          <value>${ECTNOATemplatePath}</value>
        </nodeChange>
        <nodeChange action="update">
          <xpath>/settings/ECTNOA/WorkbookName</xpath>
          <value>${ECTNOAWorkbookName}</value>
        </nodeChange>
        <!--
          Reporting - DIV293
        -->
        <nodeChange action="update">
          <xpath>/settings/DIV293/SharePointSiteUrl</xpath>
          <value>${DIV293SharePointSiteUrl}</value>
        </nodeChange>
        <nodeChange action="update">
          <xpath>/settings/DIV293/SharePointFolderPath</xpath>
          <value>${DIV293SharePointFolderPath}</value>
        </nodeChange>
        <nodeChange action="update">
          <xpath>/settings/DIV293/SaveToSharePoint</xpath>
          <value>${DIV293SaveToSharePoint}</value>
        </nodeChange>
        <nodeChange action="update">
          <xpath>/settings/DIV293/RemoveLocalFiles</xpath>
          <value>${DIV293RemoveLocalFiles}</value>
        </nodeChange>
        <nodeChange action="update">
          <xpath>/settings/DIV293/SheetName</xpath>
          <value>${DIV293SheetName}</value>
        </nodeChange>
        <nodeChange action="update">
          <xpath>/settings/DIV293/TemplatePath</xpath>
          <value>${DIV293TemplatePath}</value>
        </nodeChange>
        <nodeChange action="update">
          <xpath>/settings/DIV293/WorkbookName</xpath>
          <value>${DIV293WorkbookName}</value>
        </nodeChange>
        <!--
          Reporting - Templates Not Reconciled
        -->
        <nodeChange action="update">
          <xpath>/settings/TemplatesNotReconciled/SharePointSiteUrl</xpath>
          <value>${TemplatesNotReconciledSharePointSiteUrl}</value>
        </nodeChange>
        <nodeChange action="update">
          <xpath>/settings/TemplatesNotReconciled/SharePointFolderPath</xpath>
          <value>${TemplatesNotReconciledSharePointFolderPath}</value>
        </nodeChange>
        <nodeChange action="update">
          <xpath>/settings/TemplatesNotReconciled/SaveToSharePoint</xpath>
          <value>${TemplatesNotReconciledSaveToSharePoint}</value>
        </nodeChange>
        <nodeChange action="update">
          <xpath>/settings/TemplatesNotReconciled/RemoveLocalFiles</xpath>
          <value>${TemplatesNotReconciledRemoveLocalFiles}</value>
        </nodeChange>
        <nodeChange action="update">
          <xpath>/settings/TemplatesNotReconciled/SheetName</xpath>
          <value>${TemplatesNotReconciledSheetName}</value>
        </nodeChange>
        <nodeChange action="update">
          <xpath>/settings/TemplatesNotReconciled/TemplatePath</xpath>
          <value>${TemplatesNotReconciledTemplatePath}</value>
        </nodeChange>
        <nodeChange action="update">
          <xpath>/settings/TemplatesNotReconciled/WorkbookName</xpath>
          <value>${TemplatesNotReconciledWorkbookName}</value>
        </nodeChange>
        <!--
          Reporting - Suppression Report
        -->
		<nodeChange action="update">
          <xpath>/settings/SuppressionReport/SharePointSiteUrl</xpath>
          <value>${SuppressionReportSharePointSiteUrl}</value>
        </nodeChange>
        <nodeChange action="update">
          <xpath>/settings/SuppressionReport/SharePointFolderPath</xpath>
          <value>${SuppressionReportSharePointFolderPath}</value>
        </nodeChange>
        <nodeChange action="update">
          <xpath>/settings/SuppressionReport/SaveToSharePoint</xpath>
          <value>${SuppressionReportSaveToSharePoint}</value>
        </nodeChange>
        <nodeChange action="update">
          <xpath>/settings/SuppressionReport/RemoveLocalFiles</xpath>
          <value>${SuppressionReportRemoveLocalFiles}</value>
        </nodeChange>
        <nodeChange action="update">
          <xpath>/settings/SuppressionReport/SheetName1</xpath>
          <value>${SuppressionReportSheetName1}</value>
        </nodeChange>
        <nodeChange action="update">
          <xpath>/settings/SuppressionReport/SheetName2</xpath>
          <value>${SuppressionReportSheetName2}</value>
        </nodeChange>
        <nodeChange action="update">
          <xpath>/settings/SuppressionReport/SheetName3</xpath>
          <value>${SuppressionReportSheetName3}</value>
        </nodeChange>
        <nodeChange action="update">
          <xpath>/settings/SuppressionReport/TemplatePath</xpath>
          <value>${SuppressionReportTemplatePath}</value>
        </nodeChange>
        <nodeChange action="update">
          <xpath>/settings/SuppressionReport/WorkbookName</xpath>
          <value>${SuppressionReportWorkbookName}</value>
        </nodeChange>
        <!--
          Reporting - RMS Copy
        -->
        <nodeChange action="update">
          <xpath>/settings/RMSCopy/TestInputFolder</xpath>
          <value>${RMSCopyTestInputFolder}</value>
        </nodeChange>
        <nodeChange action="update">
          <xpath>/settings/RMSCopy/InputFolder</xpath>
          <value>${RMSCopyInputFolder}</value>
        </nodeChange>
        <nodeChange action="update">
          <xpath>/settings/RMSCopy/SharePointSiteUrl</xpath>
          <value>${RMSCopySharePointSiteUrl}</value>
        </nodeChange>
        <nodeChange action="update">
          <xpath>/settings/RMSCopy/SharePointFolderPath</xpath>
          <value>${RMSCopySharePointFolderPath}</value>
        </nodeChange>
        <nodeChange action="update">
          <xpath>/settings/RMSCopy/To</xpath>
          <value>${RMSCopyTo}</value>
        </nodeChange>
        <nodeChange action="update">
          <xpath>/settings/RMSCopy/Cc</xpath>
          <value>${RMSCopyCc}</value>
        </nodeChange>
        <nodeChange action="update">
          <xpath>/settings/RMSCopy/From</xpath>
          <value>${RMSCopyFrom}</value>
        </nodeChange>
        <nodeChange action="update">
          <xpath>/settings/RMSCopy/Subject</xpath>
          <value>${RMSCopySubject}</value>
        </nodeChange>
        <nodeChange action="update">
          <xpath>/settings/RMSCopy/Test</xpath>
          <value>${RMSCopyTest}</value>
        </nodeChange>
        <nodeChange action="update">
          <xpath>/settings/RMSCopy/EmailTest</xpath>
          <value>${RMSCopyEmailTest}</value>
        </nodeChange>
        <nodeChange action="update">
          <xpath>/settings/RMSCopy/SaveToSharePoint</xpath>
          <value>${RMSCopySaveToSharePoint}</value>
        </nodeChange>
        <nodeChange action="update">
          <xpath>/settings/RMSCopy/RemoveLocalFiles</xpath>
          <value>${RMSCopyRemoveLocalFiles}</value>
        </nodeChange>
        <!--
          Reporting - Siebel Activity Report
        -->
        <nodeChange action="update">
          <xpath>/settings/SiebelActivityReport/SharePointSiteUrl</xpath>
          <value>${SiebelActivityReportSharePointSiteUrl}</value>
        </nodeChange>
        <nodeChange action="update">
          <xpath>/settings/SiebelActivityReport/SharePointFolderPath</xpath>
          <value>${SiebelActivityReportSharePointFolderPath}</value>
        </nodeChange>
        <nodeChange action="update">
          <xpath>/settings/SiebelActivityReport/SaveToSharePoint</xpath>
          <value>${SiebelActivityReportSaveToSharePoint}</value>
        </nodeChange>
        <nodeChange action="update">
          <xpath>/settings/SiebelActivityReport/RemoveLocalFiles</xpath>
          <value>${SiebelActivityReportRemoveLocalFiles}</value>
        </nodeChange>
        <nodeChange action="update">
          <xpath>/settings/SiebelActivityReport/SheetName</xpath>
          <value>${SiebelActivityReportSheetName}</value>
        </nodeChange>
        <nodeChange action="update">
          <xpath>/settings/SiebelActivityReport/TemplatePath</xpath>
          <value>${SiebelActivityReportTemplatePath}</value>
        </nodeChange>
        <nodeChange action="update">
          <xpath>/settings/SiebelActivityReport/WorkbookName</xpath>
          <value>${SiebelActivityReportWorkbookName}</value>
        </nodeChange>
        <!--
          Reporting - Weekly Super Seeker
        -->
        <nodeChange action="update">
          <xpath>/settings/WeeklySuperSeeker/SharePointSiteUrl</xpath>
          <value>${WeeklySuperSeekerSharePointSiteUrl}</value>
        </nodeChange>
        <nodeChange action="update">
          <xpath>/settings/WeeklySuperSeeker/SharePointFolderPath</xpath>
          <value>${WeeklySuperSeekerSharePointFolderPath}</value>
        </nodeChange>
        <nodeChange action="update">
          <xpath>/settings/WeeklySuperSeeker/SaveToSharePoint</xpath>
          <value>${WeeklySuperSeekerSaveToSharePoint}</value>
        </nodeChange>
        <nodeChange action="update">
          <xpath>/settings/WeeklySuperSeeker/RemoveLocalFiles</xpath>
          <value>${WeeklySuperSeekerRemoveLocalFiles}</value>
        </nodeChange>
        <nodeChange action="update">
          <xpath>/settings/WeeklySuperSeeker/SheetName</xpath>
          <value>${WeeklySuperSeekerSheetName}</value>
        </nodeChange>
        <nodeChange action="update">
          <xpath>/settings/WeeklySuperSeeker/TemplatePath</xpath>
          <value>${WeeklySuperSeekerTemplatePath}</value>
        </nodeChange>
        <nodeChange action="update">
          <xpath>/settings/WeeklySuperSeeker/WorkbookName</xpath>
          <value>${WeeklySuperSeekerWorkbookName}</value>
        </nodeChange>
        <!--
          Reporting - Weekly Template Usage
        -->
        <nodeChange action="update">
          <xpath>/settings/WeeklyTemplateUsage/SharePointSiteUrl</xpath>
          <value>${WeeklyTemplateUsageSharePointSiteUrl}</value>
        </nodeChange>
        <nodeChange action="update">
          <xpath>/settings/WeeklyTemplateUsage/SharePointFolderPath</xpath>
          <value>${WeeklyTemplateUsageSharePointFolderPath}</value>
        </nodeChange>
        <nodeChange action="update">
          <xpath>/settings/WeeklyTemplateUsage/SaveToSharePoint</xpath>
          <value>${WeeklyTemplateUsageSaveToSharePoint}</value>
        </nodeChange>
        <nodeChange action="update">
          <xpath>/settings/WeeklyTemplateUsage/RemoveLocalFiles</xpath>
          <value>${WeeklyTemplateUsageRemoveLocalFiles}</value>
        </nodeChange>
        <nodeChange action="update">
          <xpath>/settings/WeeklyTemplateUsage/SheetName1</xpath>
          <value>${WeeklyTemplateUsageSheetName1}</value>
        </nodeChange>
        <nodeChange action="update">
          <xpath>/settings/WeeklyTemplateUsage/SheetName2</xpath>
          <value>${WeeklyTemplateUsageSheetName2}</value>
        </nodeChange>
        <nodeChange action="update">
          <xpath>/settings/WeeklyTemplateUsage/SheetName3</xpath>
          <value>${WeeklyTemplateUsageSheetName3}</value>
        </nodeChange>
        <nodeChange action="update">
          <xpath>/settings/WeeklyTemplateUsage/TemplatePath</xpath>
          <value>${WeeklyTemplateUsageTemplatePath}</value>
        </nodeChange>
        <nodeChange action="update">
          <xpath>/settings/WeeklyTemplateUsage/WorkbookName</xpath>
          <value>${WeeklyTemplateUsageWorkbookName}</value>
        </nodeChange>
        <!--
          Reporting - Monthly Template Usage
        -->
        <nodeChange action="update">
          <xpath>/settings/MonthlyTemplateUsage/SharePointSiteUrl</xpath>
          <value>${MonthlyTemplateUsageSharePointSiteUrl}</value>
        </nodeChange>
        <nodeChange action="update">
          <xpath>/settings/MonthlyTemplateUsage/SharePointFolderPath</xpath>
          <value>${MonthlyTemplateUsageSharePointFolderPath}</value>
        </nodeChange>
        <nodeChange action="update">
          <xpath>/settings/MonthlyTemplateUsage/SaveToSharePoint</xpath>
          <value>${MonthlyTemplateUsageSaveToSharePoint}</value>
        </nodeChange>
        <nodeChange action="update">
          <xpath>/settings/MonthlyTemplateUsage/RemoveLocalFiles</xpath>
          <value>${MonthlyTemplateUsageRemoveLocalFiles}</value>
        </nodeChange>
        <nodeChange action="update">
          <xpath>/settings/MonthlyTemplateUsage/SheetName1</xpath>
          <value>${MonthlyTemplateUsageSheetName1}</value>
        </nodeChange>
        <nodeChange action="update">
          <xpath>/settings/MonthlyTemplateUsage/SheetName2</xpath>
          <value>${MonthlyTemplateUsageSheetName2}</value>
        </nodeChange>
        <nodeChange action="update">
          <xpath>/settings/MonthlyTemplateUsage/SheetName3</xpath>
          <value>${MonthlyTemplateUsageSheetName3}</value>
        </nodeChange>
        <nodeChange action="update">
          <xpath>/settings/MonthlyTemplateUsage/TemplatePath</xpath>
          <value>${MonthlyTemplateUsageTemplatePath}</value>
        </nodeChange>
        <nodeChange action="update">
          <xpath>/settings/MonthlyTemplateUsage/WorkbookName</xpath>
          <value>${MonthlyTemplateUsageWorkbookName}</value>
        </nodeChange>
        <!--
          Reporting - OIT Corro Status Report
        -->
        <nodeChange action="update">
          <xpath>/settings/OIT_Corro_Status_Report/SharePointSiteUrl</xpath>
          <value>${OITCorroStatusReportSharePointSiteUrl}</value>
        </nodeChange>
        <nodeChange action="update">
          <xpath>/settings/OIT_Corro_Status_Report/SharePointFolderPath</xpath>
          <value>${OITCorroStatusReportSharePointFolderPath}</value>
        </nodeChange>
        <nodeChange action="update">
          <xpath>/settings/OIT_Corro_Status_Report/SaveToSharePoint</xpath>
          <value>${OITCorroStatusReportSaveToSharePoint}</value>
        </nodeChange>
        <nodeChange action="update">
          <xpath>/settings/OIT_Corro_Status_Report/RemoveLocalFiles</xpath>
          <value>${OITCorroStatusReportRemoveLocalFiles}</value>
        </nodeChange>
        <nodeChange action="update">
          <xpath>/settings/OIT_Corro_Status_Report/SheetName</xpath>
          <value>${OITCorroStatusReportSheetName}</value>
        </nodeChange>
        <nodeChange action="update">
          <xpath>/settings/OIT_Corro_Status_Report/TemplatePath</xpath>
          <value>${OITCorroStatusReportTemplatePath}</value>
        </nodeChange>
        <nodeChange action="update">
          <xpath>/settings/OIT_Corro_Status_Report/WorkbookName</xpath>
          <value>${OITCorroStatusReportWorkbookName}</value>
        </nodeChange>
        <nodeChange action="update">
          <xpath>/settings/OIT_Corro_Status_Report/To</xpath>
          <value>${OITCorroStatusReportTo}</value>
        </nodeChange>
        <nodeChange action="update">
          <xpath>/settings/OIT_Corro_Status_Report/Cc</xpath>
          <value>${OITCorroStatusReportCc}</value>
        </nodeChange>
        <nodeChange action="update">
          <xpath>/settings/OIT_Corro_Status_Report/From</xpath>
          <value>${OITCorroStatusReportFrom}</value>
        </nodeChange>
        <nodeChange action="update">
          <xpath>/settings/OIT_Corro_Status_Report/Subject</xpath>
          <value>${OITCorroStatusReportSubject}</value>
        </nodeChange>
        <!--
          Reporting - Daily Corro Status Report
        -->
        <nodeChange action="update">
          <xpath>/settings/Daily_Corro_Status_Report/SharePointSiteUrl</xpath>
          <value>${DailyCorroStatusReportSharePointSiteUrl}</value>
        </nodeChange>
        <nodeChange action="update">
          <xpath>/settings/Daily_Corro_Status_Report/SharePointFolderPath</xpath>
          <value>${DailyCorroStatusReportSharePointFolderPath}</value>
        </nodeChange>
        <nodeChange action="update">
          <xpath>/settings/Daily_Corro_Status_Report/SaveToSharePoint</xpath>
          <value>${DailyCorroStatusReportSaveToSharePoint}</value>
        </nodeChange>
        <nodeChange action="update">
          <xpath>/settings/Daily_Corro_Status_Report/RemoveLocalFiles</xpath>
          <value>${DailyCorroStatusReportRemoveLocalFiles}</value>
        </nodeChange>
        <nodeChange action="update">
          <xpath>/settings/Daily_Corro_Status_Report/SheetName1</xpath>
          <value>${DailyCorroStatusReportSheetName1}</value>
        </nodeChange>
        <nodeChange action="update">
          <xpath>/settings/Daily_Corro_Status_Report/SheetName2</xpath>
          <value>${DailyCorroStatusReportSheetName2}</value>
        </nodeChange>
        <nodeChange action="update">
          <xpath>/settings/Daily_Corro_Status_Report/TemplatePath</xpath>
          <value>${DailyCorroStatusReportTemplatePath}</value>
        </nodeChange>
        <nodeChange action="update">
          <xpath>/settings/Daily_Corro_Status_Report/WorkbookName</xpath>
          <value>${DailyCorroStatusReportWorkbookName}</value>
        </nodeChange>
        <!--
          Reporting - FRGCW DB Status
        -->
        <nodeChange action="update">
          <xpath>/settings/FRCGW_DB_Status/SharePointSiteUrl</xpath>
          <value>${FRCGWDBStatusSharePointSiteUrl}</value>
        </nodeChange>
        <nodeChange action="update">
          <xpath>/settings/FRCGW_DB_Status/SharePointFolderPath</xpath>
          <value>${FRCGWDBStatusSharePointFolderPath}</value>
        </nodeChange>
        <nodeChange action="update">
          <xpath>/settings/FRCGW_DB_Status/SaveToSharePoint</xpath>
          <value>${FRCGWDBStatusSaveToSharePoint}</value>
        </nodeChange>
        <nodeChange action="update">
          <xpath>/settings/FRCGW_DB_Status/RemoveLocalFiles</xpath>
          <value>${FRCGWDBStatusRemoveLocalFiles}</value>
        </nodeChange>
        <nodeChange action="update">
          <xpath>/settings/FRCGW_DB_Status/SheetName</xpath>
          <value>${FRCGWDBStatusSheetName}</value>
        </nodeChange>
        <nodeChange action="update">
          <xpath>/settings/FRCGW_DB_Status/TemplatePath</xpath>
          <value>${FRCGWDBStatusTemplatePath}</value>
        </nodeChange>
        <nodeChange action="update">
          <xpath>/settings/FRCGW_DB_Status/WorkbookName</xpath>
          <value>${FRCGWDBStatusWorkbookName}</value>
        </nodeChange>
        <!--
          Reporting - PAYG
        -->
        <nodeChange action="update">
          <xpath>/settings/PAYG/SharePointSiteUrl</xpath>
          <value>${PAYGSharePointSiteUrl}</value>
        </nodeChange>
        <nodeChange action="update">
          <xpath>/settings/PAYG/SharePointFolderPath</xpath>
          <value>${PAYGSharePointFolderPath}</value>
        </nodeChange>
        <nodeChange action="update">
          <xpath>/settings/PAYG/SaveToSharePoint</xpath>
          <value>${PAYGSaveToSharePoint}</value>
        </nodeChange>
        <nodeChange action="update">
          <xpath>/settings/PAYG/RemoveLocalFiles</xpath>
          <value>${PAYGRemoveLocalFiles}</value>
        </nodeChange>
        <nodeChange action="update">
          <xpath>/settings/PAYG/SheetName1</xpath>
          <value>${PAYGSheetName1}</value>
        </nodeChange>
        <nodeChange action="update">
          <xpath>/settings/PAYG/SheetName2</xpath>
          <value>${PAYGSheetName2}</value>
        </nodeChange>
        <nodeChange action="update">
          <xpath>/settings/PAYG/SheetName3</xpath>
          <value>${PAYGSheetName3}</value>
        </nodeChange>
        <nodeChange action="update">
          <xpath>/settings/PAYG/TemplatePath</xpath>
          <value>${PAYGTemplatePath}</value>
        </nodeChange>
        <nodeChange action="update">
          <xpath>/settings/PAYG/WorkbookName</xpath>
          <value>${PAYGWorkbookName}</value>
        </nodeChange>
        <!--
          Reporting - Penalty Notices
        -->
        <nodeChange action="update">
          <xpath>/settings/PenaltyNotices/SharePointSiteUrl</xpath>
          <value>${PenaltyNoticesSharePointSiteUrl}</value>
        </nodeChange>
        <nodeChange action="update">
          <xpath>/settings/PenaltyNotices/SharePointFolderPath</xpath>
          <value>${PenaltyNoticesSharePointFolderPath}</value>
        </nodeChange>
        <nodeChange action="update">
          <xpath>/settings/PenaltyNotices/SaveToSharePoint</xpath>
          <value>${PenaltyNoticesSaveToSharePoint}</value>
        </nodeChange>
        <nodeChange action="update">
          <xpath>/settings/PenaltyNotices/RemoveLocalFiles</xpath>
          <value>${PenaltyNoticesRemoveLocalFiles}</value>
        </nodeChange>
        <nodeChange action="update">
          <xpath>/settings/PenaltyNotices/SheetName</xpath>
          <value>${PenaltyNoticesSheetName}</value>
        </nodeChange>
        <nodeChange action="update">
          <xpath>/settings/PenaltyNotices/TemplatePath</xpath>
          <value>${PenaltyNoticesTemplatePath}</value>
        </nodeChange>
        <nodeChange action="update">
          <xpath>/settings/PenaltyNotices/WorkbookName</xpath>
          <value>${PenaltyNoticesWorkbookName}</value>
        </nodeChange>
        <!--
          Reporting - ENCC
        -->
        <nodeChange action="update">
          <xpath>/settings/ENCC/To</xpath>
          <value>${ENCCTo}</value>
        </nodeChange>
        <nodeChange action="update">
          <xpath>/settings/ENCC/Cc</xpath>
          <value>${ENCCCc}</value>
        </nodeChange>
        <nodeChange action="update">
          <xpath>/settings/ENCC/From</xpath>
          <value>${ENCCFrom}</value>
        </nodeChange>
        <nodeChange action="update">
          <xpath>/settings/ENCC/Subject</xpath>
          <value>${ENCCSubject}</value>
        </nodeChange>
        <nodeChange action="update">
          <xpath>/settings/ENCC/EmailTest</xpath>
          <value>${ENCCEmailTest}</value>
        </nodeChange>
        <nodeChange action="update">
          <xpath>/settings/ENCC/RemoveLocalFiles</xpath>
          <value>${ENCCRemoveLocalFiles}</value>
        </nodeChange>
        <nodeChange action="update">
          <xpath>/settings/ENCC/SheetName</xpath>
          <value>${ENCCSheetName}</value>
        </nodeChange>
        <nodeChange action="update">
          <xpath>/settings/ENCC/TemplatePath</xpath>
          <value>${ENCCTemplatePath}</value>
        </nodeChange>
        <nodeChange action="update">
          <xpath>/settings/ENCC/WorkbookName</xpath>
          <value>${ENCCWorkbookName}</value>
        </nodeChange>
        <!--
          Reporting - FIRB
        -->
        <nodeChange action="update">
          <xpath>/settings/FIRB/To</xpath>
          <value>${FIRBTo}</value>
        </nodeChange>
        <nodeChange action="update">
          <xpath>/settings/FIRB/Cc</xpath>
          <value>${FIRBCc}</value>
        </nodeChange>
        <nodeChange action="update">
          <xpath>/settings/FIRB/From</xpath>
          <value>${FIRBFrom}</value>
        </nodeChange>
        <nodeChange action="update">
          <xpath>/settings/FIRB/Subject</xpath>
          <value>${FIRBSubject}</value>
        </nodeChange>
        <nodeChange action="update">
          <xpath>/settings/FIRB/EmailTest</xpath>
          <value>${FIRBEmailTest}</value>
        </nodeChange>
        <nodeChange action="update">
          <xpath>/settings/FIRB/RemoveLocalFiles</xpath>
          <value>${FIRBRemoveLocalFiles}</value>
        </nodeChange>
        <nodeChange action="update">
          <xpath>/settings/FIRB/SheetName</xpath>
          <value>${FIRBSheetName}</value>
        </nodeChange>
        <nodeChange action="update">
          <xpath>/settings/FIRB/TemplatePath</xpath>
          <value>${FIRBTemplatePath}</value>
        </nodeChange>
        <nodeChange action="update">
          <xpath>/settings/FIRB/WorkbookName</xpath>
          <value>${FIRBWorkbookName}</value>
        </nodeChange>
        <!--
          Reporting - Superannuation
        -->
        <nodeChange action="update">
          <xpath>/settings/Superannuation/To</xpath>
          <value>${SuperannuationTo}</value>
        </nodeChange>
        <nodeChange action="update">
          <xpath>/settings/Superannuation/Cc</xpath>
          <value>${SuperannuationCc}</value>
        </nodeChange>
        <nodeChange action="update">
          <xpath>/settings/Superannuation/From</xpath>
          <value>${SuperannuationFrom}</value>
        </nodeChange>
        <nodeChange action="update">
          <xpath>/settings/Superannuation/Subject</xpath>
          <value>${SuperannuationSubject}</value>
        </nodeChange>
        <nodeChange action="update">
          <xpath>/settings/Superannuation/EmailTest</xpath>
          <value>${SuperannuationEmailTest}</value>
        </nodeChange>
        <nodeChange action="update">
          <xpath>/settings/Superannuation/RemoveLocalFiles</xpath>
          <value>${SuperannuationRemoveLocalFiles}</value>
        </nodeChange>
        <nodeChange action="update">
          <xpath>/settings/Superannuation/SheetName</xpath>
          <value>${SuperannuationSheetName}</value>
        </nodeChange>
        <nodeChange action="update">
          <xpath>/settings/Superannuation/TemplatePath</xpath>
          <value>${SuperannuationTemplatePath}</value>
        </nodeChange>
        <nodeChange action="update">
          <xpath>/settings/Superannuation/WorkbookName</xpath>
          <value>${SuperannuationWorkbookName}</value>
        </nodeChange>
		<!--
          Reporting - MBR Failures
        -->
        <nodeChange action="update">
          <xpath>/settings/MBRFailures/To</xpath>
          <value>${MBRFailuresTo}</value>
        </nodeChange>
        <nodeChange action="update">
          <xpath>/settings/MBRFailures/Cc</xpath>
          <value>${MBRFailuresCc}</value>
        </nodeChange>
        <nodeChange action="update">
          <xpath>/settings/MBRFailures/From</xpath>
          <value>${MBRFailuresFrom}</value>
        </nodeChange>
        <nodeChange action="update">
          <xpath>/settings/MBRFailures/Subject</xpath>
          <value>${MBRFailuresSubject}</value>
        </nodeChange>
        <nodeChange action="update">
          <xpath>/settings/MBRFailures/EmailTest</xpath>
          <value>${MBRFailuresEmailTest}</value>
        </nodeChange>
        <nodeChange action="update">
          <xpath>/settings/MBRFailures/RemoveLocalFiles</xpath>
          <value>${MBRFailuresRemoveLocalFiles}</value>
        </nodeChange>
        <nodeChange action="update">
          <xpath>/settings/MBRFailures/SheetName</xpath>
          <value>${MBRFailuresSheetName}</value>
        </nodeChange>
        <nodeChange action="update">
          <xpath>/settings/MBRFailures/TemplatePath</xpath>
          <value>${MBRFailuresTemplatePath}</value>
        </nodeChange>
        <nodeChange action="update">
          <xpath>/settings/MBRFailures/WorkbookName</xpath>
          <value>${MBRFailuresWorkbookName}</value>
        </nodeChange>
		<!--
          Reporting - Agent Digital Invalid Address
        -->
        <nodeChange action="update">
          <xpath>/settings/AgentDigitalInvalidAddress/To</xpath>
          <value>${AgentDigitalInvalidAddressTo}</value>
        </nodeChange>
        <nodeChange action="update">
          <xpath>/settings/AgentDigitalInvalidAddress/Cc</xpath>
          <value>${AgentDigitalInvalidAddressCc}</value>
        </nodeChange>
        <nodeChange action="update">
          <xpath>/settings/AgentDigitalInvalidAddress/From</xpath>
          <value>${AgentDigitalInvalidAddressFrom}</value>
        </nodeChange>
        <nodeChange action="update">
          <xpath>/settings/AgentDigitalInvalidAddress/Subject</xpath>
          <value>${AgentDigitalInvalidAddressSubject}</value>
        </nodeChange>
        <nodeChange action="update">
          <xpath>/settings/AgentDigitalInvalidAddress/EmailTest</xpath>
          <value>${AgentDigitalInvalidAddressEmailTest}</value>
        </nodeChange>
        <nodeChange action="update">
          <xpath>/settings/AgentDigitalInvalidAddress/RemoveLocalFiles</xpath>
          <value>${AgentDigitalInvalidAddressRemoveLocalFiles}</value>
        </nodeChange>
        <nodeChange action="update">
          <xpath>/settings/AgentDigitalInvalidAddress/SheetName</xpath>
          <value>${AgentDigitalInvalidAddressSheetName}</value>
        </nodeChange>
        <nodeChange action="update">
          <xpath>/settings/AgentDigitalInvalidAddress/TemplatePath</xpath>
          <value>${AgentDigitalInvalidAddressTemplatePath}</value>
        </nodeChange>
        <nodeChange action="update">
          <xpath>/settings/AgentDigitalInvalidAddress/WorkbookName</xpath>
          <value>${AgentDigitalInvalidAddressWorkbookName}</value>
        </nodeChange>
		<!--
          Reporting - SMSF
        -->
        <nodeChange action="update">
          <xpath>/settings/SMSFLettersOnHold/To</xpath>
          <value>${SMSFLettersOnHoldTo}</value>
        </nodeChange>
        <nodeChange action="update">
          <xpath>/settings/SMSFLettersOnHold/Cc</xpath>
          <value>${SMSFLettersOnHoldCc}</value>
        </nodeChange>
        <nodeChange action="update">
          <xpath>/settings/SMSFLettersOnHold/From</xpath>
          <value>${SMSFLettersOnHoldFrom}</value>
        </nodeChange>
        <nodeChange action="update">
          <xpath>/settings/SMSFLettersOnHold/Subject</xpath>
          <value>${SMSFLettersOnHoldSubject}</value>
        </nodeChange>
        <nodeChange action="update">
          <xpath>/settings/SMSFLettersOnHold/EmailTest</xpath>
          <value>${SMSFLettersOnHoldEmailTest}</value>
        </nodeChange>
        <nodeChange action="update">
          <xpath>/settings/SMSFLettersOnHold/RemoveLocalFiles</xpath>
          <value>${SMSFLettersOnHoldRemoveLocalFiles}</value>
        </nodeChange>
        <nodeChange action="update">
          <xpath>/settings/SMSFLettersOnHold/SheetName</xpath>
          <value>${SMSFLettersOnHoldSheetName}</value>
        </nodeChange>
        <nodeChange action="update">
          <xpath>/settings/SMSFLettersOnHold/TemplatePath</xpath>
          <value>${SMSFLettersOnHoldTemplatePath}</value>
        </nodeChange>
        <nodeChange action="update">
          <xpath>/settings/SMSFLettersOnHold/WorkbookName</xpath>
          <value>${SMSFLettersOnHoldWorkbookName}</value>
        </nodeChange>
		<!--
          Reporting - SuperDeliveredUndeliveredEmail
        -->
        <nodeChange action="update">
          <xpath>/settings/SuperDeliveredUndeliveredEmail/To</xpath>
          <value>${SuperDeliveredUndeliveredEmailTo}</value>
        </nodeChange>
        <nodeChange action="update">
          <xpath>/settings/SuperDeliveredUndeliveredEmail/Cc</xpath>
          <value>${SuperDeliveredUndeliveredEmailCc}</value>
        </nodeChange>
        <nodeChange action="update">
          <xpath>/settings/SuperDeliveredUndeliveredEmail/From</xpath>
          <value>${SuperDeliveredUndeliveredEmailFrom}</value>
        </nodeChange>
        <nodeChange action="update">
          <xpath>/settings/SuperDeliveredUndeliveredEmail/Subject</xpath>
          <value>${SuperDeliveredUndeliveredEmailSubject}</value>
        </nodeChange>
        <nodeChange action="update">
          <xpath>/settings/SuperDeliveredUndeliveredEmail/EmailTest</xpath>
          <value>${SuperDeliveredUndeliveredEmailEmailTest}</value>
        </nodeChange>
        <nodeChange action="update">
          <xpath>/settings/SuperDeliveredUndeliveredEmail/RemoveLocalFiles</xpath>
          <value>${SuperDeliveredUndeliveredEmailRemoveLocalFiles}</value>
        </nodeChange>
        <nodeChange action="update">
          <xpath>/settings/SuperDeliveredUndeliveredEmail/SheetName</xpath>
          <value>${SuperDeliveredUndeliveredEmailSheetName}</value>
        </nodeChange>
        <nodeChange action="update">
          <xpath>/settings/SuperDeliveredUndeliveredEmail/TemplatePath</xpath>
          <value>${SuperDeliveredUndeliveredEmailTemplatePath}</value>
        </nodeChange>
        <nodeChange action="update">
          <xpath>/settings/SuperDeliveredUndeliveredEmail/WorkbookName</xpath>
          <value>${SuperDeliveredUndeliveredEmailWorkbookName}</value>
        </nodeChange>
		<!--
          Reporting - CBCLodgment
        -->
        <nodeChange action="update">
          <xpath>/settings/CBCLodgment/To</xpath>
          <value>${CBCLodgmentTo}</value>
        </nodeChange>
        <nodeChange action="update">
          <xpath>/settings/CBCLodgment/Cc</xpath>
          <value>${CBCLodgmentCc}</value>
        </nodeChange>
        <nodeChange action="update">
          <xpath>/settings/CBCLodgment/From</xpath>
          <value>${CBCLodgmentFrom}</value>
        </nodeChange>
        <nodeChange action="update">
          <xpath>/settings/CBCLodgment/Subject</xpath>
          <value>${CBCLodgmentSubject}</value>
        </nodeChange>
        <nodeChange action="update">
          <xpath>/settings/CBCLodgment/EmailTest</xpath>
          <value>${CBCLodgmentEmailTest}</value>
        </nodeChange>
        <nodeChange action="update">
          <xpath>/settings/CBCLodgment/RemoveLocalFiles</xpath>
          <value>${CBCLodgmentRemoveLocalFiles}</value>
        </nodeChange>
        <nodeChange action="update">
          <xpath>/settings/CBCLodgment/SheetName</xpath>
          <value>${CBCLodgmentSheetName}</value>
        </nodeChange>
        <nodeChange action="update">
          <xpath>/settings/CBCLodgment/TemplatePath</xpath>
          <value>${CBCLodgmentTemplatePath}</value>
        </nodeChange>
        <nodeChange action="update">
          <xpath>/settings/CBCLodgment/WorkbookName</xpath>
          <value>${CBCLodgmentWorkbookName}</value>
        </nodeChange>
        <!--
          Reporting - Correspondence Extractions
        -->
        <nodeChange action="update">
          <xpath>/settings/CorrespondenceExtractions/ExtractionsFolder</xpath>
          <value>${CorrespondenceExtractionsExtractionsFolder}</value>
        </nodeChange>
        <nodeChange action="update">
          <xpath>/settings/CorrespondenceExtractions/To</xpath>
          <value>${CorrespondenceExtractionsTo}</value>
        </nodeChange>
        <nodeChange action="update">
          <xpath>/settings/CorrespondenceExtractions/Cc</xpath>
          <value>${CorrespondenceExtractionsCc}</value>
        </nodeChange>
        <nodeChange action="update">
          <xpath>/settings/CorrespondenceExtractions/From</xpath>
          <value>${CorrespondenceExtractionsFrom}</value>
        </nodeChange>
        <nodeChange action="update">
          <xpath>/settings/CorrespondenceExtractions/EmailTest</xpath>
          <value>${CorrespondenceExtractionsEmailTest}</value>
        </nodeChange>
        <!--
          Reporting - Email test
        -->
        <nodeChange action="update">
          <xpath>/settings/EmailTest/To</xpath>
          <value>${EmailTestTo}</value>
        </nodeChange>
        <nodeChange action="update">
          <xpath>/settings/EmailTest/Cc</xpath>
          <value>${EmailTestCc}</value>
        </nodeChange>
        <nodeChange action="update">
          <xpath>/settings/EmailTest/From</xpath>
          <value>${EmailTestFrom}</value>
        </nodeChange>
      </nodeChanges>
    </configurationChange>
	<!--
      DCS Reports
    -->
    <configurationChange>
      <file>${TargetDir}\DCS.BAU.ReportingTool\OutputFiles\DCSReports\Settings.xml</file>
      <nodeChanges>
        <!--
          Reporting - Common
        -->
        <nodeChange action="update">
          <xpath>/settings/Common/ConnectionString</xpath>
          <value>${DCSReportsConnectionString}</value>
        </nodeChange>
		<nodeChange action="update">
          <xpath>/settings/Common/DEConnectionString</xpath>
          <value>${DCSReportsDEConnectionString}</value>
        </nodeChange>
		<nodeChange action="update">
          <xpath>/settings/Common/To</xpath>
          <value>${DCSReportsTo}</value>
        </nodeChange>
		<nodeChange action="update">
          <xpath>/settings/Common/Cc</xpath>
          <value>${DCSReportsCc}</value>
        </nodeChange>
		<nodeChange action="update">
          <xpath>/settings/Common/From</xpath>
          <value>${DCSReportsFrom}</value>
        </nodeChange>
		<nodeChange action="update">
          <xpath>/settings/Common/EmailTest</xpath>
          <value>${DCSReportsEmailTest}</value>
        </nodeChange>
		<nodeChange action="update">
          <xpath>/settings/EmailTest/To</xpath>
          <value>${DCSReportsEmailTestTo}</value>
        </nodeChange>
		<nodeChange action="update">
          <xpath>/settings/EmailTest/Cc</xpath>
          <value>${DCSReportsEmailTestCc}</value>
        </nodeChange>
		<nodeChange action="update">
          <xpath>/settings/EmailTest/From</xpath>
          <value>${DCSReportsEmailTestFrom}</value>
        </nodeChange>
        <!--
          Reporting - StatusMetrics
        -->
		<nodeChange action="update">
          <xpath>/settings/StatusMetrics/OutputFolder</xpath>
          <value>${StatusMetricsOutputFolder}</value>
        </nodeChange>
		<nodeChange action="update">
          <xpath>/settings/StatusMetrics/TemplatePath</xpath>
          <value>${StatusMetricsTemplatePath}</value>
        </nodeChange>
		<nodeChange action="update">
          <xpath>/settings/StatusMetrics/Subject</xpath>
          <value>${StatusMetricsSubject}</value>
        </nodeChange>
	  </nodeChanges>
    </configurationChange>
  </configurationChanges>
</configuration>

