<?xml version="1.0"?>
<configuration>
  <scheduledTasks runapp="${Create_ScheduledTask} AND ${Is_DevTest}">
    <task>
      <TaskProperty>
        <taskName>${InstanceKey}-BulkPrint-CheckCompleteness</taskName>
        <description>Bulk Print ${InstanceKey} Check Completeness</description>
      </TaskProperty>
      <PrincipalProperty>
        <RunLevel>1</RunLevel>
      </PrincipalProperty>
      <ActionProperty>
        <Execute>${TargetDir}\WinSvcs\Ato.CD.Outbound.BulkPrint\Ato.CD.Outbound.CorroGen.Scheduler.exe</Execute>
        <Arguments>-CC</Arguments>
        <WorkingDirectory></WorkingDirectory>
      </ActionProperty>
      <SettingProperty>
        <Enabled>False</Enabled>
        <Hidden>False</Hidden>
      </SettingProperty>
      <TriggerProperty>
        <Frequency>daily</Frequency>
        <At>${BPCompleteStart}</At>
        <Interval>1</Interval>
        <Repetition.Interval>PT${BPCompleteInterval}</Repetition.Interval>
      </TriggerProperty>
    </task>
    <task>
      <TaskProperty>
        <taskName>${InstanceKey}-BulkPrint-Job1</taskName>
        <description>Bulk Print ${InstanceKey} Job 1</description>
      </TaskProperty>
      <PrincipalProperty>
        <RunLevel>1</RunLevel>
      </PrincipalProperty>
      <ActionProperty>
        <Execute>${TargetDir}\WinSvcs\Ato.CD.Outbound.BulkPrint\Ato.CD.Outbound.CorroGen.Scheduler.exe</Execute>
        <Arguments>-PB</Arguments>
        <WorkingDirectory></WorkingDirectory>
      </ActionProperty>
      <SettingProperty>
        <Enabled>False</Enabled>
        <Hidden>False</Hidden>
      </SettingProperty>
      <TriggerProperty>
        <Frequency>daily</Frequency>
        <At>${BPJob1Start}</At>
        <Interval>1</Interval>
        <Repetition.Interval>PT${BPJob1Interval}</Repetition.Interval>
      </TriggerProperty>
    </task>
        <task>
      <TaskProperty>
        <taskName>${InstanceKey}-BulkPrint-Job2</taskName>
        <description>Bulk Print ${InstanceKey} Job 2</description>
      </TaskProperty>
      <PrincipalProperty>
        <RunLevel>1</RunLevel>
      </PrincipalProperty>
      <ActionProperty>
        <Execute>${TargetDir}\WinSvcs\Ato.CD.Outbound.BulkPrint\Ato.CD.Outbound.CorroGen.Scheduler.exe</Execute>
        <Arguments>-PB</Arguments>
        <WorkingDirectory></WorkingDirectory>
      </ActionProperty>
      <SettingProperty>
        <Enabled>False</Enabled>
        <Hidden>False</Hidden>
      </SettingProperty>
      <TriggerProperty>
        <Frequency>daily</Frequency>
        <At>${BPJob2Start}</At>
        <Interval>1</Interval>
        <Repetition.Interval>PT${BPJob2Interval}</Repetition.Interval>
      </TriggerProperty>
    </task>
    <task>
      <TaskProperty>
        <taskName>${InstanceKey}-BulkPrint-Job3</taskName>
        <description>Bulk Print ${InstanceKey} Job 3</description>
      </TaskProperty>
      <PrincipalProperty>
        <RunLevel>1</RunLevel>
      </PrincipalProperty>
      <ActionProperty>
        <Execute>${TargetDir}\WinSvcs\Ato.CD.Outbound.BulkPrint\Ato.CD.Outbound.CorroGen.Scheduler.exe</Execute>
        <Arguments>-PB</Arguments>
        <WorkingDirectory></WorkingDirectory>
      </ActionProperty>
      <SettingProperty>
        <Enabled>False</Enabled>
        <Hidden>False</Hidden>
      </SettingProperty>
      <TriggerProperty>
        <Frequency>daily</Frequency>
        <At>${BPJob3Start}</At>
        <Interval>1</Interval>
        <Repetition.Interval>PT${BPJob3Interval}</Repetition.Interval>
      </TriggerProperty>
    </task>
    <task>
      <TaskProperty>
        <taskName>${InstanceKey}-BulkPrint-Job4</taskName>
        <description>Bulk Print ${InstanceKey} Job 4</description>
      </TaskProperty>
      <PrincipalProperty>
        <RunLevel>1</RunLevel>
      </PrincipalProperty>
      <ActionProperty>
        <Execute>${TargetDir}\WinSvcs\Ato.CD.Outbound.BulkPrint\Ato.CD.Outbound.CorroGen.Scheduler.exe</Execute>
        <Arguments>-PB</Arguments>
        <WorkingDirectory></WorkingDirectory>
      </ActionProperty>
      <SettingProperty>
        <Enabled>False</Enabled>
        <Hidden>False</Hidden>
      </SettingProperty>
      <TriggerProperty>
        <Frequency>daily</Frequency>
        <At>${BPJob4Start}</At>
        <Interval>1</Interval>
        <Repetition.Interval>PT${BPJob4Interval}</Repetition.Interval>
      </TriggerProperty>
    </task>
	  <task>
       <TaskProperty>
        <taskName>${InstanceKey}-BulkPrint-PrepPSforPickup</taskName>
        <description>Bulk Print PrepPSforPickup ${InstanceKey}</description>
      </TaskProperty>
      <PrincipalProperty>
        <RunLevel>1</RunLevel>
      </PrincipalProperty>
      <ActionProperty>
        <Execute>${TargetDir}\WinSvcs\Ato.CD.Outbound.BulkPrint\Ato.CD.Outbound.CorroGen.PrepPSForPickUp.exe</Execute>
        <Arguments></Arguments>
        <WorkingDirectory></WorkingDirectory>
      </ActionProperty>
      <SettingProperty>
        <Enabled>False</Enabled>
        <Hidden>False</Hidden>
      </SettingProperty>
      <TriggerProperty>
        <Frequency>weekly</Frequency>
		    <DaysOfWeek>Monday;Tuesday;Wednesday;Thursday;Friday</DaysOfWeek>
        <At>${BPPrepPSStart}</At>
      </TriggerProperty>
    </task>
	<task>
       <TaskProperty>
        <taskName>${InstanceKey}-BulkPrint-StartBatch</taskName>
        <description>Bulk Print Start Batch ${InstanceKey}</description>
      </TaskProperty>
      <PrincipalProperty>
        <RunLevel>1</RunLevel>
      </PrincipalProperty>
      <ActionProperty>
        <Execute>${TargetDir}\WinSvcs\Ato.CD.Outbound.BulkPrint\Ato.CD.Outbound.CorroGen.Scheduler.exe</Execute>
        <Arguments>-B</Arguments>
        <WorkingDirectory></WorkingDirectory>
      </ActionProperty>
      <SettingProperty>
        <Enabled>False</Enabled>
        <Hidden>False</Hidden>
      </SettingProperty>
      <TriggerProperty>
        <Frequency>weekly</Frequency>
        <At>${BPBatchJobStart}</At>
		<Interval>1</Interval>
        <Repetition.Interval>PT${BPBatchJobInterval}</Repetition.Interval>
		<Repetition.Duration>PT24H</Repetition.Duration>
		<Repetition.StopAtDurationEnd>True</Repetition.StopAtDurationEnd>
		<DaysOfWeek>${BPBatchJobDays}</DaysOfWeek>
      </TriggerProperty>
    </task>
  </scheduledTasks>
    <scheduledTasks runapp="${Create_ScheduledTask} AND ${Is_PreProd}">
    <task>
      <TaskProperty>
        <taskName>${InstanceKey}-BulkPrint-CheckCompleteness</taskName>
        <description>Bulk Print ${InstanceKey} Check Completeness</description>
      </TaskProperty>
      <PrincipalProperty>
        <RunLevel>1</RunLevel>
      </PrincipalProperty>
      <ActionProperty>
        <Execute>${TargetDir}\WinSvcs\Ato.CD.Outbound.BulkPrint\Ato.CD.Outbound.CorroGen.Scheduler.exe</Execute>
        <Arguments>-CC</Arguments>
        <WorkingDirectory></WorkingDirectory>
      </ActionProperty>
      <SettingProperty>
        <Enabled>False</Enabled>
        <Hidden>False</Hidden>
      </SettingProperty>
      <TriggerProperty>
        <Frequency>daily</Frequency>
        <At>${BPCompleteStart}</At>
        <Interval>1</Interval>
        <Repetition.Interval>PT${BPCompleteInterval}</Repetition.Interval>
      </TriggerProperty>
    </task>
    <task>
      <TaskProperty>
        <taskName>${InstanceKey}-BulkPrint-Job1</taskName>
        <description>Bulk Print ${InstanceKey} Job 1</description>
      </TaskProperty>
      <PrincipalProperty>
        <RunLevel>1</RunLevel>
      </PrincipalProperty>
      <ActionProperty>
        <Execute>${TargetDir}\WinSvcs\Ato.CD.Outbound.BulkPrint\Ato.CD.Outbound.CorroGen.Scheduler.exe</Execute>
        <Arguments>-PB</Arguments>
        <WorkingDirectory></WorkingDirectory>
      </ActionProperty>
      <SettingProperty>
        <Enabled>False</Enabled>
        <Hidden>False</Hidden>
      </SettingProperty>
      <TriggerProperty>
        <Frequency>daily</Frequency>
        <At>${BPJob1Start}</At>
        <Interval>1</Interval>
        <Repetition.Interval>PT${BPJob1Interval}</Repetition.Interval>
      </TriggerProperty>
    </task>
        <task>
      <TaskProperty>
        <taskName>${InstanceKey}-BulkPrint-Job2</taskName>
        <description>Bulk Print ${InstanceKey} Job 2</description>
      </TaskProperty>
      <PrincipalProperty>
        <RunLevel>1</RunLevel>
      </PrincipalProperty>
      <ActionProperty>
        <Execute>${TargetDir}\WinSvcs\Ato.CD.Outbound.BulkPrint\Ato.CD.Outbound.CorroGen.Scheduler.exe</Execute>
        <Arguments>-PB</Arguments>
        <WorkingDirectory></WorkingDirectory>
      </ActionProperty>
      <SettingProperty>
        <Enabled>False</Enabled>
        <Hidden>False</Hidden>
      </SettingProperty>
      <TriggerProperty>
        <Frequency>daily</Frequency>
        <At>${BPJob2Start}</At>
        <Interval>1</Interval>
        <Repetition.Interval>PT${BPJob2Interval}</Repetition.Interval>
      </TriggerProperty>
    </task>
    <task>
      <TaskProperty>
        <taskName>${InstanceKey}-BulkPrint-Job3</taskName>
        <description>Bulk Print ${InstanceKey} Job 3</description>
      </TaskProperty>
      <PrincipalProperty>
        <RunLevel>1</RunLevel>
      </PrincipalProperty>
      <ActionProperty>
        <Execute>${TargetDir}\WinSvcs\Ato.CD.Outbound.BulkPrint\Ato.CD.Outbound.CorroGen.Scheduler.exe</Execute>
        <Arguments>-PB</Arguments>
        <WorkingDirectory></WorkingDirectory>
      </ActionProperty>
      <SettingProperty>
        <Enabled>False</Enabled>
        <Hidden>False</Hidden>
      </SettingProperty>
      <TriggerProperty>
        <Frequency>daily</Frequency>
        <At>${BPJob3Start}</At>
        <Interval>1</Interval>
        <Repetition.Interval>PT${BPJob3Interval}</Repetition.Interval>
      </TriggerProperty>
    </task>
    <task>
      <TaskProperty>
        <taskName>${InstanceKey}-BulkPrint-Job4</taskName>
        <description>Bulk Print ${InstanceKey} Job 4</description>
      </TaskProperty>
      <PrincipalProperty>
        <RunLevel>1</RunLevel>
      </PrincipalProperty>
      <ActionProperty>
        <Execute>${TargetDir}\WinSvcs\Ato.CD.Outbound.BulkPrint\Ato.CD.Outbound.CorroGen.Scheduler.exe</Execute>
        <Arguments>-PB</Arguments>
        <WorkingDirectory></WorkingDirectory>
      </ActionProperty>
      <SettingProperty>
        <Enabled>False</Enabled>
        <Hidden>False</Hidden>
      </SettingProperty>
      <TriggerProperty>
        <Frequency>daily</Frequency>
        <At>${BPJob4Start}</At>
        <Interval>1</Interval>
        <Repetition.Interval>PT${BPJob4Interval}</Repetition.Interval>
      </TriggerProperty>
    </task>
	  <task>
       <TaskProperty>
        <taskName>${InstanceKey}-BulkPrint-PrepPSforPickup</taskName>
        <description>Bulk Print PrepPSforPickup ${InstanceKey}</description>
      </TaskProperty>
      <PrincipalProperty>
        <RunLevel>1</RunLevel>
      </PrincipalProperty>
      <ActionProperty>
        <Execute>${TargetDir}\WinSvcs\Ato.CD.Outbound.BulkPrint\Ato.CD.Outbound.CorroGen.PrepPSForPickUp.exe</Execute>
        <Arguments></Arguments>
        <WorkingDirectory></WorkingDirectory>
      </ActionProperty>
      <SettingProperty>
        <Enabled>False</Enabled>
        <Hidden>False</Hidden>
      </SettingProperty>
      <TriggerProperty>
        <Frequency>weekly</Frequency>
		<DaysOfWeek>Monday;Tuesday;Wednesday;Thursday;Friday</DaysOfWeek>
        <At>${BPPrepPSStart}</At>
      </TriggerProperty>
    </task>
	<task>
       <TaskProperty>
        <taskName>${InstanceKey}-BulkPrint-StartBatch</taskName>
        <description>Bulk Print Start Batch ${InstanceKey}</description>
      </TaskProperty>
      <PrincipalProperty>
        <RunLevel>1</RunLevel>
      </PrincipalProperty>
      <ActionProperty>
        <Execute>${TargetDir}\WinSvcs\Ato.CD.Outbound.BulkPrint\Ato.CD.Outbound.CorroGen.Scheduler.exe</Execute>
        <Arguments>-B</Arguments>
        <WorkingDirectory></WorkingDirectory>
      </ActionProperty>
      <SettingProperty>
        <Enabled>False</Enabled>
        <Hidden>False</Hidden>
      </SettingProperty>
      <TriggerProperty>
        <Frequency>weekly</Frequency>
		<DaysOfWeek>Monday;Tuesday;Wednesday;Thursday;Friday</DaysOfWeek>
        <At>${BPBatchJobStart}</At>
      </TriggerProperty>
    </task>
  </scheduledTasks>
    <scheduledTasks runapp="${Create_ScheduledTask} AND ${Is_Prod}">
    <task>
      <TaskProperty>
        <taskName>${InstanceKey}-BulkPrint-CheckCompleteness</taskName>
        <description>Bulk Print ${InstanceKey} Check Completeness</description>
      </TaskProperty>
      <PrincipalProperty>
        <RunLevel>1</RunLevel>
      </PrincipalProperty>
      <ActionProperty>
        <Execute>${TargetDir}\WinSvcs\Ato.CD.Outbound.BulkPrint\Ato.CD.Outbound.CorroGen.Scheduler.exe</Execute>
        <Arguments>-CC</Arguments>
        <WorkingDirectory></WorkingDirectory>
      </ActionProperty>
      <SettingProperty>
        <Enabled>False</Enabled>
        <Hidden>False</Hidden>
      </SettingProperty>
      <TriggerProperty>
        <Frequency>daily</Frequency>
        <At>${BPCompleteStart}</At>
        <Interval>1</Interval>
        <Repetition.Interval>PT${BPCompleteInterval}</Repetition.Interval>
      </TriggerProperty>
    </task>
    <task>
      <TaskProperty>
        <taskName>${InstanceKey}-BulkPrint-Job1</taskName>
        <description>Bulk Print ${InstanceKey} Job 1</description>
      </TaskProperty>
      <PrincipalProperty>
        <RunLevel>1</RunLevel>
      </PrincipalProperty>
      <ActionProperty>
        <Execute>${TargetDir}\WinSvcs\Ato.CD.Outbound.BulkPrint\Ato.CD.Outbound.CorroGen.Scheduler.exe</Execute>
        <Arguments>-PB</Arguments>
        <WorkingDirectory></WorkingDirectory>
      </ActionProperty>
      <SettingProperty>
        <Enabled>False</Enabled>
        <Hidden>False</Hidden>
      </SettingProperty>
      <TriggerProperty>
        <Frequency>daily</Frequency>
        <At>${BPJob1Start}</At>
        <Interval>1</Interval>
        <Repetition.Interval>PT${BPJob1Interval}</Repetition.Interval>
      </TriggerProperty>
    </task>
        <task>
      <TaskProperty>
        <taskName>${InstanceKey}-BulkPrint-Job2</taskName>
        <description>Bulk Print ${InstanceKey} Job 2</description>
      </TaskProperty>
      <PrincipalProperty>
        <RunLevel>1</RunLevel>
      </PrincipalProperty>
      <ActionProperty>
        <Execute>${TargetDir}\WinSvcs\Ato.CD.Outbound.BulkPrint\Ato.CD.Outbound.CorroGen.Scheduler.exe</Execute>
        <Arguments>-PB</Arguments>
        <WorkingDirectory></WorkingDirectory>
      </ActionProperty>
      <SettingProperty>
        <Enabled>False</Enabled>
        <Hidden>False</Hidden>
      </SettingProperty>
      <TriggerProperty>
        <Frequency>daily</Frequency>
        <At>${BPJob2Start}</At>
        <Interval>1</Interval>
        <Repetition.Interval>PT${BPJob2Interval}</Repetition.Interval>
      </TriggerProperty>
    </task>
    <task>
      <TaskProperty>
        <taskName>${InstanceKey}-BulkPrint-Job3</taskName>
        <description>Bulk Print ${InstanceKey} Job 3</description>
      </TaskProperty>
      <PrincipalProperty>
        <RunLevel>1</RunLevel>
      </PrincipalProperty>
      <ActionProperty>
        <Execute>${TargetDir}\WinSvcs\Ato.CD.Outbound.BulkPrint\Ato.CD.Outbound.CorroGen.Scheduler.exe</Execute>
        <Arguments>-PB</Arguments>
        <WorkingDirectory></WorkingDirectory>
      </ActionProperty>
      <SettingProperty>
        <Enabled>False</Enabled>
        <Hidden>False</Hidden>
      </SettingProperty>
      <TriggerProperty>
        <Frequency>daily</Frequency>
        <At>${BPJob3Start}</At>
        <Interval>1</Interval>
        <Repetition.Interval>PT${BPJob3Interval}</Repetition.Interval>
      </TriggerProperty>
    </task>
    <task>
      <TaskProperty>
        <taskName>${InstanceKey}-BulkPrint-Job4</taskName>
        <description>Bulk Print ${InstanceKey} Job 4</description>
      </TaskProperty>
      <PrincipalProperty>
        <RunLevel>1</RunLevel>
      </PrincipalProperty>
      <ActionProperty>
        <Execute>${TargetDir}\WinSvcs\Ato.CD.Outbound.BulkPrint\Ato.CD.Outbound.CorroGen.Scheduler.exe</Execute>
        <Arguments>-PB</Arguments>
        <WorkingDirectory></WorkingDirectory>
      </ActionProperty>
      <SettingProperty>
        <Enabled>False</Enabled>
        <Hidden>False</Hidden>
      </SettingProperty>
      <TriggerProperty>
        <Frequency>daily</Frequency>
        <At>${BPJob4Start}</At>
        <Interval>1</Interval>
        <Repetition.Interval>PT${BPJob4Interval}</Repetition.Interval>
      </TriggerProperty>
    </task>
	  <task>
       <TaskProperty>
        <taskName>${InstanceKey}-BulkPrint-PrepPSforPickup</taskName>
        <description>Bulk Print PrepPSforPickup ${InstanceKey}</description>
      </TaskProperty>
      <PrincipalProperty>
        <RunLevel>1</RunLevel>
      </PrincipalProperty>
      <ActionProperty>
        <Execute>${TargetDir}\WinSvcs\Ato.CD.Outbound.BulkPrint\Ato.CD.Outbound.CorroGen.PrepPSForPickUp.exe</Execute>
        <Arguments></Arguments>
        <WorkingDirectory></WorkingDirectory>
      </ActionProperty>
      <SettingProperty>
        <Enabled>False</Enabled>
        <Hidden>False</Hidden>
      </SettingProperty>
      <TriggerProperty>
        <Frequency>weekly</Frequency>
		    <DaysOfWeek>Monday;Tuesday;Wednesday;Thursday;Friday</DaysOfWeek>
        <At>${BPPrepPSStart}</At>
      </TriggerProperty>
    </task>
	<task>
       <TaskProperty>
        <taskName>${InstanceKey}-BulkPrint-StartBatch</taskName>
        <description>Bulk Print Start Batch ${InstanceKey}</description>
      </TaskProperty>
      <PrincipalProperty>
        <RunLevel>1</RunLevel>
      </PrincipalProperty>
      <ActionProperty>
        <Execute>${TargetDir}\WinSvcs\Ato.CD.Outbound.BulkPrint\Ato.CD.Outbound.CorroGen.Scheduler.exe</Execute>
        <Arguments>-B</Arguments>
        <WorkingDirectory></WorkingDirectory>
      </ActionProperty>
      <SettingProperty>
        <Enabled>False</Enabled>
        <Hidden>False</Hidden>
      </SettingProperty>
      <TriggerProperty>
        <Frequency>Weekly</Frequency>
        <At>${BPBatchJobStart}</At>
		<Interval>1</Interval>
		<DaysOfWeek>${BPBatchJobDays}</DaysOfWeek>
      </TriggerProperty>
    </task>
  </scheduledTasks>
</configuration>