<?xml version="1.0" encoding="utf-8"?>
<configuration>
  <CustomFunctions>
    <First>
      <Function name="Add-DomainUserToLocalGroup">
        <domainUserName>${winServiceIdentity}</domainUserName>
        <localGroup>Administrators</localGroup>
      </Function>
      <Function name="Grant-LogOnAsAservice" domainUserName="${winServiceIdentity}" />
      <Function name="New-Folder" directory="${PDFOutputPath}" />
      <Function name="New-Folder" directory="${PSOutputPath}" />
      <Function name="New-Folder" directory="${ReportOutputPath}" />
      <Function name="New-Folder" directory="${ArchivePath}" />
      <Function name="New-Folder" directory="${WorkingFolderCreationPath}" />
      <Function name="New-Folder" directory="${PrepPSOutputPath}" />
      <Function name="New-Folder" directory="${PrepReportOutputPath}" />
      <Function name="New-Folder" directory="${RMSFilesPath}" />
      <Function name="New-Folder" directory="${RMSPickUpRootFolder}" />
      <Function name="New-Folder" directory="${FileshareFolderPath_HPA_in}" />
      <Function name="New-Folder" directory="${FileshareFolderPath_HPA_out}" />
      <Function name="New-Folder" directory="${FileshareFolderPath_HPA_testout}" />
      <Function name="New-Folder" directory="${FileshareFolderPath_CCS_in}" />
      <Function name="New-Folder" directory="${FileshareFolderPath_CCS_out}" />
      <Function name="New-Folder" directory="${FileshareFolderPath_CCS_testout}" />
      <Function name="New-Folder" directory="${FileshareFolderPath_salmat_in}" />
      <Function name="New-Folder" directory="${FileshareFolderPath_salmat_out}" />
      <Function name="New-Folder" directory="${FileshareFolderPath_salmat_testout}" />
      <Function name="New-Folder" directory="${FileshareFolderPath_Semagroup_in}" />
      <Function name="New-Folder" directory="${FileshareFolderPath_Semagroup_out}" />
      <Function name="New-Folder" directory="${FileshareFolderPath_Semagroup_testout}" />
      <Function name="New-Folder" directory="${FileshareFolderPath_rmspdf_XML}" />
      <Function name="New-Folder" directory="${FileshareFolderPath_rmspdf_DOC1PDF}" />
      <Function name="New-Folder" directory="${FileshareFolderPath_rmspdf_XMLCopy}" />
      <Function name="New-Folder" directory="${FileshareFolderPath_rmspdf_PDF}" />
      <Function name="New-Folder" directory="${FileshareFolderPath_ProcessedControlFiles}" />
      <Function name="New-Folder" directory="${FileshareFolderPath_ErroneousControlFiles}" />
      <Function name="New-Folder" directory="${FileshareFolderPath_ProcessedPdfRoot}" />
      <Function name="New-Folder" directory="${FileshareFolderPath_ErroneousXmlFiles}" />

      <Function name="New-SharedFolder" runapp="${Create_ScheduledTask}">
        <name>${Environment}</name>
        <path>${InstallDrive}\${Environment}</path>
        <fullaccess>${SharedFolderServiceIdentity}</fullaccess>
        <readaccess>everyone</readaccess>
      </Function>
      <Function name="New-SharedFolder">
        <name>${Level}</name>
        <path>${InstallDrive}\${Level}</path>
        <fullaccess>${winServiceIdentity}</fullaccess>
        <readaccess>everyone</readaccess>
      </Function>
      <Function name="New-SharedFolder" runapp="NOT ${Create_ScheduledTask}">
        <name>PROD</name>
        <path>${InstallDrive}\PROD</path>
        <fullaccess>${SharedFolderServiceIdentity}</fullaccess>
        <readaccess>everyone</readaccess>
      </Function>
    </First>
    <Last>
    </Last>
  </CustomFunctions>
</configuration>