<?xml version="1.0"?>
<configuration>
  <configurationChanges>
    <configurationChange>
      <file>${TargetDir}\DCS.Composition.Services.Vars\DCS.Composition.Services.Vars.dll.config</file>
      <nodeChanges>
        <nodeChange action="update">
          <xpath>/configuration/appSettings/add[@key='ServiceName']/@value</xpath>
          <value>${ServiceName}</value>
        </nodeChange>
        <nodeChange action="update">
          <xpath>/configuration/appSettings/add[@key='Environment']/@value</xpath>
          <value>${Environment}</value>
        </nodeChange>
        <nodeChange action="update">
          <xpath>/configuration/appSettings/add[@key='Hangfire_Database']/@value</xpath>
          <value>${Hangfire_Database}</value>
        </nodeChange>
        <nodeChange action="update">
          <xpath>/configuration/appSettings/add[@key='ApplicationLogFilePath']/@value</xpath>
          <value>${ApplicationLogFilePath}</value>
        </nodeChange>
        <nodeChange action="update">
          <xpath>/configuration/appSettings/add[@key='serilog:write-to:File.path']/@value</xpath>
          <value>${ApplicationLogFilePath}</value>
        </nodeChange>
        <nodeChange action="update">
          <xpath>/configuration/appSettings/add[@key='serilog:write-to:EventLog.source']/@value</xpath>
          <value>${ServiceName}</value>
        </nodeChange>
        <nodeChange action="update">
          <xpath>/configuration/appSettings/add[@key='RollingInterval']/@value</xpath>
          <value>${RollingInterval}</value>
        </nodeChange>
        <nodeChange action="update">
          <xpath>/configuration/appSettings/add[@key='RetainedFileCountLimit']/@value</xpath>
          <value>${RetainedFileCountLimit}</value>
        </nodeChange>
        <nodeChange action="update">
          <xpath>/configuration/appSettings/add[@key='BatchLogFileName']/@value</xpath>
          <value>${BatchLogFileName}</value>
        </nodeChange>
        <nodeChange action="update">
          <xpath>/configuration/appSettings/add[@key='SchemaName']/@value</xpath>
          <value>${SchemaName}</value>
        </nodeChange>
        <nodeChange action="update">
          <xpath>/configuration/appSettings/add[@key='HangfireThreadsToRun']/@value</xpath>
          <value>${HangfireThreadsToRun}</value>
        </nodeChange>
        <nodeChange action="update">
          <xpath>/configuration/appSettings/add[@key='RESTAPIActive']/@value</xpath>
          <value>${RESTAPIActive}</value>
        </nodeChange>
        <nodeChange action="update">
          <xpath>/configuration/appSettings/add[@key='RESTAPIURL']/@value</xpath>
          <value>${RESTAPIURL}</value>
        </nodeChange>
        <nodeChange action="update">
          <xpath>/configuration/appSettings/add[@key='FileAPIActive']/@value</xpath>
          <value>${FileAPIActive}</value>
        </nodeChange>
        <nodeChange action="update">
          <xpath>/configuration/appSettings/add[@key='FileAPIFullPath']/@value</xpath>
          <value>${FileAPIFullPath}</value>
        </nodeChange>
        <nodeChange action="update">
          <xpath>/configuration/appSettings/add[@key='ControlFileTemplateFile']/@value</xpath>
          <value>${ControlFileTemplateFile}</value>
        </nodeChange>
        <nodeChange action="update">
          <xpath>/configuration/appSettings/add[@key='BatchJPrimaryControlFileName']/@value</xpath>
          <value>${PrimaryFileName}</value>
        </nodeChange>
        <nodeChange action="update">
          <xpath>/configuration/appSettings/add[@key='BatchSecondaryControlFileName']/@value</xpath>
          <value>${SecondaryFileName}</value>
        </nodeChange>
        <nodeChange action="update">
          <xpath>/configuration/appSettings/add[@key='BatchJobOrchestrationControlFileName']/@value</xpath>
          <value>${JobOrchestrationFileName}</value>
        </nodeChange>
        <nodeChange action="update">
          <xpath>/configuration/appSettings/add[@key='PrimaryFileTypeCode']/@value</xpath>
          <value>${PrimaryFileTypeCode}</value>
        </nodeChange>
        <nodeChange action="update">
          <xpath>/configuration/appSettings/add[@key='SecondaryFileTypeCode']/@value</xpath>
          <value>${SecondaryFileTypeCode}</value>
        </nodeChange>
        <nodeChange action="update">
          <xpath>/configuration/appSettings/add[@key='JobOrchestrationFileTypeCode']/@value</xpath>
          <value>${JobOrchestrationFileTypeCode}</value>
        </nodeChange>
        <nodeChange action="update">
          <xpath>/configuration/appSettings/add[@key='JobFolderPathTag']/@value</xpath>
          <value>${JobFolderPathTag}</value>
        </nodeChange>
        <nodeChange action="update">
          <xpath>/configuration/appSettings/add[@key='BatchIdTag']/@value</xpath>
          <value>${BatchIdTag}</value>
        </nodeChange>
        <nodeChange action="update">
          <xpath>/configuration/appSettings/add[@key='BatchFolderPathTag']/@value</xpath>
          <value>${BatchFolderPathTag}</value>
        </nodeChange>
        <nodeChange action="update">
          <xpath>/configuration/appSettings/add[@key='InputFilesPathTag']/@value</xpath>
          <value>${InputFilesPathTag}</value>
        </nodeChange>
        <nodeChange action="update">
          <xpath>/configuration/appSettings/add[@key='JobFolderPathDefault']/@value</xpath>
          <value>${JobFolderPathDefault}</value>
        </nodeChange>
        <nodeChange action="update">
          <xpath>/configuration/appSettings/add[@key='InputFilesPathDefault']/@value</xpath>
          <value>${InputFilesPathDefault}</value>
        </nodeChange>
        <nodeChange action="update">
          <xpath>/configuration/appSettings/add[@key='PubFilesPathDefault']/@value</xpath>
          <value>${PubFilesPathDefault}</value>
        </nodeChange>
        <nodeChange action="update">
          <xpath>/configuration/appSettings/add[@key='RESTAPIPort']/@value</xpath>
          <value>${RESTAPIPort}</value>
        </nodeChange>
        <nodeChange action="update">
          <xpath>/configuration/appSettings/add[@key='UseCertificateForSSL']/@value</xpath>
          <value>${UseCertificateForSSL}</value>
        </nodeChange>
        <nodeChange action="update">
          <xpath>/configuration/appSettings/add[@key='CertificateSubject']/@value</xpath>
          <value>${CertificateSubject}</value>
        </nodeChange>
        <nodeChange action="update">
          <xpath>/configuration/appSettings/add[@key='StagingFilesPathDefault']/@value</xpath>
          <value>${StagingFilesPathDefault}</value>
        </nodeChange>
        <!-- Database Setup -->
        <nodeChange action="update">
          <xpath>/configuration/connectionStrings/add[@name='OutboundCorroGen']/@connectionString</xpath>
          <value regex="(?i:server)\=[^;]*">Server=${DALC_Server}</value>
        </nodeChange>
        <nodeChange action="update">
          <xpath>/configuration/connectionStrings/add[@name='OutboundCorroGen']/@connectionString</xpath>
          <value regex="(?i:database)\=[^;]*">database=${DALC_Database}</value>
        </nodeChange>
        <nodeChange action="update">
          <xpath>/configuration/connectionStrings/add[@name='OutboundCorroGen']/@connectionString</xpath>
          <value regex="(?i:Application Name)\=[^;]*">Application Name=${DBConnectionApplicationName}</value>
        </nodeChange>
        <nodeChange action="update">
          <xpath>/configuration/connectionStrings/add[@name='Hangfire']/@connectionString</xpath>
          <value regex="(?i:server)\=[^;]*">Server=${Hangfire_Server}</value>
        </nodeChange>
        <nodeChange action="update">
          <xpath>/configuration/connectionStrings/add[@name='Hangfire']/@connectionString</xpath>
          <value regex="(?i:database)\=[^;]*">database=${Hangfire_Database}</value>
        </nodeChange>
        <nodeChange action="update">
          <xpath>/configuration/connectionStrings/add[@name='Hangfire']/@connectionString</xpath>
          <value regex="(?i:Application Name)\=[^;]*">Application Name=${DBConnectionApplicationName}</value>
        </nodeChange>
      </nodeChanges>
    </configurationChange>
  </configurationChanges>
  <textfiles>
    <textfile action="install">
      <filename>${TargetDir}\DCS.Composition.Services.Vars\DCS.Composition.Services.Vars.AppDynamicsConfig.json</filename>
      <substitution>
        <targetstring regex="true">("host":)(.*)</targetstring>
        <newstring>"host": "${AppDynamics_Host}",</newstring>
      </substitution>
      <substitution>
        <targetstring regex="true">("port":)(.*)</targetstring>
        <newstring>"port": ${AppDynamics_Port},</newstring>
      </substitution>
      <substitution>
        <targetstring regex="true">("ssl":)(.*)</targetstring>
        <newstring>"ssl": ${AppDynamics_SSL},</newstring>
      </substitution>
      <substitution>
        <targetstring regex="true">("enable_tls12":)(.*)</targetstring>
        <newstring>"enable_tls12": ${AppDynamics_EnableTls},</newstring>
      </substitution>
      <substitution>
        <targetstring regex="true">("account":)(.*)</targetstring>
        <newstring>"account": "${AppDynamics_Account}",</newstring>
      </substitution>
      <substitution>
        <targetstring regex="true">("password":)(.*)</targetstring>
        <newstring>"password": "${AppDynamics_Password}",</newstring>
      </substitution>
      <substitution>
        <targetstring regex="true">("name":)(.*)</targetstring>
        <newstring>"name": "${AppDynamics_Name}",</newstring>
      </substitution>
      <substitution>
        <targetstring regex="true">("tier":)(.*)</targetstring>
        <newstring>"tier": "${AppDynamics_Tier}",</newstring>
      </substitution>
    </textfile>
  </textfiles>
</configuration>
