<?xml version="1.0"?>
<configuration>
  <windowsServiceApplication>
    <windowsService>
      <windowsServiceName>ATO.DCS.${InstanceKey}.Composition.Vars</windowsServiceName>
      <windowsServiceDisplayName>ATO.DCS.${InstanceKey}.Composition.Vars</windowsServiceDisplayName>
      <windowsServiceDescription>ATO.DCS.${InstanceKey}.Composition.Vars</windowsServiceDescription>
      <windowsServiceAssemblyPath>${targetdir}\DCS.Composition.Services.Vars\DCS.Composition.Services.Vars.exe</windowsServiceAssemblyPath>
      <windowsServiceStart>false</windowsServiceStart>
      <windowsServiceStartType>Disabled</windowsServiceStartType>
      <windowsServiceDependsOn>MSDTC</windowsServiceDependsOn>
    </windowsService>
  </windowsServiceApplication>
</configuration>
