<?xml version="1.0"?>
<configuration>
  <windowsServiceApplication>
    <windowsService>
      <windowsServiceName>ATO.DCS.${InstanceKey}.Consolidation.PaperBatch</windowsServiceName>
      <windowsServiceDisplayName>ATO.DCS.${InstanceKey}.Consolidation.PaperBatch</windowsServiceDisplayName>
      <windowsServiceDescription>ATO.DCS.${InstanceKey}.Consolidation.PaperBatch</windowsServiceDescription>
      <windowsServiceAssemblyPath>${targetdir}\DCS.PostComposition.PaperBatchConsolidation\DCS.PostComposition.Services.PaperBatchConsolidation.exe</windowsServiceAssemblyPath>
      <windowsServiceStart>false</windowsServiceStart>
      <windowsServiceStartType>Disabled</windowsServiceStartType>
      <windowsServiceDependsOn>MSDTC</windowsServiceDependsOn>
      <windowsServiceRecoveryActions>
        <enableActionsForStopsWithErrors>true</enableActionsForStopsWithErrors>
        <resetFailCountAfter>1</resetFailCountAfter>
        <rebootMessage></rebootMessage>
        <runFile></runFile>
        <failure>
            <type>restart</type>
            <delay>1</delay>
        </failure>
        <failure>
            <type>restart</type>
            <delay>1</delay>
        </failure>
        <failure>
            <type>restart</type>
            <delay>1</delay>
        </failure>
      </windowsServiceRecoveryActions>
    </windowsService>
  </windowsServiceApplication>
</configuration>