<?xml version="1.0" encoding="utf-8"?>
<!-- ******************************************************* -->
<!-- !!!!! NEVER UPDATE THIS ENVIRONMENT FILE DIRECTLY !!!!! -->
<!--                                                         -->
<!-- ALWAYS use the Excel environment file editor to update  -->
<!-- and then generate the environment file.                 -->
<!-- ******************************************************* -->
<environments applicationName="PaperBatch" roleName="DCS.PostComposition.PaperBatchConsolidation=WinScv" securityCode="6272">
    <environment key="Cloud - MyMachine - Default" remoteDeploymentGroupName="" remoteDeploymentServers="">
        <group key="Deployment">
            <parameter key="LegacyEnv"></parameter>
            <parameter key="Environment"></parameter>
            <parameter key="winServiceIdentity"></parameter>
            <parameter key="SharedFolderServiceIdentity"></parameter>
            <parameter key="LogFilePath">\\fileshare${Network}.dcs.${Domain}\${Level}\${Environment}\ServiceLogs\postcomp.paperbatchconsolidation-.log</parameter>
            <parameter key="APIURL"></parameter>
            <parameter key="RESTAPIPort"></parameter>
            <parameter key="LogServiceUrl"></parameter>
            <parameter key="DALC_Server">outboundDatabase${Level}.dcs.${Domain},61301</parameter>
            <parameter key="Hangfire_Server">designDatabase${Level}.dcs.${Domain},61301</parameter>
            <parameter key="SubnetFailover">False</parameter>
            <parameter key="EnvBaseFolder">\\fileshare${Network}.dcs.${Domain}\${Level}\${Environment}</parameter>
            <parameter key="Level"></parameter>
            <parameter key="Network"></parameter>
            <parameter key="Domain"></parameter>
        </group>
        <group key="General">
            <parameter key="ScheduledTaskIdentity">${winServiceIdentity}</parameter>
            <parameter key="Create_ScheduledTask">TRUE</parameter>
            <parameter key="DALC_Database">Outbound${Environment}</parameter>
            <parameter key="Hangfire_Database">HangfireDelivery${Environment}</parameter>
            <parameter key="CertificateSubject">dcs devtest atohdtnet ${Level} Level Certificate</parameter>
            <parameter key="UserToRecordAgainst">CSPb${InstanceKey}</parameter>
            <parameter key="EventLogServiceName">DCS${InstanceKey}.PostComposition.PaperBatchConsolidation</parameter>
            <parameter key="SchemaName">Green</parameter>
            <parameter key="HangfireWorkerCount">10</parameter>
            <parameter key="WorkingFolderLockWait">1</parameter>
            <parameter key="GroupMaxCount">10</parameter>
            <parameter key="DBConnectionApplicationName">DCS.PostComposition.Services.PaperBatchConsolidation</parameter>
        </group>
        <group key="Staging">
            <parameter key="StagingLockFile">CPBInProgress.mutex</parameter>
            <parameter key="StagingProcessDir">process</parameter>
        </group>
        <group key="DefaultOutputs">
            <parameter key="DefaultOutSortIndex">sortindex.idx</parameter>
            <parameter key="DefaultOutControlFile">control_include.txt</parameter>
            <parameter key="DefaultIndexExp">*.idx</parameter>
            <parameter key="DefaultDataExp">*.dat</parameter>
            <parameter key="DefaultPackageExp">*.pkg</parameter>
            <parameter key="DefaultUpdateReportExp">*.ddbr</parameter>
            <parameter key="DefaultPubExp">*.pub</parameter>
        </group>
        <group key="Logging">
            <parameter key="MinimumLevel">Information</parameter>
            <parameter key="LevelOverrides">Default|Information,System|Information,Microsoft|Information,DCS|Information,Hangfire|Information</parameter>
            <parameter key="IsJson">TRUE</parameter>
            <parameter key="FileSizeLimitBytes">536870912</parameter>
            <parameter key="RetainedFileCountLimit">31</parameter>
            <parameter key="OutputTemplate">{Timestamp:o} {RequestId,13} [{Level:u3}] {Message} ({EventId:x8}){NewLine}{Exception}</parameter>
        </group>
        <group key="AppDynamics">
            <parameter key="AppDynamics_Host">appdagents</parameter>
            <parameter key="AppDynamics_Port">8090</parameter>
            <parameter key="AppDynamics_SSL">false</parameter>
            <parameter key="AppDynamics_EnableTls">false</parameter>
            <parameter key="AppDynamics_Tier">ModernApp - DCS.PostComposition.Services.PaperBatchConsolidation</parameter>
            <parameter key="AppDynamics_Enabled">0</parameter>
            <parameter key="AppDynamics_Account"></parameter>
            <parameter key="AppDynamics_Password"></parameter>
            <parameter key="AppDynamics_Name"></parameter>
        </group>
        <instance key="DEA">
            <parameter key="LegacyEnv">DEA</parameter>
            <parameter key="Environment">DEA</parameter>
            <parameter key="winServiceIdentity">DEVTEST\SVC_DCSCORRES_DE</parameter>
            <parameter key="SharedFolderServiceIdentity">DevTest\SVC_DCSCORRES_DE</parameter>
            <parameter key="APIURL">http://*:32001</parameter>
            <parameter key="RESTAPIPort">32001</parameter>
            <parameter key="LogServiceUrl">https://modernApplicationDE.dcs.devtest.atohdtnet.gov.au:27001/api/DCSLogger/LogMessage</parameter>
            <parameter key="Level">DE</parameter>
            <parameter key="Network">DT</parameter>
            <parameter key="Domain">devtest.atohdtnet.gov.au</parameter>
        </instance>
        <instance key="DEB">
            <parameter key="LegacyEnv">DEB</parameter>
            <parameter key="Environment">DEB</parameter>
            <parameter key="winServiceIdentity">DEVTEST\SVC_DCSCORRES_DE</parameter>
            <parameter key="SharedFolderServiceIdentity">DevTest\SVC_DCSCORRES_DE</parameter>
            <parameter key="APIURL">http://*:32002</parameter>
            <parameter key="RESTAPIPort">32002</parameter>
            <parameter key="LogServiceUrl">https://modernApplicationDE.dcs.devtest.atohdtnet.gov.au:27002/api/DCSLogger/LogMessage</parameter>
            <parameter key="Level">DE</parameter>
            <parameter key="Network">DT</parameter>
            <parameter key="Domain">devtest.atohdtnet.gov.au</parameter>
        </instance>
        <instance key="DEE">
            <parameter key="LegacyEnv">DEE</parameter>
            <parameter key="Environment">DEE</parameter>
            <parameter key="winServiceIdentity">DEVTEST\SVC_DCSCORRES_DE</parameter>
            <parameter key="SharedFolderServiceIdentity">DevTest\SVC_DCSCORRES_DE</parameter>
            <parameter key="APIURL">http://*.32005</parameter>
            <parameter key="RESTAPIPort">32005</parameter>
            <parameter key="LogServiceUrl">https://modernApplicationDE.dcs.devtest.atohdtnet.gov.au:27005/api/DCSLogger/LogMessage</parameter>
            <parameter key="Level">DE</parameter>
            <parameter key="Network">DT</parameter>
            <parameter key="Domain">devtest.atohdtnet.gov.au</parameter>
        </instance>
        <instance key="DEH">
            <parameter key="LegacyEnv">DEVH</parameter>
            <parameter key="Environment">DEH</parameter>
            <parameter key="winServiceIdentity">DEVTEST\SVC_DCSCORRES_DE</parameter>
            <parameter key="SharedFolderServiceIdentity">DevTest\SVC_DCSCORRES_DE</parameter>
            <parameter key="APIURL">http://*:32008</parameter>
            <parameter key="RESTAPIPort">32008</parameter>
            <parameter key="LogServiceUrl">https://modernApplicationDE.dcs.${Domain}:27008/api/DCSLogger/LogMessage</parameter>
            <parameter key="Level">DE</parameter>
            <parameter key="Network">DT</parameter>
            <parameter key="Domain">devtest.atohdtnet.gov.au</parameter>
        </instance>
        <instance key="DEK">
            <parameter key="LegacyEnv">DEVK</parameter>
            <parameter key="Environment">DEK</parameter>
            <parameter key="winServiceIdentity">DEVTEST\SVC_DCSCORRES_DE</parameter>
            <parameter key="SharedFolderServiceIdentity">DevTest\SVC_DCSCORRES_DE</parameter>
            <parameter key="APIURL">http://*:32011</parameter>
            <parameter key="RESTAPIPort">32011</parameter>
            <parameter key="LogServiceUrl">https://modernApplicationDE.dcs.devtest.atohdtnet.gov.au:27011/api/DCSLogger/LogMessage</parameter>
            <parameter key="Level">DE</parameter>
            <parameter key="Network">DT</parameter>
            <parameter key="Domain">devtest.atohdtnet.gov.au</parameter>
        </instance>
        <instance key="DEM">
            <parameter key="LegacyEnv">DEM</parameter>
            <parameter key="Environment">DEM</parameter>
            <parameter key="winServiceIdentity">DEVTEST\SVC_DCSCORRES_DE</parameter>
            <parameter key="SharedFolderServiceIdentity">DevTest\SVC_DCSCORRES_DE</parameter>
            <parameter key="APIURL">http://*:32013</parameter>
            <parameter key="RESTAPIPort">32013</parameter>
            <parameter key="LogServiceUrl">https://modernApplicationDEM.dcs.${Domain}:27013/api/DCSLogger/LogMessage</parameter>
            <parameter key="Level">DE</parameter>
            <parameter key="Network">DT</parameter>
            <parameter key="Domain">devtest.atohdtnet.gov.au</parameter>
        </instance>
        <instance key="DEQ">
            <parameter key="LegacyEnv">DEM</parameter>
            <parameter key="Environment">DEQ</parameter>
            <parameter key="winServiceIdentity">DEVTEST\SVC_DCSCORRES_DE</parameter>
            <parameter key="SharedFolderServiceIdentity">DevTest\SVC_DCSCORRES_DE</parameter>
            <parameter key="APIURL">http://*:32017</parameter>
            <parameter key="RESTAPIPort">32017</parameter>
            <parameter key="LogServiceUrl">https://modernApplicationDE.dcs.devtest.atohdtnet.gov.au:27017/api/DCSLogger/LogMessage</parameter>
            <parameter key="Level">DE</parameter>
            <parameter key="Network">DT</parameter>
            <parameter key="Domain">devtest.atohdtnet.gov.au</parameter>
        </instance>
        <instance key="DEW">
            <parameter key="LegacyEnv">DEVW</parameter>
            <parameter key="Environment">DEW</parameter>
            <parameter key="winServiceIdentity">DEVTEST\SVC_DCSCORRES_DE</parameter>
            <parameter key="SharedFolderServiceIdentity">DevTest\SVC_DCSCORRES_DE</parameter>
            <parameter key="APIURL">http://*:32023</parameter>
            <parameter key="RESTAPIPort">32023</parameter>
            <parameter key="LogServiceUrl">https://modernApplicationDE.dcs.devtest.atohdtnet.gov.au:27023/api/DCSLogger/LogMessage</parameter>
            <parameter key="Level">DE</parameter>
            <parameter key="Network">DT</parameter>
            <parameter key="Domain">devtest.atohdtnet.gov.au</parameter>
        </instance>
        <instance key="ATA">
            <parameter key="LegacyEnv">ATA</parameter>
            <parameter key="Environment">ATA</parameter>
            <parameter key="winServiceIdentity">DEVTEST\SVC_DCSCORRES_AT</parameter>
            <parameter key="SharedFolderServiceIdentity">DevTest\SVC_DCSCORRES_AT</parameter>
            <parameter key="APIURL">http://*.32101</parameter>
            <parameter key="RESTAPIPort">32101</parameter>
            <parameter key="LogServiceUrl">https://modernApplicationAT.dcs.devtest.atohdtnet.gov.au:27101/api/DCSLogger/LogMessage</parameter>
            <parameter key="Level">AT</parameter>
            <parameter key="Network">DT</parameter>
            <parameter key="Domain">devtest.atohdtnet.gov.au</parameter>
        </instance>
        <instance key="ATB">
            <parameter key="LegacyEnv">ATB</parameter>
            <parameter key="Environment">ATB</parameter>
            <parameter key="winServiceIdentity">DEVTEST\SVC_DCSCORRES_AT</parameter>
            <parameter key="SharedFolderServiceIdentity">DevTest\SVC_DCSCORRES_AT</parameter>
            <parameter key="APIURL">http://*.32102</parameter>
            <parameter key="RESTAPIPort">32102</parameter>
            <parameter key="LogServiceUrl">https://modernApplicationAT.dcs.devtest.atohdtnet.gov.au:27102/api/DCSLogger/LogMessage</parameter>
            <parameter key="Level">AT</parameter>
            <parameter key="Network">DT</parameter>
            <parameter key="Domain">devtest.atohdtnet.gov.au</parameter>
        </instance>
        <instance key="ATH">
            <parameter key="LegacyEnv">ATH</parameter>
            <parameter key="Environment">ATH</parameter>
            <parameter key="winServiceIdentity">DEVTEST\SVC_DCSCORRES_AT</parameter>
            <parameter key="SharedFolderServiceIdentity">DevTest\SVC_DCSCORRES_AT</parameter>
            <parameter key="APIURL">http://*.32108</parameter>
            <parameter key="RESTAPIPort">32108</parameter>
            <parameter key="LogServiceUrl">https://modernApplicationAT.dcs.devtest.atohdtnet.gov.au:27108/api/DCSLogger/LogMessage</parameter>
            <parameter key="Level">AT</parameter>
            <parameter key="Network">DT</parameter>
            <parameter key="Domain">devtest.atohdtnet.gov.au</parameter>
        </instance>
        <instance key="ATJ">
            <parameter key="LegacyEnv">ATJ</parameter>
            <parameter key="Environment">ATJ</parameter>
            <parameter key="winServiceIdentity">DEVTEST\SVC_DCSCORRES_AT</parameter>
            <parameter key="SharedFolderServiceIdentity">DevTest\SVC_DCSCORRES_AT</parameter>
            <parameter key="APIURL">http://*.32110</parameter>
            <parameter key="RESTAPIPort">32110</parameter>
            <parameter key="LogServiceUrl">https://modernApplicationAT.dcs.devtest.atohdtnet.gov.au:27110/api/DCSLogger/LogMessage</parameter>
            <parameter key="Level">AT</parameter>
            <parameter key="Network">DT</parameter>
            <parameter key="Domain">devtest.atohdtnet.gov.au</parameter>
        </instance>
        <instance key="ATL">
            <parameter key="LegacyEnv">ATL</parameter>
            <parameter key="Environment">ATL</parameter>
            <parameter key="winServiceIdentity">DEVTEST\SVC_DCSCORRES_AT</parameter>
            <parameter key="SharedFolderServiceIdentity">DevTest\SVC_DCSCORRES_AT</parameter>
            <parameter key="APIURL">http://*.32112</parameter>
            <parameter key="RESTAPIPort">32112</parameter>
            <parameter key="LogServiceUrl">https://modernApplicationAT.dcs.devtest.atohdtnet.gov.au:27112/api/DCSLogger/LogMessage</parameter>
            <parameter key="Level">AT</parameter>
            <parameter key="Network">DT</parameter>
            <parameter key="Domain">devtest.atohdtnet.gov.au</parameter>
        </instance>
        <instance key="ATM">
            <parameter key="LegacyEnv">ATM</parameter>
            <parameter key="Environment">ATM</parameter>
            <parameter key="winServiceIdentity">DEVTEST\SVC_DCSCORRES_AT</parameter>
            <parameter key="SharedFolderServiceIdentity">DevTest\SVC_DCSCORRES_AT</parameter>
            <parameter key="APIURL">http://*:32113</parameter>
            <parameter key="RESTAPIPort">32113</parameter>
            <parameter key="LogServiceUrl">https://modernApplicationATM.dcs.devtest.atohdtnet.gov.au:27113/api/DCSLogger/LogMessage</parameter>
            <parameter key="Level">AT</parameter>
            <parameter key="Network">DT</parameter>
            <parameter key="Domain">devtest.atohdtnet.gov.au</parameter>
        </instance>
        <instance key="ATN">
            <parameter key="LegacyEnv">ATN</parameter>
            <parameter key="Environment">ATN</parameter>
            <parameter key="winServiceIdentity">DEVTEST\SVC_DCSCORRES_AT</parameter>
            <parameter key="SharedFolderServiceIdentity">DevTest\SVC_DCSCORRES_AT</parameter>
            <parameter key="APIURL">http://*:32114</parameter>
            <parameter key="RESTAPIPort">32114</parameter>
            <parameter key="LogServiceUrl">https://modernApplicationAT.dcs.devtest.atohdtnet.gov.au:27114/api/DCSLogger/LogMessage</parameter>
            <parameter key="Level">AT</parameter>
            <parameter key="Network">DT</parameter>
            <parameter key="Domain">devtest.atohdtnet.gov.au</parameter>
        </instance>
        <instance key="ATQ">
            <parameter key="LegacyEnv">ATQ</parameter>
            <parameter key="Environment">ATQ</parameter>
            <parameter key="winServiceIdentity">DEVTEST\SVC_DCSCORRES_AT</parameter>
            <parameter key="SharedFolderServiceIdentity">DevTest\SVC_DCSCORRES_AT</parameter>
            <parameter key="APIURL">http://*:32117</parameter>
            <parameter key="RESTAPIPort">32117</parameter>
            <parameter key="LogServiceUrl">https://modernApplicationAT.dcs.devtest.atohdtnet.gov.au:27117/api/DCSLogger/LogMessage</parameter>
            <parameter key="Level">AT</parameter>
            <parameter key="Network">DT</parameter>
            <parameter key="Domain">devtest.atohdtnet.gov.au</parameter>
        </instance>
        <instance key="PTA">
            <parameter key="Environment">PTA</parameter>
            <parameter key="winServiceIdentity">DEVTEST\SVC_DCSCORRES_PT</parameter>
            <parameter key="SharedFolderServiceIdentity">DevTest\SVC_DCSCORRES_PT</parameter>
            <parameter key="APIURL">http://*:32201</parameter>
            <parameter key="RESTAPIPort">32201</parameter>
            <parameter key="LogServiceUrl">https://modernApplicationPT.dcs.devtest.atohdtnet.gov.au:27201/api/DCSLogger/LogMessage</parameter>
            <parameter key="Level">PT</parameter>
            <parameter key="Network">DT</parameter>
            <parameter key="Domain">devtest.atohdtnet.gov.au</parameter>
        </instance>
        <instance key="PTB">
            <parameter key="Environment">PTB</parameter>
            <parameter key="winServiceIdentity">DEVTEST\SVC_DCSCORRES_PT</parameter>
            <parameter key="SharedFolderServiceIdentity">DevTest\SVC_DCSCORRES_PT</parameter>
            <parameter key="APIURL">http://*:32202</parameter>
            <parameter key="RESTAPIPort">32202</parameter>
            <parameter key="LogServiceUrl">https://modernApplicationPT.dcs.devtest.atohdtnet.gov.au:27202/api/DCSLogger/LogMessage</parameter>
            <parameter key="Level">PT</parameter>
            <parameter key="Network">DT</parameter>
            <parameter key="Domain">devtest.atohdtnet.gov.au</parameter>
        </instance>
        <instance key="PTE">
            <parameter key="Environment">PTE</parameter>
            <parameter key="winServiceIdentity">DEVTEST\SVC_DCSCORRES_PT</parameter>
            <parameter key="SharedFolderServiceIdentity">DevTest\SVC_DCSCORRES_PT</parameter>
            <parameter key="APIURL">http://*:32205</parameter>
            <parameter key="RESTAPIPort">32205</parameter>
            <parameter key="LogServiceUrl">https://modernApplicationPT.dcs.devtest.atohdtnet.gov.au:27205/api/DCSLogger/LogMessage</parameter>
            <parameter key="Level">PT</parameter>
            <parameter key="Network">DT</parameter>
            <parameter key="Domain">devtest.atohdtnet.gov.au</parameter>
        </instance>
        <instance key="PTF">
            <parameter key="Environment">PTF</parameter>
            <parameter key="winServiceIdentity">DEVTEST\SVC_DCSCORRES_PT</parameter>
            <parameter key="SharedFolderServiceIdentity">DevTest\SVC_DCSCORRES_PT</parameter>
            <parameter key="APIURL">http://*:32206</parameter>
            <parameter key="RESTAPIPort">32206</parameter>
            <parameter key="LogServiceUrl">https://modernApplicationPT.dcs.devtest.atohdtnet.gov.au:27206/api/DCSLogger/LogMessage</parameter>
            <parameter key="Level">PT</parameter>
            <parameter key="Network">DT</parameter>
            <parameter key="Domain">devtest.atohdtnet.gov.au</parameter>
        </instance>
        <instance key="PTG">
            <parameter key="Environment">PTG</parameter>
            <parameter key="winServiceIdentity">DEVTEST\SVC_DCSCORRES_PT</parameter>
            <parameter key="SharedFolderServiceIdentity">DevTest\SVC_DCSCORRES_PT</parameter>
            <parameter key="APIURL">http://*:32207</parameter>
            <parameter key="RESTAPIPort">32207</parameter>
            <parameter key="LogServiceUrl">https://modernApplicationPT.dcs.devtest.atohdtnet.gov.au:27207/api/DCSLogger/LogMessage</parameter>
            <parameter key="Level">PT</parameter>
            <parameter key="Network">DT</parameter>
            <parameter key="Domain">devtest.atohdtnet.gov.au</parameter>
        </instance>
        <instance key="PTH">
            <parameter key="Environment">PTH</parameter>
            <parameter key="winServiceIdentity">DEVTEST\SVC_DCSCORRES_PT</parameter>
            <parameter key="SharedFolderServiceIdentity">DevTest\SVC_DCSCORRES_PT</parameter>
            <parameter key="APIURL">http://*:32208</parameter>
            <parameter key="RESTAPIPort">32208</parameter>
            <parameter key="LogServiceUrl">https://modernApplicationPT.dcs.devtest.atohdtnet.gov.au:27208/api/DCSLogger/LogMessage</parameter>
            <parameter key="Level">PT</parameter>
            <parameter key="Network">DT</parameter>
            <parameter key="Domain">devtest.atohdtnet.gov.au</parameter>
        </instance>
        <instance key="PTI">
            <parameter key="Environment">PTI</parameter>
            <parameter key="winServiceIdentity">DEVTEST\SVC_DCSCORRES_PT</parameter>
            <parameter key="SharedFolderServiceIdentity">DevTest\SVC_DCSCORRES_PT</parameter>
            <parameter key="APIURL">http://*:32209</parameter>
            <parameter key="RESTAPIPort">32209</parameter>
            <parameter key="LogServiceUrl">https://modernApplicationPT.dcs.devtest.atohdtnet.gov.au:27209/api/DCSLogger/LogMessage</parameter>
            <parameter key="Level">PT</parameter>
            <parameter key="Network">DT</parameter>
            <parameter key="Domain">devtest.atohdtnet.gov.au</parameter>
        </instance>
        <instance key="PTJ">
            <parameter key="Environment">PTJ</parameter>
            <parameter key="winServiceIdentity">DEVTEST\SVC_DCSCORRES_PT</parameter>
            <parameter key="SharedFolderServiceIdentity">DevTest\SVC_DCSCORRES_PT</parameter>
            <parameter key="APIURL">http://*:32210</parameter>
            <parameter key="RESTAPIPort">32210</parameter>
            <parameter key="LogServiceUrl">https://modernApplicationPT.dcs.devtest.atohdtnet.gov.au:27210/api/DCSLogger/LogMessage</parameter>
            <parameter key="Level">PT</parameter>
            <parameter key="Network">DT</parameter>
            <parameter key="Domain">devtest.atohdtnet.gov.au</parameter>
        </instance>
        <instance key="PTK">
            <parameter key="Environment">PTK</parameter>
            <parameter key="winServiceIdentity">DEVTEST\SVC_DCSCORRES_PT</parameter>
            <parameter key="SharedFolderServiceIdentity">DevTest\SVC_DCSCORRES_PT</parameter>
            <parameter key="APIURL">http://*:32211</parameter>
            <parameter key="RESTAPIPort">32211</parameter>
            <parameter key="LogServiceUrl">https://modernApplicationPT.dcs.devtest.atohdtnet.gov.au:27211/api/DCSLogger/LogMessage</parameter>
            <parameter key="Level">PT</parameter>
            <parameter key="Network">DT</parameter>
            <parameter key="Domain">devtest.atohdtnet.gov.au</parameter>
        </instance>
        <instance key="PTM">
            <parameter key="Environment">PTM</parameter>
            <parameter key="winServiceIdentity">DEVTEST\SVC_DCSCORRES_PT</parameter>
            <parameter key="SharedFolderServiceIdentity">DevTest\SVC_DCSCORRES_PT</parameter>
            <parameter key="APIURL">http://*:32213</parameter>
            <parameter key="RESTAPIPort">32213</parameter>
            <parameter key="LogServiceUrl">https://modernApplicationPT.dcs.devtest.atohdtnet.gov.au:27213/api/DCSLogger/LogMessage</parameter>
            <parameter key="Level">PT</parameter>
            <parameter key="Network">DT</parameter>
            <parameter key="Domain">devtest.atohdtnet.gov.au</parameter>
        </instance>
        <instance key="PTQ">
            <parameter key="Environment">PTQ</parameter>
            <parameter key="winServiceIdentity">DEVTEST\SVC_DCSCORRES_PT</parameter>
            <parameter key="SharedFolderServiceIdentity">DevTest\SVC_DCSCORRES_PT</parameter>
            <parameter key="APIURL">http://*:32217</parameter>
            <parameter key="RESTAPIPort">32217</parameter>
            <parameter key="LogServiceUrl">https://modernApplicationPT.dcs.devtest.atohdtnet.gov.au:27217/api/DCSLogger/LogMessage</parameter>
            <parameter key="Level">PT</parameter>
            <parameter key="Network">DT</parameter>
            <parameter key="Domain">devtest.atohdtnet.gov.au</parameter>
        </instance>
        <instance key="PTR">
            <parameter key="Environment">PTR</parameter>
            <parameter key="winServiceIdentity">DEVTEST\SVC_DCSCORRES_PT</parameter>
            <parameter key="SharedFolderServiceIdentity">DevTest\SVC_DCSCORRES_PT</parameter>
            <parameter key="APIURL">http://*:32218</parameter>
            <parameter key="RESTAPIPort">32218</parameter>
            <parameter key="LogServiceUrl">https://modernApplicationPT.dcs.devtest.atohdtnet.gov.au:27218/api/DCSLogger/LogMessage</parameter>
            <parameter key="Level">PT</parameter>
            <parameter key="Network">DT</parameter>
            <parameter key="Domain">devtest.atohdtnet.gov.au</parameter>
        </instance>
        <instance key="PTW">
            <parameter key="Environment">PTW</parameter>
            <parameter key="winServiceIdentity">DEVTEST\SVC_DCSCORRES_PT</parameter>
            <parameter key="SharedFolderServiceIdentity">DevTest\SVC_DCSCORRES_PT</parameter>
            <parameter key="APIURL">http://*:32223</parameter>
            <parameter key="RESTAPIPort">32223</parameter>
            <parameter key="LogServiceUrl">https://modernApplicationPT.dcs.devtest.atohdtnet.gov.au:27223/api/DCSLogger/LogMessage</parameter>
            <parameter key="Level">PT</parameter>
            <parameter key="Network">DT</parameter>
            <parameter key="Domain">devtest.atohdtnet.gov.au</parameter>
        </instance>
        <instance key="PFB1">
            <parameter key="Environment">PFB</parameter>
            <parameter key="winServiceIdentity">PREPRODHPPNET\SVC_DCSCORRES_PF</parameter>
            <parameter key="SharedFolderServiceIdentity">PREPRODHPPNET\SVC_DCSCORRES_PF</parameter>
            <parameter key="APIURL">http://*:32302</parameter>
            <parameter key="RESTAPIPort">32302</parameter>
            <parameter key="Hangfire_Server">hangfireDatabase${Level}.dcs.${Domain},61301</parameter>
            <parameter key="SubnetFailover">True</parameter>
            <parameter key="Level">PF</parameter>
            <parameter key="Network">PP</parameter>
            <parameter key="Domain">preprod.atohppnet.gov.au</parameter>
            <parameter key="CertificateSubject">*.dcs.preprod.atohppnet.gov.au</parameter>
            <parameter key="DBConnectionApplicationName">DCS.PostComposition.Services.PaperBatchConsolidation.PFB1</parameter>
            <parameter key="AppDynamics_Enabled">1</parameter>
            <parameter key="AppDynamics_Account">customer1</parameter>
            <parameter key="AppDynamics_Password">8cfcf9e4-a35c-4b8e-aed2-8e1c69efc4e6</parameter>
            <parameter key="AppDynamics_Name">DCS - PF</parameter>
        </instance>
        <instance key="PFB2">
            <parameter key="Environment">PFB</parameter>
            <parameter key="winServiceIdentity">PREPRODHPPNET\SVC_DCSCORRES_PF</parameter>
            <parameter key="SharedFolderServiceIdentity">PREPRODHPPNET\SVC_DCSCORRES_PF</parameter>
            <parameter key="APIURL">http://*:32302</parameter>
            <parameter key="RESTAPIPort">32302</parameter>
            <parameter key="Hangfire_Server">hangfireDatabase${Level}.dcs.${Domain},61301</parameter>
            <parameter key="SubnetFailover">True</parameter>
            <parameter key="Level">PF</parameter>
            <parameter key="Network">PP</parameter>
            <parameter key="Domain">preprod.atohppnet.gov.au</parameter>
            <parameter key="CertificateSubject">*.dcs.preprod.atohppnet.gov.au</parameter>
            <parameter key="DBConnectionApplicationName">DCS.PostComposition.Services.PaperBatchConsolidation.PFB2</parameter>
            <parameter key="AppDynamics_Enabled">1</parameter>
            <parameter key="AppDynamics_Account">customer1</parameter>
            <parameter key="AppDynamics_Password">8cfcf9e4-a35c-4b8e-aed2-8e1c69efc4e6</parameter>
            <parameter key="AppDynamics_Name">DCS - PF</parameter>
        </instance>
        <instance key="PFB3">
            <parameter key="Environment">PFB</parameter>
            <parameter key="winServiceIdentity">PREPRODHPPNET\SVC_DCSCORRES_PF</parameter>
            <parameter key="SharedFolderServiceIdentity">PREPRODHPPNET\SVC_DCSCORRES_PF</parameter>
            <parameter key="APIURL">http://*:32302</parameter>
            <parameter key="RESTAPIPort">32302</parameter>
            <parameter key="Hangfire_Server">hangfireDatabase${Level}.dcs.${Domain},61301</parameter>
            <parameter key="SubnetFailover">True</parameter>
            <parameter key="Level">PF</parameter>
            <parameter key="Network">PP</parameter>
            <parameter key="Domain">preprod.atohppnet.gov.au</parameter>
            <parameter key="CertificateSubject">*.dcs.preprod.atohppnet.gov.au</parameter>
            <parameter key="DBConnectionApplicationName">DCS.PostComposition.Services.PaperBatchConsolidation.PFB3</parameter>
            <parameter key="AppDynamics_Enabled">1</parameter>
            <parameter key="AppDynamics_Account">customer1</parameter>
            <parameter key="AppDynamics_Password">8cfcf9e4-a35c-4b8e-aed2-8e1c69efc4e6</parameter>
            <parameter key="AppDynamics_Name">DCS - PF</parameter>
        </instance>
        <instance key="PFE1">
            <parameter key="Environment">PFE</parameter>
            <parameter key="winServiceIdentity">PREPRODHPPNET\SVC_DCSCORRES_PF</parameter>
            <parameter key="SharedFolderServiceIdentity">PREPRODHPPNET\SVC_DCSCORRES_PF</parameter>
            <parameter key="APIURL">http://*:32305</parameter>
            <parameter key="RESTAPIPort">32305</parameter>
            <parameter key="Hangfire_Server">hangfireDatabase${Level}.dcs.${Domain},61301</parameter>
            <parameter key="SubnetFailover">True</parameter>
            <parameter key="Level">PF</parameter>
            <parameter key="Network">PP</parameter>
            <parameter key="Domain">preprod.atohppnet.gov.au</parameter>
            <parameter key="CertificateSubject">*.dcs.preprod.atohppnet.gov.au</parameter>
            <parameter key="DBConnectionApplicationName">DCS.PostComposition.Services.PaperBatchConsolidation.PFE1</parameter>
            <parameter key="AppDynamics_Enabled">1</parameter>
            <parameter key="AppDynamics_Account">customer1</parameter>
            <parameter key="AppDynamics_Password">8cfcf9e4-a35c-4b8e-aed2-8e1c69efc4e6</parameter>
            <parameter key="AppDynamics_Name">DCS - PF</parameter>
        </instance>
        <instance key="PFE2">
            <parameter key="Environment">PFE</parameter>
            <parameter key="winServiceIdentity">PREPRODHPPNET\SVC_DCSCORRES_PF</parameter>
            <parameter key="SharedFolderServiceIdentity">PREPRODHPPNET\SVC_DCSCORRES_PF</parameter>
            <parameter key="APIURL">http://*:32305</parameter>
            <parameter key="RESTAPIPort">32305</parameter>
            <parameter key="Hangfire_Server">hangfireDatabase${Level}.dcs.${Domain},61301</parameter>
            <parameter key="SubnetFailover">True</parameter>
            <parameter key="Level">PF</parameter>
            <parameter key="Network">PP</parameter>
            <parameter key="Domain">preprod.atohppnet.gov.au</parameter>
            <parameter key="CertificateSubject">*.dcs.preprod.atohppnet.gov.au</parameter>
            <parameter key="DBConnectionApplicationName">DCS.PostComposition.Services.PaperBatchConsolidation.PFE2</parameter>
            <parameter key="AppDynamics_Enabled">1</parameter>
            <parameter key="AppDynamics_Account">customer1</parameter>
            <parameter key="AppDynamics_Password">8cfcf9e4-a35c-4b8e-aed2-8e1c69efc4e6</parameter>
            <parameter key="AppDynamics_Name">DCS - PF</parameter>
        </instance>
        <instance key="PFE3">
            <parameter key="Environment">PFE</parameter>
            <parameter key="winServiceIdentity">PREPRODHPPNET\SVC_DCSCORRES_PF</parameter>
            <parameter key="SharedFolderServiceIdentity">PREPRODHPPNET\SVC_DCSCORRES_PF</parameter>
            <parameter key="APIURL">http://*:32305</parameter>
            <parameter key="RESTAPIPort">32305</parameter>
            <parameter key="Hangfire_Server">hangfireDatabase${Level}.dcs.${Domain},61301</parameter>
            <parameter key="SubnetFailover">True</parameter>
            <parameter key="Level">PF</parameter>
            <parameter key="Network">PP</parameter>
            <parameter key="Domain">preprod.atohppnet.gov.au</parameter>
            <parameter key="CertificateSubject">*.dcs.preprod.atohppnet.gov.au</parameter>
            <parameter key="DBConnectionApplicationName">DCS.PostComposition.Services.PaperBatchConsolidation.PFE3</parameter>
            <parameter key="AppDynamics_Enabled">1</parameter>
            <parameter key="AppDynamics_Account">customer1</parameter>
            <parameter key="AppDynamics_Password">8cfcf9e4-a35c-4b8e-aed2-8e1c69efc4e6</parameter>
            <parameter key="AppDynamics_Name">DCS - PF</parameter>
        </instance>
        <instance key="EFX1">
            <parameter key="Environment">EFX</parameter>
            <parameter key="winServiceIdentity">PREPRODHPPNET\SVC_DCSCORRES_EF</parameter>
            <parameter key="SharedFolderServiceIdentity">PREPRODHPPNET\SVC_DCSCORRES_EF</parameter>
            <parameter key="APIURL">http://*:32424</parameter>
            <parameter key="RESTAPIPort">32424</parameter>
            <parameter key="Hangfire_Server">hangfireDatabase${Level}.dcs.${Domain},61301</parameter>
            <parameter key="SubnetFailover">True</parameter>
            <parameter key="Level">EF</parameter>
            <parameter key="Network">PP</parameter>
            <parameter key="Domain">preprod.atohppnet.gov.au</parameter>
            <parameter key="CertificateSubject">*.dcs.preprod.atohppnet.gov.au</parameter>
            <parameter key="DBConnectionApplicationName">DCS.PostComposition.Services.PaperBatchConsolidation.EFX1</parameter>
        </instance>
        <instance key="EFX2">
            <parameter key="Environment">EFX</parameter>
            <parameter key="winServiceIdentity">PREPRODHPPNET\SVC_DCSCORRES_EF</parameter>
            <parameter key="SharedFolderServiceIdentity">PREPRODHPPNET\SVC_DCSCORRES_EF</parameter>
            <parameter key="APIURL">http://*:32424</parameter>
            <parameter key="RESTAPIPort">32424</parameter>
            <parameter key="Hangfire_Server">hangfireDatabase${Level}.dcs.${Domain},61301</parameter>
            <parameter key="SubnetFailover">True</parameter>
            <parameter key="Level">EF</parameter>
            <parameter key="Network">PP</parameter>
            <parameter key="Domain">preprod.atohppnet.gov.au</parameter>
            <parameter key="CertificateSubject">*.dcs.preprod.atohppnet.gov.au</parameter>
            <parameter key="DBConnectionApplicationName">DCS.PostComposition.Services.PaperBatchConsolidation.EFX2</parameter>
        </instance>
        <instance key="EFX3">
            <parameter key="Environment">EFX</parameter>
            <parameter key="winServiceIdentity">PREPRODHPPNET\SVC_DCSCORRES_EF</parameter>
            <parameter key="SharedFolderServiceIdentity">PREPRODHPPNET\SVC_DCSCORRES_EF</parameter>
            <parameter key="APIURL">http://*:32424</parameter>
            <parameter key="RESTAPIPort">32424</parameter>
            <parameter key="Hangfire_Server">hangfireDatabase${Level}.dcs.${Domain},61301</parameter>
            <parameter key="SubnetFailover">True</parameter>
            <parameter key="Level">EF</parameter>
            <parameter key="Network">PP</parameter>
            <parameter key="Domain">preprod.atohppnet.gov.au</parameter>
            <parameter key="CertificateSubject">*.dcs.preprod.atohppnet.gov.au</parameter>
            <parameter key="DBConnectionApplicationName">DCS.PostComposition.Services.PaperBatchConsolidation.EFX3</parameter>
        </instance>
        <instance key="UCC1">
            <parameter key="Environment">UCC</parameter>
            <parameter key="winServiceIdentity">PREPRODHPPNET\SVC_DCSCORRES_UA</parameter>
            <parameter key="SharedFolderServiceIdentity">PREPRODHPPNET\SVC_DCSCORRES_UA</parameter>
            <parameter key="APIURL">http://*:32403</parameter>
            <parameter key="RESTAPIPort">32403</parameter>
            <parameter key="Hangfire_Server">hangfireDatabase${Level}.dcs.${Domain},61301</parameter>
            <parameter key="SubnetFailover">True</parameter>
            <parameter key="Level">UA</parameter>
            <parameter key="Network">PP</parameter>
            <parameter key="Domain">preprod.atohppnet.gov.au</parameter>
            <parameter key="CertificateSubject">*.dcs.preprod.atohppnet.gov.au</parameter>
            <parameter key="DBConnectionApplicationName">DCS.PostComposition.Services.PaperBatchConsolidation.UCC1</parameter>
        </instance>
        <instance key="UCC2">
            <parameter key="Environment">UCC</parameter>
            <parameter key="winServiceIdentity">PREPRODHPPNET\SVC_DCSCORRES_UA</parameter>
            <parameter key="SharedFolderServiceIdentity">PREPRODHPPNET\SVC_DCSCORRES_UA</parameter>
            <parameter key="APIURL">http://*:32503</parameter>
            <parameter key="RESTAPIPort">32503</parameter>
            <parameter key="Hangfire_Server">hangfireDatabase${Level}.dcs.${Domain},61301</parameter>
            <parameter key="SubnetFailover">True</parameter>
            <parameter key="Level">UA</parameter>
            <parameter key="Network">PP</parameter>
            <parameter key="Domain">preprod.atohppnet.gov.au</parameter>
            <parameter key="CertificateSubject">*.dcs.preprod.atohppnet.gov.au</parameter>
            <parameter key="DBConnectionApplicationName">DCS.PostComposition.Services.PaperBatchConsolidation.UCC2</parameter>
        </instance>
        <instance key="UCC3">
            <parameter key="Environment">UCC</parameter>
            <parameter key="winServiceIdentity">PREPRODHPPNET\SVC_DCSCORRES_UA</parameter>
            <parameter key="SharedFolderServiceIdentity">PREPRODHPPNET\SVC_DCSCORRES_UA</parameter>
            <parameter key="APIURL">http://*:32503</parameter>
            <parameter key="RESTAPIPort">32503</parameter>
            <parameter key="Hangfire_Server">hangfireDatabase${Level}.dcs.${Domain},61301</parameter>
            <parameter key="SubnetFailover">True</parameter>
            <parameter key="Level">UA</parameter>
            <parameter key="Network">PP</parameter>
            <parameter key="Domain">preprod.atohppnet.gov.au</parameter>
            <parameter key="CertificateSubject">*.dcs.preprod.atohppnet.gov.au</parameter>
            <parameter key="DBConnectionApplicationName">DCS.PostComposition.Services.PaperBatchConsolidation.UCC3</parameter>
        </instance>
        <instance key="UCD1">
            <parameter key="Environment">UCD</parameter>
            <parameter key="winServiceIdentity">PREPRODHPPNET\SVC_DCSCORRES_UA</parameter>
            <parameter key="SharedFolderServiceIdentity">PREPRODHPPNET\SVC_DCSCORRES_UA</parameter>
            <parameter key="APIURL">http://*:32504</parameter>
            <parameter key="RESTAPIPort">32504</parameter>
            <parameter key="Hangfire_Server">hangfireDatabase${Level}.dcs.${Domain},61301</parameter>
            <parameter key="SubnetFailover">True</parameter>
            <parameter key="Level">UA</parameter>
            <parameter key="Network">PP</parameter>
            <parameter key="Domain">preprod.atohppnet.gov.au</parameter>
            <parameter key="CertificateSubject">*.dcs.preprod.atohppnet.gov.au</parameter>
            <parameter key="DBConnectionApplicationName">DCS.PostComposition.Services.PaperBatchConsolidation.UCD1</parameter>
        </instance>
        <instance key="UCD2">
            <parameter key="Environment">UCD</parameter>
            <parameter key="winServiceIdentity">PREPRODHPPNET\SVC_DCSCORRES_UA</parameter>
            <parameter key="SharedFolderServiceIdentity">PREPRODHPPNET\SVC_DCSCORRES_UA</parameter>
            <parameter key="APIURL">http://*:32504</parameter>
            <parameter key="RESTAPIPort">32504</parameter>
            <parameter key="Hangfire_Server">hangfireDatabase${Level}.dcs.${Domain},61301</parameter>
            <parameter key="SubnetFailover">True</parameter>
            <parameter key="Level">UA</parameter>
            <parameter key="Network">PP</parameter>
            <parameter key="Domain">preprod.atohppnet.gov.au</parameter>
            <parameter key="CertificateSubject">*.dcs.preprod.atohppnet.gov.au</parameter>
            <parameter key="DBConnectionApplicationName">DCS.PostComposition.Services.PaperBatchConsolidation.UCD2</parameter>
        </instance>
        <instance key="UCD3">
            <parameter key="Environment">UCD</parameter>
            <parameter key="winServiceIdentity">PREPRODHPPNET\SVC_DCSCORRES_UA</parameter>
            <parameter key="SharedFolderServiceIdentity">PREPRODHPPNET\SVC_DCSCORRES_UA</parameter>
            <parameter key="APIURL">http://*:32504</parameter>
            <parameter key="RESTAPIPort">32504</parameter>
            <parameter key="Hangfire_Server">hangfireDatabase${Level}.dcs.${Domain},61301</parameter>
            <parameter key="SubnetFailover">True</parameter>
            <parameter key="Level">UA</parameter>
            <parameter key="Network">PP</parameter>
            <parameter key="Domain">preprod.atohppnet.gov.au</parameter>
            <parameter key="CertificateSubject">*.dcs.preprod.atohppnet.gov.au</parameter>
            <parameter key="DBConnectionApplicationName">DCS.PostComposition.Services.PaperBatchConsolidation.UCD3</parameter>
        </instance>
        <instance key="UAB1">
            <parameter key="Environment">UAB</parameter>
            <parameter key="winServiceIdentity">PREPRODHPPNET\SVC_DCSCORRES_UA</parameter>
            <parameter key="SharedFolderServiceIdentity">PREPRODHPPNET\SVC_DCSCORRES_UA</parameter>
            <parameter key="APIURL">http://*:32502</parameter>
            <parameter key="RESTAPIPort">32502</parameter>
            <parameter key="Hangfire_Server">hangfireDatabase${Level}.dcs.${Domain},61301</parameter>
            <parameter key="SubnetFailover">True</parameter>
            <parameter key="Level">UA</parameter>
            <parameter key="Network">PP</parameter>
            <parameter key="Domain">preprod.atohppnet.gov.au</parameter>
            <parameter key="CertificateSubject">*.dcs.preprod.atohppnet.gov.au</parameter>
            <parameter key="DBConnectionApplicationName">DCS.PostComposition.Services.PaperBatchConsolidation.UAB1</parameter>
        </instance>
        <instance key="UAB2">
            <parameter key="Environment">UAB</parameter>
            <parameter key="winServiceIdentity">PREPRODHPPNET\SVC_DCSCORRES_UA</parameter>
            <parameter key="SharedFolderServiceIdentity">PREPRODHPPNET\SVC_DCSCORRES_UA</parameter>
            <parameter key="APIURL">http://*:32502</parameter>
            <parameter key="RESTAPIPort">32502</parameter>
            <parameter key="Hangfire_Server">hangfireDatabase${Level}.dcs.${Domain},61301</parameter>
            <parameter key="SubnetFailover">True</parameter>
            <parameter key="Level">UA</parameter>
            <parameter key="Network">PP</parameter>
            <parameter key="Domain">preprod.atohppnet.gov.au</parameter>
            <parameter key="CertificateSubject">*.dcs.preprod.atohppnet.gov.au</parameter>
            <parameter key="DBConnectionApplicationName">DCS.PostComposition.Services.PaperBatchConsolidation.UAB2</parameter>
        </instance>
        <instance key="UAB3">
            <parameter key="Environment">UAB</parameter>
            <parameter key="winServiceIdentity">PREPRODHPPNET\SVC_DCSCORRES_UA</parameter>
            <parameter key="SharedFolderServiceIdentity">PREPRODHPPNET\SVC_DCSCORRES_UA</parameter>
            <parameter key="APIURL">http://*:32502</parameter>
            <parameter key="RESTAPIPort">32502</parameter>
            <parameter key="Hangfire_Server">hangfireDatabase${Level}.dcs.${Domain},61301</parameter>
            <parameter key="SubnetFailover">True</parameter>
            <parameter key="Level">UA</parameter>
            <parameter key="Network">PP</parameter>
            <parameter key="Domain">preprod.atohppnet.gov.au</parameter>
            <parameter key="CertificateSubject">*.dcs.preprod.atohppnet.gov.au</parameter>
            <parameter key="DBConnectionApplicationName">DCS.PostComposition.Services.PaperBatchConsolidation.UAB3</parameter>
        </instance>
        <instance key="UAI1">
            <parameter key="Environment">UAI</parameter>
            <parameter key="winServiceIdentity">PREPRODHPPNET\SVC_DCSCORRES_UA</parameter>
            <parameter key="SharedFolderServiceIdentity">PREPRODHPPNET\SVC_DCSCORRES_UA</parameter>
            <parameter key="APIURL">http://*:32509</parameter>
            <parameter key="RESTAPIPort">32509</parameter>
            <parameter key="Hangfire_Server">hangfireDatabase${Level}.dcs.${Domain},61301</parameter>
            <parameter key="SubnetFailover">True</parameter>
            <parameter key="Level">UA</parameter>
            <parameter key="Network">PP</parameter>
            <parameter key="Domain">preprod.atohppnet.gov.au</parameter>
            <parameter key="CertificateSubject">*.dcs.preprod.atohppnet.gov.au</parameter>
            <parameter key="DBConnectionApplicationName">DCS.PostComposition.Services.PaperBatchConsolidation.UAI1</parameter>
        </instance>
        <instance key="UAI2">
            <parameter key="Environment">UAI</parameter>
            <parameter key="winServiceIdentity">PREPRODHPPNET\SVC_DCSCORRES_UA</parameter>
            <parameter key="SharedFolderServiceIdentity">PREPRODHPPNET\SVC_DCSCORRES_UA</parameter>
            <parameter key="APIURL">http://*:32509</parameter>
            <parameter key="RESTAPIPort">32509</parameter>
            <parameter key="Hangfire_Server">hangfireDatabase${Level}.dcs.${Domain},61301</parameter>
            <parameter key="SubnetFailover">True</parameter>
            <parameter key="Level">UA</parameter>
            <parameter key="Network">PP</parameter>
            <parameter key="Domain">preprod.atohppnet.gov.au</parameter>
            <parameter key="CertificateSubject">*.dcs.preprod.atohppnet.gov.au</parameter>
            <parameter key="DBConnectionApplicationName">DCS.PostComposition.Services.PaperBatchConsolidation.UAI2</parameter>
        </instance>
        <instance key="UAI3">
            <parameter key="Environment">UAI</parameter>
            <parameter key="winServiceIdentity">PREPRODHPPNET\SVC_DCSCORRES_UA</parameter>
            <parameter key="SharedFolderServiceIdentity">PREPRODHPPNET\SVC_DCSCORRES_UA</parameter>
            <parameter key="APIURL">http://*:32509</parameter>
            <parameter key="RESTAPIPort">32509</parameter>
            <parameter key="Hangfire_Server">hangfireDatabase${Level}.dcs.${Domain},61301</parameter>
            <parameter key="SubnetFailover">True</parameter>
            <parameter key="Level">UA</parameter>
            <parameter key="Network">PP</parameter>
            <parameter key="Domain">preprod.atohppnet.gov.au</parameter>
            <parameter key="CertificateSubject">*.dcs.preprod.atohppnet.gov.au</parameter>
            <parameter key="DBConnectionApplicationName">DCS.PostComposition.Services.PaperBatchConsolidation.UAI3</parameter>
        </instance>
        <instance key="UAK1">
            <parameter key="Environment">UAK</parameter>
            <parameter key="winServiceIdentity">PREPRODHPPNET\SVC_DCSCORRES_UA</parameter>
            <parameter key="SharedFolderServiceIdentity">PREPRODHPPNET\SVC_DCSCORRES_UA</parameter>
            <parameter key="APIURL">http://*:32511</parameter>
            <parameter key="RESTAPIPort">32511</parameter>
            <parameter key="Hangfire_Server">hangfireDatabase${Level}.dcs.${Domain},61301</parameter>
            <parameter key="SubnetFailover">True</parameter>
            <parameter key="Level">UA</parameter>
            <parameter key="Network">PP</parameter>
            <parameter key="Domain">preprod.atohppnet.gov.au</parameter>
            <parameter key="CertificateSubject">*.dcs.preprod.atohppnet.gov.au</parameter>
            <parameter key="DBConnectionApplicationName">DCS.PostComposition.Services.PaperBatchConsolidation.UAK1</parameter>
        </instance>
        <instance key="UAK2">
            <parameter key="Environment">UAK</parameter>
            <parameter key="winServiceIdentity">PREPRODHPPNET\SVC_DCSCORRES_UA</parameter>
            <parameter key="SharedFolderServiceIdentity">PREPRODHPPNET\SVC_DCSCORRES_UA</parameter>
            <parameter key="APIURL">http://*:32511</parameter>
            <parameter key="RESTAPIPort">32511</parameter>
            <parameter key="Hangfire_Server">hangfireDatabase${Level}.dcs.${Domain},61301</parameter>
            <parameter key="SubnetFailover">True</parameter>
            <parameter key="Level">UA</parameter>
            <parameter key="Network">PP</parameter>
            <parameter key="Domain">preprod.atohppnet.gov.au</parameter>
            <parameter key="CertificateSubject">*.dcs.preprod.atohppnet.gov.au</parameter>
            <parameter key="DBConnectionApplicationName">DCS.PostComposition.Services.PaperBatchConsolidation.UAK2</parameter>
        </instance>
        <instance key="UAK3">
            <parameter key="Environment">UAK</parameter>
            <parameter key="winServiceIdentity">PREPRODHPPNET\SVC_DCSCORRES_UA</parameter>
            <parameter key="SharedFolderServiceIdentity">PREPRODHPPNET\SVC_DCSCORRES_UA</parameter>
            <parameter key="APIURL">http://*:32511</parameter>
            <parameter key="RESTAPIPort">32511</parameter>
            <parameter key="Hangfire_Server">hangfireDatabase${Level}.dcs.${Domain},61301</parameter>
            <parameter key="SubnetFailover">True</parameter>
            <parameter key="Level">UA</parameter>
            <parameter key="Network">PP</parameter>
            <parameter key="Domain">preprod.atohppnet.gov.au</parameter>
            <parameter key="CertificateSubject">*.dcs.preprod.atohppnet.gov.au</parameter>
            <parameter key="DBConnectionApplicationName">DCS.PostComposition.Services.PaperBatchConsolidation.UAK3</parameter>
        </instance>
        <instance key="PRD1">
            <parameter key="Environment">PRD</parameter>
            <parameter key="winServiceIdentity">PRODHNET\SVC_DCSCORRES_PR</parameter>
            <parameter key="SharedFolderServiceIdentity">PRODHNET\SVC_DCSCORRES_PR</parameter>
            <parameter key="APIURL">http://*:32604</parameter>
            <parameter key="RESTAPIPort">32604</parameter>
            <parameter key="Hangfire_Server">hangfireDatabase${Level}.dcs.${Domain},61301</parameter>
            <parameter key="SubnetFailover">True</parameter>
            <parameter key="Level">PR</parameter>
            <parameter key="Network">PR</parameter>
            <parameter key="Domain">prod.atohnet.gov.au</parameter>
            <parameter key="CertificateSubject">*.dcs.prod.atohnet.gov.au</parameter>
            <parameter key="DBConnectionApplicationName">DCS.PostComposition.Services.PaperBatchConsolidation.PRD1</parameter>
            <parameter key="AppDynamics_Enabled">1</parameter>
            <parameter key="AppDynamics_Account">customer1</parameter>
            <parameter key="AppDynamics_Password">23d78824-7ef4-4174-bc41-56f8e948196f</parameter>
            <parameter key="AppDynamics_Name">DCS - PROD</parameter>
        </instance>
        <instance key="PRD2">
            <parameter key="Environment">PRD</parameter>
            <parameter key="winServiceIdentity">PRODHNET\SVC_DCSCORRES_PR</parameter>
            <parameter key="SharedFolderServiceIdentity">PRODHNET\SVC_DCSCORRES_PR</parameter>
            <parameter key="APIURL">http://*:32604</parameter>
            <parameter key="RESTAPIPort">32604</parameter>
            <parameter key="Hangfire_Server">hangfireDatabase${Level}.dcs.${Domain},61301</parameter>
            <parameter key="SubnetFailover">True</parameter>
            <parameter key="Level">PR</parameter>
            <parameter key="Network">PR</parameter>
            <parameter key="Domain">prod.atohnet.gov.au</parameter>
            <parameter key="CertificateSubject">*.dcs.prod.atohnet.gov.au</parameter>
            <parameter key="DBConnectionApplicationName">DCS.PostComposition.Services.PaperBatchConsolidation.PRD2</parameter>
            <parameter key="AppDynamics_Enabled">1</parameter>
            <parameter key="AppDynamics_Account">customer1</parameter>
            <parameter key="AppDynamics_Password">23d78824-7ef4-4174-bc41-56f8e948196f</parameter>
            <parameter key="AppDynamics_Name">DCS - PROD</parameter>
        </instance>
        <instance key="PRD3">
            <parameter key="Environment">PRD</parameter>
            <parameter key="winServiceIdentity">PRODHNET\SVC_DCSCORRES_PR</parameter>
            <parameter key="SharedFolderServiceIdentity">PRODHNET\SVC_DCSCORRES_PR</parameter>
            <parameter key="APIURL">http://*:32604</parameter>
            <parameter key="RESTAPIPort">32604</parameter>
            <parameter key="Hangfire_Server">hangfireDatabase${Level}.dcs.${Domain},61301</parameter>
            <parameter key="SubnetFailover">True</parameter>
            <parameter key="Level">PR</parameter>
            <parameter key="Network">PR</parameter>
            <parameter key="Domain">prod.atohnet.gov.au</parameter>
            <parameter key="CertificateSubject">*.dcs.prod.atohnet.gov.au</parameter>
            <parameter key="DBConnectionApplicationName">DCS.PostComposition.Services.PaperBatchConsolidation.PRD3</parameter>
            <parameter key="AppDynamics_Enabled">1</parameter>
            <parameter key="AppDynamics_Account">customer1</parameter>
            <parameter key="AppDynamics_Password">23d78824-7ef4-4174-bc41-56f8e948196f</parameter>
            <parameter key="AppDynamics_Name">DCS - PROD</parameter>
        </instance>
    </environment>
</environments>
