<?xml version="1.0"?>
<doc>
    <assembly>
        <name>DCS.Composition.Services.GlobalScheduler</name>
    </assembly>
    <members>
        <member name="T:DCS.Composition.Services.GlobalScheduler.Common.CampaignScheduleProcessingResponse">
            <summary>
            Class to hold all the responses from the DoWork method
            </summary>
        </member>
        <member name="P:DCS.Composition.Services.GlobalScheduler.Common.CampaignScheduleProcessingResponse.LogMessages">
            <summary>
            List of log messages that are written to the logs/event log
            </summary>
        </member>
        <member name="P:DCS.Composition.Services.GlobalScheduler.Common.CampaignScheduleProcessingResponse.Failed">
            <summary>
            Whether the request was successful or not
            </summary>
        </member>
        <member name="P:DCS.Composition.Services.GlobalScheduler.Common.CampaignScheduleProcessingResponse.Id">
            <summary>
            Guid used to identifier this job
            </summary>
        </member>
        <member name="P:DCS.Composition.Services.GlobalScheduler.Common.CampaignScheduleProcessingResponse.BatchId">
            <summary>
            The generated batchId
            </summary>
        </member>
        <member name="P:DCS.Composition.Services.GlobalScheduler.Common.CampaignScheduleProcessingResponse.JobServiceHangfireScheduleId">
            <summary>
            The job service schedule d if scheduled
            </summary>
        </member>
        <member name="T:DCS.Composition.Services.GlobalScheduler.Common.CsvProcessingRequest">
            <summary>
            </summary>
        </member>
        <member name="P:DCS.Composition.Services.GlobalScheduler.Common.CsvProcessingRequest.CsvBatchJobs">
            <summary>
            </summary>
        </member>
        <member name="T:DCS.Composition.Services.GlobalScheduler.Common.CsvProcessingRequest.CsvBatchJob">
            <summary>
            </summary>
        </member>
        <member name="P:DCS.Composition.Services.GlobalScheduler.Common.CsvProcessingRequest.CsvBatchJob.Id">
            <summary>
            Guid used to identifier this job
            </summary>
        </member>
        <member name="P:DCS.Composition.Services.GlobalScheduler.Common.CsvProcessingRequest.CsvBatchJob.InputFile">
            <summary>
            The path of the uploaded csv file to process
            </summary>
        </member>
        <member name="P:DCS.Composition.Services.GlobalScheduler.Common.CsvProcessingRequest.CsvBatchJob.BAUContacts">
            <summary>
            A list of email address to notify if processing fails
            </summary>
        </member>
        <member name="P:DCS.Composition.Services.GlobalScheduler.Common.CsvProcessingRequest.CsvBatchJob.NatCd">
            <summary>
            The NatCd of the template to be processed
            </summary>
        </member>
        <member name="P:DCS.Composition.Services.GlobalScheduler.Common.CsvProcessingRequest.CsvBatchJob.ScheduledDateTime">
            <summary>
            The date and time to schedule this batch
            </summary>
        </member>
        <member name="T:DCS.Composition.Services.GlobalScheduler.Common.CsvProcessingResponse">
            <summary>
            </summary>
        </member>
        <member name="P:DCS.Composition.Services.GlobalScheduler.Common.CsvProcessingResponse.LogMessages">
            <summary>
            List of log messages that are written to the logs/event log
            </summary>
        </member>
        <member name="P:DCS.Composition.Services.GlobalScheduler.Common.CsvProcessingResponse.Failed">
            <summary>
            Whether the request was successful or not
            </summary>
        </member>
        <member name="P:DCS.Composition.Services.GlobalScheduler.Common.CsvProcessingResponse.CsvBatchJobs">
            <summary>
            </summary>
        </member>
        <member name="T:DCS.Composition.Services.GlobalScheduler.Common.CsvProcessingResponse.CsvBatchJob">
            <summary>
            </summary>
        </member>
        <member name="P:DCS.Composition.Services.GlobalScheduler.Common.CsvProcessingResponse.CsvBatchJob.Id">
            <summary>
            Guid used to identifier this job
            </summary>
        </member>
        <member name="P:DCS.Composition.Services.GlobalScheduler.Common.CsvProcessingResponse.CsvBatchJob.BatchId">
            <summary>
            The generated batchId
            </summary>
        </member>
        <member name="P:DCS.Composition.Services.GlobalScheduler.Common.CsvProcessingResponse.CsvBatchJob.JobServiceHangfireScheduleId">
            <summary>
            The job service schedule d if scheduled
            </summary>
        </member>
        <member name="T:DCS.Composition.Services.GlobalScheduler.Common.DoWorkResponse">
            <summary>
            Class to hold all the responses from the DoWork method
            </summary>
        </member>
        <member name="P:DCS.Composition.Services.GlobalScheduler.Common.DoWorkResponse.LogMessages">
            <summary>
            List of log messages that are written to the logs/event log
            </summary>
        </member>
        <member name="P:DCS.Composition.Services.GlobalScheduler.Common.DoWorkResponse.Jobs">
            <summary>
            The lsit of GSJob details that are created by the DoWork method
            </summary>
        </member>
        <member name="P:DCS.Composition.Services.GlobalScheduler.Common.DoWorkResponse.BatchIds">
            <summary>
            The list of BatchIds that were created by the application
            </summary>
        </member>
        <member name="P:DCS.Composition.Services.GlobalScheduler.Common.DoWorkResponse.NumberProcessed">
            <summary>
            The number of records processed by the DoWork method
            </summary>
        </member>
        <member name="P:DCS.Composition.Services.GlobalScheduler.Common.DoWorkResponse.Success">
            <summary>
            Indicates whether the process completed successfully or not
            </summary>
        </member>
        <member name="T:DCS.Composition.Services.GlobalScheduler.Common.GlobalSchedulerImplementation">
            <summary>
            Class to do the bulk of the Global scheduler work
            </summary>
        </member>
        <member name="M:DCS.Composition.Services.GlobalScheduler.Common.GlobalSchedulerImplementation.#ctor(DCS.Composition.Services.GlobalScheduler.Config.IAppConfig,DCS.Shared.DataAccess.Outbound.IOutbound,Polly.Registry.IReadOnlyPolicyRegistry{System.String})">
            <summary>
            Constructor that sets the logger and the default days to filter by and user
            </summary>
            <param name="appConfig"></param>
            <param name="db"></param>
            <param name="registry"></param>
        </member>
        <member name="M:DCS.Composition.Services.GlobalScheduler.Common.GlobalSchedulerImplementation.RunSchedule(DCS.Composition.Services.Shared.Contracts.CompositionMsg,Hangfire.Server.PerformContext)">
            <summary>
            Method that is called when Hangfire wants us to do something
            </summary>
            <param name="message">The message passed from Hangfire</param>
            <param name="context">The Hangfire PerformContext.</param>
        </member>
        <member name="M:DCS.Composition.Services.GlobalScheduler.Common.GlobalSchedulerImplementation.RunScheduleByNatCd(DCS.Composition.Services.Shared.Contracts.CompositionMsg,Hangfire.Server.PerformContext)">
            <summary>
            Method that is called when Hangfire wants us to do something
            </summary>
            <param name="message">The message passed from Hangfire</param>
            <param name="context">The Hangfire PerformContext.</param>
        </member>
        <member name="M:DCS.Composition.Services.GlobalScheduler.Common.GlobalSchedulerImplementation.DoWork(DCS.Composition.Services.Shared.Contracts.CompositionMsg,Hangfire.Server.PerformContext,DCS.Shared.DataAccess.Outbound.IOutbound,System.Boolean,System.Boolean,System.String)">
            <summary>
            Method to actually do the work
            </summary>
            <param name="message"></param>
            <param name="context"></param>
            <param name="triggerJobService"></param>
            <param name="updateDb"></param>
            <param name="natCd"></param>
            <param name="db"></param>
            <returns></returns>
        </member>
        <member name="M:DCS.Composition.Services.GlobalScheduler.Common.GlobalSchedulerImplementation.RunBdv(DCS.Composition.Services.GlobalScheduler.Common.ProcessBdvRequest)">
            <summary>
            
            </summary>
            <param name="bdvRequest">
            Object that contains the following:
                betIds          - The list of BET IDs to process
                deliveryChannel - The Deliveyr Channel</param>
                Status          - The satatus of the corres as it is int he DB currently. Defaults to 12 if not set
                StatusToProcess - The Status that will be used to retrieve the Vars details. Essentially the status that we would have used if this was a live job
                NatCd           - The Nat/Cd to that the corres is for
                Flags           - The flags.
                RunAt           - the DateTimeOffeset to run the task at
                CallHangFire    - Whether to call hangfire. Defaults to True
            <returns></returns>
        </member>
        <member name="M:DCS.Composition.Services.GlobalScheduler.Common.GlobalSchedulerImplementation.ProcessCSVBatchJobs(DCS.Composition.Services.GlobalScheduler.Common.CsvProcessingRequest.CsvBatchJob[],DCS.Shared.DataAccess.Outbound.IOutbound,System.Boolean,System.Boolean)">
            <summary>
            Method to actually do the work
            </summary>
            <returns></returns>
        </member>
        <member name="M:DCS.Composition.Services.GlobalScheduler.Common.GlobalSchedulerImplementation.UpdateBatchHistoryForCampaignPortal(DCS.Shared.DataAccess.Outbound.IOutbound,System.Guid,System.Guid,System.Int64,System.Int64,DCS.Shared.DataAccess.Outbound.Enums.DcsBatchHistoryStatusEnum)">
            <summary>
            uodates campain portal batch history with hangfirejobId
            </summary>
            <param name="db"></param>
            <param name="gsScheduleId"></param>
            <param name="jsScheduleId"></param>
            <param name="batchId"></param>
            <param name="hangfireJobId"></param>
            <param name="statusToRecord"></param>
        </member>
        <member name="M:DCS.Composition.Services.GlobalScheduler.Common.GlobalSchedulerImplementation.DeleteCampaignSchedule(System.String)">
            <summary>
            deletes a schedule based on the schedueId
            </summary>
            <param name="scheduleId"></param>
            <returns></returns>
        </member>
        <member name="M:DCS.Composition.Services.GlobalScheduler.Common.GlobalSchedulerImplementation.CreateCampaignSchedule(DCS.Composition.Services.Shared.Contracts.CampaignScheduldeMsg,DCS.Shared.DataAccess.Outbound.IOutbound,System.Boolean,System.Boolean)">
            <summary>
            
            </summary>
            <param name="schedule"></param>
            <param name="db"></param>
            <param name="triggerJobService"></param>
            <param name="updateDb"></param>
            <returns></returns>
        </member>
        <member name="M:DCS.Composition.Services.GlobalScheduler.Common.GlobalSchedulerImplementation.CreateBatchFolder(System.Int64)">
            <summary>
            
            </summary>
            <param name="batchId"></param>
            <returns></returns>
        </member>
        <member name="M:DCS.Composition.Services.GlobalScheduler.Common.GlobalSchedulerImplementation.RunRealtimeBatchJob(DCS.Composition.Services.Shared.Contracts.RealTimeBatchJobParams,Hangfire.Server.PerformContext)">
            <summary>
            Method to actually do the work
            </summary>
            <param name="message"></param>
            <param name="context">The HangFire Context passed when the HF server calls this method</param>
            <returns></returns>
        </member>
        <member name="T:DCS.Composition.Services.GlobalScheduler.Config.AppConfig">
            <summary>
            
            </summary>
        </member>
        <member name="M:DCS.Composition.Services.GlobalScheduler.Config.AppConfig.#ctor">
            <summary>
            
            </summary>
        </member>
        <member name="P:DCS.Composition.Services.GlobalScheduler.Config.AppConfig.AppSettings">
            <summary>
            
            </summary>
        </member>
        <member name="P:DCS.Composition.Services.GlobalScheduler.Config.AppConfig.Logging">
            <summary>
            
            </summary>
        </member>
        <member name="P:DCS.Composition.Services.GlobalScheduler.Config.AppConfig.Kestrel">
            <summary>
            
            </summary>
        </member>
        <member name="P:DCS.Composition.Services.GlobalScheduler.Config.AppConfig.ConnectionStrings">
            <summary>
            
            </summary>
        </member>
        <member name="T:DCS.Composition.Services.GlobalScheduler.Config.AppSettings">
            <summary>
            
            </summary>
        </member>
        <member name="P:DCS.Composition.Services.GlobalScheduler.Config.AppSettings.Environment">
            <summary>
            
            </summary>
        </member>
        <member name="P:DCS.Composition.Services.GlobalScheduler.Config.AppSettings.DaysToFilter">
            <summary>
            
            </summary>
        </member>
        <member name="P:DCS.Composition.Services.GlobalScheduler.Config.AppSettings.HangfirePutQueueWorkerCount">
            <summary>
            
            </summary>
        </member>
        <member name="P:DCS.Composition.Services.GlobalScheduler.Config.AppSettings.HangfireRealtimeBatchQueueWorkerCount">
            <summary>
            
            </summary>
        </member>
        <member name="P:DCS.Composition.Services.GlobalScheduler.Config.AppSettings.MaxRecordsPerCsvFile">
            <summary>
            Max records per csv file before splitting the file into multiples
            Defaults to 50,000
            </summary>
        </member>
        <member name="P:DCS.Composition.Services.GlobalScheduler.Config.AppSettings.DelayBetweenCsvSchedules">
            <summary>
            When a csv file has been split into multiple batches, this is the time to wait between scheduling each batch
            Defaults to 15 seconds
            </summary>
        </member>
        <member name="P:DCS.Composition.Services.GlobalScheduler.Config.AppSettings.UserToRecordAgainst">
            <summary>
            
            </summary>
        </member>
        <member name="P:DCS.Composition.Services.GlobalScheduler.Config.AppSettings.Versions">
            <summary>
            Returns the version of the application
            </summary>
        </member>
        <member name="P:DCS.Composition.Services.GlobalScheduler.Config.AppSettings.Server">
            <summary>
            Returns the name of the server that is currently executing the code
            </summary>
        </member>
        <member name="P:DCS.Composition.Services.GlobalScheduler.Config.AppSettings.JobFolderRootPath">
            <summary>
            
            </summary>
        </member>
        <member name="P:DCS.Composition.Services.GlobalScheduler.Config.AppSettings.BaseStagingFolder">
            <summary>
            </summary>
        </member>
        <member name="P:DCS.Composition.Services.GlobalScheduler.Config.AppSettings.NonElectronicStatusList">
            <summary>
            Returns a list of integers that represent the Status Codes that are not electronic correspondence
            Defaults to 5 and 30 if no value is supplied
            </summary>
        </member>
        <member name="P:DCS.Composition.Services.GlobalScheduler.Config.AppSettings.CorresBatchHistoryInsertSize">
            <summary>
            The size of inserts when inserting records for CorresBatchHistory
            </summary>
        </member>
        <member name="P:DCS.Composition.Services.GlobalScheduler.Config.AppSettings.SqlTimeoutRetryAttempts">
            <summary>
            Retrieves the SqlTimeoutRetryAttempts entry from the config file. If none found, then defaults to 3
            </summary>
        </member>
        <member name="P:DCS.Composition.Services.GlobalScheduler.Config.AppSettings.SqlTimeoutFirstRetryDelaySeconds">
            <summary>
            Retrieves the SqlTimeoutFirstRetryDelaySeconds entry from the config file. If none found, then defaults to 3
            </summary>
        </member>
        <member name="T:DCS.Composition.Services.GlobalScheduler.Config.AssemblyVersionDetails">
            <summary>
            Class to hold the Assembly version details
            </summary>
        </member>
        <member name="P:DCS.Composition.Services.GlobalScheduler.Config.AssemblyVersionDetails.ReleaseBuild">
            <summary>
            The Assembly version. Set by the build system to be the release number. Corresponds to the AssemblyVersion attribute in the AssemblyInfo.cs file, 
            and the actual assembly version when looking at the .NET DLL Metadata
            e.g. 20:4:430:17292
            </summary>
        </member>
        <member name="P:DCS.Composition.Services.GlobalScheduler.Config.AssemblyVersionDetails.ReleaseVersion">
            <summary>
            The AssemblyFile version. Set by the build system to be the release number
            Corresponds to the AssemblyFileVersion attribute int he AssemblyInfo.cs
            e.g. 20.4.430.0
            </summary>
        </member>
        <member name="P:DCS.Composition.Services.GlobalScheduler.Config.AssemblyVersionDetails.BuildNumber">
            <summary>
            Set by the build system to be the build number of the application. Represents the actual build that produced the compil;ed applicaiton, and can be used to view the TFS build that produced the packages
            Corresponds to the AssemblyInformationVersion attribute in teh AssemblyInfo.cs
            e.g. 2020.11.10.1
            </summary>
        </member>
        <member name="P:DCS.Composition.Services.GlobalScheduler.Config.AssemblyVersionDetails.ReleaseName">
            <summary>
            Set by the build system to indicate the name of the release that the compiled package belongs to
            Corresponds to the AssemblyProduct attribute in the AssemblyInfo.cs file
            e.g. 20Q4IP430
            </summary>
        </member>
        <member name="T:DCS.Composition.Services.GlobalScheduler.Config.ConnectionStrings">
            <summary>
            
            </summary>
        </member>
        <member name="P:DCS.Composition.Services.GlobalScheduler.Config.ConnectionStrings.OutboundCorroGen">
            <summary>
            The Connection String for the Outbound database
            </summary>
        </member>
        <member name="P:DCS.Composition.Services.GlobalScheduler.Config.ConnectionStrings.HangfireDb">
            <summary>
            The connections tring for the hangfire database
            </summary>
        </member>
        <member name="P:DCS.Composition.Services.GlobalScheduler.Config.ConnectionStrings.HangfireDeliveryDb">
            <summary>
            The Hangfire database that will be used for post composition services
            </summary>
        </member>
        <member name="T:DCS.Composition.Services.GlobalScheduler.Config.IAppConfig">
            <summary>
            
            </summary>
        </member>
        <member name="P:DCS.Composition.Services.GlobalScheduler.Config.IAppConfig.AppSettings">
            <summary>
            
            </summary>
        </member>
        <member name="P:DCS.Composition.Services.GlobalScheduler.Config.IAppConfig.Logging">
            <summary>
            
            </summary>
        </member>
        <member name="P:DCS.Composition.Services.GlobalScheduler.Config.IAppConfig.Kestrel">
            <summary>
            
            </summary>
        </member>
        <member name="P:DCS.Composition.Services.GlobalScheduler.Config.IAppConfig.ConnectionStrings">
            <summary>
            
            </summary>
        </member>
        <member name="T:DCS.Composition.Services.GlobalScheduler.Config.IAppSettings">
            <summary>
            
            </summary>
        </member>
        <member name="P:DCS.Composition.Services.GlobalScheduler.Config.IAppSettings.Environment">
            <summary>
            
            </summary>
        </member>
        <member name="P:DCS.Composition.Services.GlobalScheduler.Config.IAppSettings.DaysToFilter">
            <summary>
            
            </summary>
        </member>
        <member name="P:DCS.Composition.Services.GlobalScheduler.Config.IAppSettings.HangfirePutQueueWorkerCount">
            <summary>
            
            </summary>
        </member>
        <member name="P:DCS.Composition.Services.GlobalScheduler.Config.IAppSettings.HangfireRealtimeBatchQueueWorkerCount">
            <summary>
            
            </summary>
        </member>
        <member name="P:DCS.Composition.Services.GlobalScheduler.Config.IAppSettings.UserToRecordAgainst">
            <summary>
            
            </summary>
        </member>
        <member name="P:DCS.Composition.Services.GlobalScheduler.Config.IAppSettings.Versions">
            <summary>
            The version of the application abd dependent assemblies
            </summary>
        </member>
        <member name="P:DCS.Composition.Services.GlobalScheduler.Config.IAppSettings.Server">
            <summary>
            
            </summary>
        </member>
        <member name="P:DCS.Composition.Services.GlobalScheduler.Config.IAppSettings.MaxRecordsPerCsvFile">
            <summary>
            
            </summary>
        </member>
        <member name="P:DCS.Composition.Services.GlobalScheduler.Config.IAppSettings.DelayBetweenCsvSchedules">
            <summary>
            
            </summary>
        </member>
        <member name="P:DCS.Composition.Services.GlobalScheduler.Config.IAppSettings.JobFolderRootPath">
            <summary>
            
            </summary>
        </member>
        <member name="P:DCS.Composition.Services.GlobalScheduler.Config.IAppSettings.BaseStagingFolder">
            <summary>
            
            </summary>
        </member>
        <member name="P:DCS.Composition.Services.GlobalScheduler.Config.IAppSettings.NonElectronicStatusList">
            <summary>
            
            </summary>
        </member>
        <member name="P:DCS.Composition.Services.GlobalScheduler.Config.IAppSettings.CorresBatchHistoryInsertSize">
            <summary>
            The size of inserts when inserting records for CorresBatchHistory
            </summary>
        </member>
        <member name="P:DCS.Composition.Services.GlobalScheduler.Config.IAppSettings.SqlTimeoutRetryAttempts">
            <summary>
            Retrieves the SqlTimeoutRetryAttempts entry from the config file. If none found, then defaults to 3
            </summary>
        </member>
        <member name="P:DCS.Composition.Services.GlobalScheduler.Config.IAppSettings.SqlTimeoutFirstRetryDelaySeconds">
            <summary>
            Retrieves the SqlTimeoutFirstRetryDelaySeconds entry from the config file. If none found, then defaults to 3
            </summary>
        </member>
        <member name="T:DCS.Composition.Services.GlobalScheduler.Config.IConnectionStrings">
            <summary>
            
            </summary>
        </member>
        <member name="P:DCS.Composition.Services.GlobalScheduler.Config.IConnectionStrings.OutboundCorroGen">
            <summary>
            
            </summary>
        </member>
        <member name="P:DCS.Composition.Services.GlobalScheduler.Config.IConnectionStrings.HangfireDb">
            <summary>
            
            </summary>
        </member>
        <member name="P:DCS.Composition.Services.GlobalScheduler.Config.IConnectionStrings.HangfireDeliveryDb">
            <summary>
            
            </summary>
        </member>
        <member name="T:DCS.Composition.Services.GlobalScheduler.Config.IKestrelSettings">
            <summary>
            
            </summary>
        </member>
        <member name="P:DCS.Composition.Services.GlobalScheduler.Config.IKestrelSettings.RESTAPIPort">
            <summary>
            
            </summary>
        </member>
        <member name="P:DCS.Composition.Services.GlobalScheduler.Config.IKestrelSettings.UseCertificateForSSL">
            <summary>
            
            </summary>
        </member>
        <member name="P:DCS.Composition.Services.GlobalScheduler.Config.IKestrelSettings.CertificateSubject">
            <summary>
            
            </summary>
        </member>
        <member name="P:DCS.Composition.Services.GlobalScheduler.Config.IKestrelSettings.CertificateStoreName">
            <summary>
            
            </summary>
        </member>
        <member name="P:DCS.Composition.Services.GlobalScheduler.Config.IKestrelSettings.CertificateLocation">
            <summary>
            
            </summary>
        </member>
        <member name="P:DCS.Composition.Services.GlobalScheduler.Config.IKestrelSettings.CertificateAllowInvalid">
            <summary>
            
            </summary>
        </member>
        <member name="T:DCS.Composition.Services.GlobalScheduler.Config.ILoggingSettings">
            <summary>
            
            </summary>
        </member>
        <member name="P:DCS.Composition.Services.GlobalScheduler.Config.ILoggingSettings.LogServiceUrl">
            <summary>
            
            </summary>
        </member>
        <member name="T:DCS.Composition.Services.GlobalScheduler.Config.KestrelSettings">
            <summary>
            
            </summary>
        </member>
        <member name="P:DCS.Composition.Services.GlobalScheduler.Config.KestrelSettings.RESTAPIPort">
            <summary>
            
            </summary>
        </member>
        <member name="P:DCS.Composition.Services.GlobalScheduler.Config.KestrelSettings.UseCertificateForSSL">
            <summary>
            
            </summary>
        </member>
        <member name="P:DCS.Composition.Services.GlobalScheduler.Config.KestrelSettings.CertificateSubject">
            <summary>
            
            </summary>
        </member>
        <member name="P:DCS.Composition.Services.GlobalScheduler.Config.KestrelSettings.CertificateStoreName">
            <summary>
            
            </summary>
        </member>
        <member name="P:DCS.Composition.Services.GlobalScheduler.Config.KestrelSettings.CertificateLocation">
            <summary>
            
            </summary>
        </member>
        <member name="P:DCS.Composition.Services.GlobalScheduler.Config.KestrelSettings.CertificateAllowInvalid">
            <summary>
            
            </summary>
        </member>
        <member name="T:DCS.Composition.Services.GlobalScheduler.Config.LoggingSettings">
            <summary>
            TGhe Logging section in the app.config file
            </summary>
        </member>
        <member name="P:DCS.Composition.Services.GlobalScheduler.Config.LoggingSettings.LogServiceUrl">
            <summary>
            The URL to use when logging to the central logging service
            </summary>
        </member>
        <member name="T:DCS.Composition.Services.GlobalScheduler.Controllers.GlobalSchedulerController">
            <summary>
            REST Controlle rthat provides methods to call and get information on the service
            </summary>
        </member>
        <member name="M:DCS.Composition.Services.GlobalScheduler.Controllers.GlobalSchedulerController.#ctor(DCS.Composition.Services.GlobalScheduler.Config.IAppConfig,DCS.Composition.Services.GlobalScheduler.Common.GlobalSchedulerImplementation)">
            <summary>
            
            </summary>
            <param name="appConfig"></param>
        </member>
        <member name="M:DCS.Composition.Services.GlobalScheduler.Controllers.GlobalSchedulerController.CallJobServiceViaHangfire(DCS.Composition.Services.Shared.Contracts.CompositionMsg)">
            <summary>
            Method to put a call to the JobService onto the Hangfire datbase  using the supplied CompositionMsg
            </summary>
            <param name="message"></param>
            <returns></returns>
            <remarks>
            This method uses the CompositionMsg. The following properties need to be set for this to work:
              
            </remarks>
        </member>
        <member name="M:DCS.Composition.Services.GlobalScheduler.Controllers.GlobalSchedulerController.CallJobService(DCS.Composition.Services.Shared.Contracts.CompositionMsg,System.Boolean,System.Boolean)">
            <summary>
            Method to put a call to the JobService onto the Hangfire datbase  using the supplied CompositionMsg. this simualates being called via a Hangfire schedule
            </summary>
            <param name="message"></param>
            <param name="triggerJobService">Whether to trigger the JobService. Used for testing/BAU purposes</param>
            <param name="updateDb"></param>
            <returns></returns>
            <remarks>The result of this method is that a JobService Hangfire schedule is created in the Hangfire database</remarks>
        </member>
        <member name="M:DCS.Composition.Services.GlobalScheduler.Controllers.GlobalSchedulerController.CallRunschduleForNatCdViaHF(DCS.Composition.Services.Shared.Contracts.CompositionMsg)">
            <summary>
            API to call GlobalSchduler to create batches for a NatCd as opposed to the default Delivery Channel. Places a message on the HangFire queue
            </summary>
            <param name="message"></param>
            <returns></returns>
        </member>
        <member name="M:DCS.Composition.Services.GlobalScheduler.Controllers.GlobalSchedulerController.CallRunschduleForNatCd(DCS.Composition.Services.Shared.Contracts.CompositionMsg,System.Boolean,System.Boolean,System.String)">
            <summary>
            API to call the global scheduler to use a NatCd instead of the default deliveyr channel to create the batch
            </summary>
            <param name="message"></param>
            <param name="triggerJobService"></param>
            <param name="updateDb"></param>
            <param name="natCd"></param>
            <returns></returns>
        </member>
        <member name="M:DCS.Composition.Services.GlobalScheduler.Controllers.GlobalSchedulerController.RunRealtimeBatchJob(DCS.Composition.Services.Shared.Contracts.RealTimeBatchJobParams)">
            <summary>
            Method to start the generation of a batch of 1
            </summary>
            <param name="realTimeBatchJobParams">The JsonParameters passesd from the calling application</param>
            <returns></returns>
        </member>
        <member name="M:DCS.Composition.Services.GlobalScheduler.Controllers.GlobalSchedulerController.CsvProcessing(DCS.Composition.Services.GlobalScheduler.Common.CsvProcessingRequest)">
            <summary>
            Method to trigger CSV batch processing
            </summary>
            <returns></returns>
        </member>
        <member name="M:DCS.Composition.Services.GlobalScheduler.Controllers.GlobalSchedulerController.ProcessBdv(DCS.Composition.Services.GlobalScheduler.Common.ProcessBdvRequest)">
            <summary>
            
            </summary>
            <param name="bdvRequest"></param>
            <returns></returns>
        </member>
        <member name="M:DCS.Composition.Services.GlobalScheduler.Controllers.GlobalSchedulerController.GetCurrentConfig">
            <summary>
            Method to get the current config entries for the application. Returns as a string.
            </summary>
            <returns></returns>
        </member>
        <member name="M:DCS.Composition.Services.GlobalScheduler.Controllers.GlobalSchedulerController.Heartbeat">
            <summary>
            Method to get the heartbeat of the service. Provided so that other apps can query the service
            </summary>
            <returns></returns>
        </member>
        <member name="M:DCS.Composition.Services.GlobalScheduler.Controllers.GlobalSchedulerController.VersionInfo">
            <summary>
            REST end point to get the version of the application and any shared components that make sense to report on
            </summary>
            <returns></returns>
        </member>
        <member name="M:DCS.Composition.Services.GlobalScheduler.Controllers.GlobalSchedulerController.CallDeleteCampaignSchedule(System.String)">
            <summary>
            Method to put delete a specified hangfire schedule  based on the shedule id 
            </summary>
            <param name="scheduleId"></param> 
            <returns></returns>
            <remarks>
            </remarks>
        </member>
        <member name="M:DCS.Composition.Services.GlobalScheduler.Controllers.GlobalSchedulerController.CreateCampaignSchedule(DCS.Composition.Services.Shared.Contracts.CampaignScheduldeMsg)">
            <summary>
            Method to trigger CSV batch processing
            </summary>
            <returns></returns>
        </member>
        <member name="T:DCS.Composition.Services.GlobalScheduler.Startup">
            <summary>
            
            </summary>
        </member>
        <member name="M:DCS.Composition.Services.GlobalScheduler.Startup.#ctor(Microsoft.Extensions.Configuration.IConfiguration)">
            <summary>
            
            </summary>
            <param name="configuration"></param>
        </member>
        <member name="P:DCS.Composition.Services.GlobalScheduler.Startup.Configuration">
            <summary>
            
            </summary>
        </member>
        <member name="M:DCS.Composition.Services.GlobalScheduler.Startup.ConfigureServices(Microsoft.Extensions.DependencyInjection.IServiceCollection)">
            <summary>
            
            </summary>
            <param name="services"></param>
        </member>
        <member name="M:DCS.Composition.Services.GlobalScheduler.Startup.Configure(Microsoft.AspNetCore.Builder.IApplicationBuilder,Microsoft.AspNetCore.Hosting.IWebHostEnvironment)">
            <summary>
            This method gets called by the runtime. Use this method to configure the HTTP request pipeline.
            </summary>
            <param name="app"></param>
            <param name="env"></param>
        </member>
        <member name="T:DCS.Composition.GlobalScheduler.Program">
            <summary>
            
            </summary>
        </member>
        <member name="M:DCS.Composition.GlobalScheduler.Program.Main(System.String[])">
            <summary>
            
            </summary>
            <param name="args"></param>
            <returns></returns>
        </member>
        <member name="M:DCS.Composition.GlobalScheduler.Program.CreateHostBuilder(System.String[])">
            <summary>
            
            </summary>
            <param name="args"></param>
            <returns></returns>
        </member>
    </members>
</doc>
