<?xml version="1.0"?>
<configuration>
  <windowsServiceApplication>
    <windowsService>
      <windowsServiceName>ATO.DCS.${InstanceKey}.BAU.DiskSpaceManagement</windowsServiceName>
      <windowsServiceDisplayName>ATO.DCS.${InstanceKey}.BAU.DiskSpaceManagement</windowsServiceDisplayName>
      <windowsServiceDescription>ATO.DCS.${InstanceKey}.BAU.DiskSpaceManagement</windowsServiceDescription>
      <windowsServiceAssemblyPath>${targetdir}\DCS.BAU.DiskSpaceManagement\DCS.BAU.DiskSpaceManagement.exe</windowsServiceAssemblyPath>
      <windowsServiceStart>false</windowsServiceStart>
      <windowsServiceStartType>Disabled</windowsServiceStartType>
      <windowsServiceDependsOn>MSDTC</windowsServiceDependsOn>
    </windowsService>
  </windowsServiceApplication>
</configuration>