<?xml version="1.0" encoding="UTF-8"?>
<configuration>
<textfiles>
    <textfile action="install">
      <filename>${TargetDir}\DCS.BAU.DiskSpaceManagement\appsettings.json</filename>
      <substitution>
        <targetstring regex="true">("HangfireDatabase")(.*)</targetstring>
        <newstring>"HangfireDatabase": "${HangfireDatabase}",</newstring>
      </substitution>
	  <substitution>
        <targetstring regex="true">("OutboundDatabase")(.*)</targetstring>
        <newstring>"OutboundDatabase": "${OutBoundCorroGen.SQLInstance}",</newstring>
      </substitution>
	  <substitution>
        <targetstring regex="true">("BaseFilePath")(.*)</targetstring>
        <newstring>"BaseFilePath": "${BaseFilePath}",</newstring>
      </substitution>
      <substitution>
        <targetstring regex="true">("ServiceName")(.*)</targetstring>
        <newstring>"ServiceName": "${ServiceName}",</newstring>
      </substitution>
      <substitution>
        <targetstring regex="true">("source")(.*)</targetstring>
        <newstring>"source": "${ServiceName}",</newstring>
      </substitution>
      <substitution>
        <targetstring regex="true">("Environment")(.*)</targetstring>
        <newstring>"Environment": "${Environment}",</newstring>
      </substitution>
      <substitution>
        <targetstring regex="true">("RESTAPIPort")(.*)</targetstring>
        <newstring>"RESTAPIPort": ${RESTAPIPort},</newstring>
      </substitution>
      <substitution>
        <targetstring regex="true">("UseCertificateForSSL")(.*)</targetstring>
        <newstring>"UseCertificateForSSL": ${UseCertificateForSSL},</newstring>
      </substitution>
      <substitution>
        <targetstring regex="true">("CertificateSubject")(.*)</targetstring>
        <newstring>"CertificateSubject": "${CertificateSubject}",</newstring>
      </substitution>
	  <substitution>
        <targetstring regex="true">("WorkingDirectory")(.*)</targetstring>
        <newstring>"WorkingDirectory": "${WorkingDirectory}",</newstring>
      </substitution>
	  <substitution>
        <targetstring regex="true">(LEGACY_FILEPATH)</targetstring>
        <newstring>${LegacyPath}</newstring>
      </substitution>
	  <substitution>
        <targetstring regex="true">("IncludeOlderBatches")(.*)</targetstring>
        <newstring>"IncludeOlderBatches": "${IncludeOlderBatches}",</newstring>
      </substitution>
    </textfile>
  </textfiles>
</configuration>