<?xml version="1.0" encoding="utf-8"?>
<configuration>
  <configurationChanges>
    <configurationChange>
      <file>${PackageDir}\Binaries\Publish\Profile.publish.xml</file>
      <xmlnamespace uri="http://schemas.microsoft.com/developer/msbuild/2003" prefix="a"/>
      <nodeChanges>
        <nodeChange action="update">
          <xpath>/a:Project/a:PropertyGroup/a:TargetDatabaseName</xpath>
          <value>${TargetDatabaseName}</value>
        </nodeChange>
        <nodeChange action="update">
          <xpath>/a:Project/a:PropertyGroup/a:TargetConnectionString</xpath>
          <value regex="[d|D]ata [s|S]ource=[^;]*">Data Source=${SQLInstance}</value>
        </nodeChange>
        <nodeChange action="update">
          <xpath>/a:Project/a:PropertyGroup/a:BlockOnPossibleDataLoss</xpath>
          <value>${BlockOnPossibleDataLoss}</value>
        </nodeChange>
        <nodeChange action="update">
          <xpath>/a:Project/a:PropertyGroup/a:BlockWhenDriftDetected</xpath>
          <value>${BlockWhenDriftDetected}</value>
        </nodeChange>
        <nodeChange action="update">
          <xpath>/a:Project/a:ItemGroup/a:SqlCmdVariable[@Include="CloudDomain"]/a:Value</xpath>
          <value>${CloudDomain}</value>
        </nodeChange>
        <nodeChange action="update">
          <xpath>/a:Project/a:ItemGroup/a:SqlCmdVariable[@Include="CloudDomainShort"]/a:Value</xpath>
          <value>${CloudDomainShort}</value>
        </nodeChange>
        <nodeChange action="update">
          <xpath>/a:Project/a:ItemGroup/a:SqlCmdVariable[@Include="Environment"]/a:Value</xpath>
          <value>${Environment}</value>
        </nodeChange>
        <nodeChange action="update">
          <xpath>/a:Project/a:ItemGroup/a:SqlCmdVariable[@Include="SYSDEV_LG"]/a:Value</xpath>
          <value>${SYSDEV_LG}</value>
        </nodeChange>
        <nodeChange action="update">
          <xpath>/a:Project/a:ItemGroup/a:SqlCmdVariable[@Include="TEMPLATE_LG"]/a:Value</xpath>
          <value>${TEMPLATE_LG}</value>
        </nodeChange>
        <nodeChange action="update">
          <xpath>/a:Project/a:ItemGroup/a:SqlCmdVariable[@Include="TEST_LG"]/a:Value</xpath>
          <value>${TEST_LG}</value>
        </nodeChange>
      </nodeChanges>
    </configurationChange>
  </configurationChanges>
</configuration>
