<?xml version="1.0" encoding="utf-8"?>
<!-- ******************************************************* -->
<!-- !!!!! NEVER UPDATE THIS ENVIRONMENT FILE DIRECTLY !!!!! -->
<!--                                                         -->
<!-- ALWAYS use the Excel environment file editor to update  -->
<!-- and then generate the environment file.                 -->
<!-- ******************************************************* -->
<environments applicationName="DCS.Outbound.Database" roleName="Database=Database" securityCode="2880">
    <environment key="Cloud - MyMachine - Default" remoteDeploymentGroupName="" remoteDeploymentServers="">
        <group key="Database">
            <parameter key="DeployType">Full</parameter>
            <parameter key="TargetDatabaseName">Outbound${InstanceKey}</parameter>
            <parameter key="Domain">devtest.atohdtnet.gov.au</parameter>
            <parameter key="SQLInstance">outboundDatabase${Environment}.dcs.${Domain},61301</parameter>
            <parameter key="DeployScriptFileName">DCS.Database.Outbound_DBCC_${AppVersion}.sql</parameter>
            <parameter key="CloudDomain">DEVTEST</parameter>
            <parameter key="CloudDomainShort">DT</parameter>
            <parameter key="Environment">DE</parameter>
            <parameter key="OnPremDomain"></parameter>
            <parameter key="ETLCloud">svc_etlx_app</parameter>
            <parameter key="ETLOnPrem">SvETL${Environment}</parameter>
            <parameter key="SYSDEV_LG">RES_DCS_SYSDEV_LG</parameter>
            <parameter key="TEMPLATE_LG">RES_DCS_TEMPLATE_LG</parameter>
            <parameter key="TEST_LG">RES_DCS_TEST_LG</parameter>
            <parameter key="BlockWhenDriftDetected">False</parameter>
            <parameter key="BlockOnPossibleDataLoss">False</parameter>
        </group>
        <instance key="DEA">
            <parameter key="CloudDomain">DEVTEST</parameter>
            <parameter key="CloudDomainShort">DT</parameter>
            <parameter key="Environment">DE</parameter>
            <parameter key="OnPremDomain">ATOTNETPRDCT</parameter>
        </instance>
        <instance key="DEB">
            <parameter key="CloudDomain">DEVTEST</parameter>
            <parameter key="CloudDomainShort">DT</parameter>
            <parameter key="Environment">DE</parameter>
            <parameter key="OnPremDomain">ATOTNETPRDCT</parameter>
        </instance>
        <instance key="DEE">
            <parameter key="CloudDomain">DEVTEST</parameter>
            <parameter key="CloudDomainShort">DT</parameter>
            <parameter key="Environment">DE</parameter>
            <parameter key="OnPremDomain">ATOTNETPRDCT</parameter>
        </instance>
        <instance key="DEH">
            <parameter key="CloudDomain">DEVTEST</parameter>
            <parameter key="CloudDomainShort">DT</parameter>
            <parameter key="Environment">DE</parameter>
            <parameter key="OnPremDomain">ATOTNETPRDCT</parameter>
        </instance>
        <instance key="DEK">
            <parameter key="CloudDomain">DEVTEST</parameter>
            <parameter key="CloudDomainShort">DT</parameter>
            <parameter key="Environment">DE</parameter>
            <parameter key="OnPremDomain">ATOTNETPRDCT</parameter>
        </instance>
        <instance key="DEM">
            <parameter key="CloudDomain">DEVTEST</parameter>
            <parameter key="CloudDomainShort">DT</parameter>
            <parameter key="Environment">DE</parameter>
            <parameter key="OnPremDomain">ATOTNETPRDCT</parameter>
        </instance>
        <instance key="DEQ">
            <parameter key="CloudDomain">DEVTEST</parameter>
            <parameter key="CloudDomainShort">DT</parameter>
            <parameter key="Environment">DE</parameter>
            <parameter key="OnPremDomain">ATOTNETPRDCT</parameter>
        </instance>
        <instance key="DEW">
            <parameter key="CloudDomain">DEVTEST</parameter>
            <parameter key="CloudDomainShort">DT</parameter>
            <parameter key="Environment">DE</parameter>
            <parameter key="OnPremDomain">ATOTNETPRDCT</parameter>
        </instance>
        <instance key="ATA">
            <parameter key="CloudDomain">DEVTEST</parameter>
            <parameter key="CloudDomainShort">DT</parameter>
            <parameter key="Environment">AT</parameter>
            <parameter key="OnPremDomain">ATOTNETPRDCT</parameter>
        </instance>
        <instance key="ATB">
            <parameter key="CloudDomain">DEVTEST</parameter>
            <parameter key="CloudDomainShort">DT</parameter>
            <parameter key="Environment">AT</parameter>
            <parameter key="OnPremDomain">ATOTNETPRDCT</parameter>
        </instance>
        <instance key="ATG">
            <parameter key="CloudDomain">DEVTEST</parameter>
            <parameter key="CloudDomainShort">DT</parameter>
            <parameter key="Environment">AT</parameter>
            <parameter key="OnPremDomain">ATOTNETPRDCT</parameter>
        </instance>
        <instance key="ATH">
            <parameter key="CloudDomain">DEVTEST</parameter>
            <parameter key="CloudDomainShort">DT</parameter>
            <parameter key="Environment">AT</parameter>
            <parameter key="OnPremDomain">ATOTNETPRDCT</parameter>
        </instance>
        <instance key="ATJ">
            <parameter key="CloudDomain">DEVTEST</parameter>
            <parameter key="CloudDomainShort">DT</parameter>
            <parameter key="Environment">AT</parameter>
            <parameter key="OnPremDomain">ATOTNETPRDCT</parameter>
        </instance>
        <instance key="ATL">
            <parameter key="CloudDomain">DEVTEST</parameter>
            <parameter key="CloudDomainShort">DT</parameter>
            <parameter key="Environment">AT</parameter>
            <parameter key="OnPremDomain">ATOTNETPRDCT</parameter>
        </instance>
        <instance key="ATM">
            <parameter key="CloudDomain">DEVTEST</parameter>
            <parameter key="CloudDomainShort">DT</parameter>
            <parameter key="Environment">AT</parameter>
            <parameter key="OnPremDomain">ATOTNETPRDCT</parameter>
        </instance>
        <instance key="ATN">
            <parameter key="CloudDomain">DEVTEST</parameter>
            <parameter key="CloudDomainShort">DT</parameter>
            <parameter key="Environment">AT</parameter>
            <parameter key="OnPremDomain">ATOTNETPRDCT</parameter>
        </instance>
        <instance key="ATQ">
            <parameter key="CloudDomain">DEVTEST</parameter>
            <parameter key="CloudDomainShort">DT</parameter>
            <parameter key="Environment">AT</parameter>
            <parameter key="OnPremDomain">ATOTNETPRDCT</parameter>
        </instance>
        <instance key="PTA">
            <parameter key="CloudDomain">DEVTEST</parameter>
            <parameter key="CloudDomainShort">DT</parameter>
            <parameter key="Environment">PT</parameter>
            <parameter key="OnPremDomain">ATOTNETINTGRT</parameter>
        </instance>
        <instance key="PTB">
            <parameter key="CloudDomain">DEVTEST</parameter>
            <parameter key="CloudDomainShort">DT</parameter>
            <parameter key="Environment">PT</parameter>
            <parameter key="OnPremDomain">ATOTNETINTGRT</parameter>
        </instance>
        <instance key="PTE">
            <parameter key="CloudDomain">DEVTEST</parameter>
            <parameter key="CloudDomainShort">DT</parameter>
            <parameter key="Environment">PT</parameter>
            <parameter key="OnPremDomain">ATOTNETINTGRT</parameter>
        </instance>
        <instance key="PTF">
            <parameter key="CloudDomain">DEVTEST</parameter>
            <parameter key="CloudDomainShort">DT</parameter>
            <parameter key="Environment">PT</parameter>
            <parameter key="OnPremDomain">ATOTNETINTGRT</parameter>
        </instance>
        <instance key="PTG">
            <parameter key="CloudDomain">DEVTEST</parameter>
            <parameter key="CloudDomainShort">DT</parameter>
            <parameter key="Environment">PT</parameter>
            <parameter key="OnPremDomain">ATOTNETINTGRT</parameter>
        </instance>
        <instance key="PTH">
            <parameter key="CloudDomain">DEVTEST</parameter>
            <parameter key="CloudDomainShort">DT</parameter>
            <parameter key="Environment">PT</parameter>
            <parameter key="OnPremDomain">ATOTNETINTGRT</parameter>
        </instance>
        <instance key="PTI">
            <parameter key="CloudDomain">DEVTEST</parameter>
            <parameter key="CloudDomainShort">DT</parameter>
            <parameter key="Environment">PT</parameter>
            <parameter key="OnPremDomain">ATOTNETINTGRT</parameter>
        </instance>
        <instance key="PTJ">
            <parameter key="CloudDomain">DEVTEST</parameter>
            <parameter key="CloudDomainShort">DT</parameter>
            <parameter key="Environment">PT</parameter>
            <parameter key="OnPremDomain">ATOTNETINTGRT</parameter>
        </instance>
        <instance key="PTK">
            <parameter key="CloudDomain">DEVTEST</parameter>
            <parameter key="CloudDomainShort">DT</parameter>
            <parameter key="Environment">PT</parameter>
            <parameter key="OnPremDomain">ATOTNETINTGRT</parameter>
        </instance>
        <instance key="PTM">
            <parameter key="CloudDomain">DEVTEST</parameter>
            <parameter key="CloudDomainShort">DT</parameter>
            <parameter key="Environment">PT</parameter>
            <parameter key="OnPremDomain">ATOTNETINTGRT</parameter>
        </instance>
        <instance key="PTQ">
            <parameter key="CloudDomain">DEVTEST</parameter>
            <parameter key="CloudDomainShort">DT</parameter>
            <parameter key="Environment">PT</parameter>
            <parameter key="OnPremDomain">ATOTNETINTGRT</parameter>
        </instance>
        <instance key="PTR">
            <parameter key="CloudDomain">DEVTEST</parameter>
            <parameter key="CloudDomainShort">DT</parameter>
            <parameter key="Environment">PT</parameter>
            <parameter key="OnPremDomain">ATOTNETINTGRT</parameter>
        </instance>
        <instance key="PTW">
            <parameter key="CloudDomain">DEVTEST</parameter>
            <parameter key="CloudDomainShort">DT</parameter>
            <parameter key="Environment">PT</parameter>
            <parameter key="OnPremDomain">ATOTNETINTGRT</parameter>
        </instance>
        <instance key="UCC">
            <parameter key="Domain">preprod.atohppnet.gov.au</parameter>
            <parameter key="CloudDomain">PREPRODHPPNET</parameter>
            <parameter key="CloudDomainShort">PP</parameter>
            <parameter key="Environment">UA</parameter>
            <parameter key="OnPremDomain">ATOQNETUAT</parameter>
        </instance>
        <instance key="UCD">
            <parameter key="Domain">preprod.atohppnet.gov.au</parameter>
            <parameter key="CloudDomain">PREPRODHPPNET</parameter>
            <parameter key="CloudDomainShort">PP</parameter>
            <parameter key="Environment">UA</parameter>
            <parameter key="OnPremDomain">ATOQNETUAT</parameter>
        </instance>
        <instance key="UAB">
            <parameter key="Domain">preprod.atohppnet.gov.au</parameter>
            <parameter key="CloudDomain">PREPRODHPPNET</parameter>
            <parameter key="CloudDomainShort">PP</parameter>
            <parameter key="Environment">UA</parameter>
            <parameter key="OnPremDomain">ATOQNETUAT</parameter>
        </instance>
        <instance key="UAI">
            <parameter key="Domain">preprod.atohppnet.gov.au</parameter>
            <parameter key="CloudDomain">PREPRODHPPNET</parameter>
            <parameter key="CloudDomainShort">PP</parameter>
            <parameter key="Environment">UA</parameter>
            <parameter key="OnPremDomain">ATOQNETUAT</parameter>
        </instance>
        <instance key="UAK">
            <parameter key="Domain">preprod.atohppnet.gov.au</parameter>
            <parameter key="CloudDomain">PREPRODHPPNET</parameter>
            <parameter key="CloudDomainShort">PP</parameter>
            <parameter key="Environment">UA</parameter>
            <parameter key="OnPremDomain">ATOQNETUAT</parameter>
        </instance>
        <instance key="EFX">
            <parameter key="Domain">preprod.atohppnet.gov.au</parameter>
            <parameter key="CloudDomain">PREPRODHPPNET</parameter>
            <parameter key="CloudDomainShort">PP</parameter>
            <parameter key="Environment">EF</parameter>
            <parameter key="OnPremDomain">ATOQNETUAT</parameter>
        </instance>
        <instance key="PFB">
            <parameter key="Domain">preprod.atohppnet.gov.au</parameter>
            <parameter key="CloudDomain">PREPRODHPPNET</parameter>
            <parameter key="CloudDomainShort">PP</parameter>
            <parameter key="Environment">PF</parameter>
            <parameter key="OnPremDomain">ATOQNETPERF</parameter>
            <parameter key="SYSDEV_LG">RES_DCS_SYSDEV_PF_LG</parameter>
            <parameter key="TEMPLATE_LG">RES_DCS_TEMPLATE_PF_LG</parameter>
            <parameter key="TEST_LG">RES_DCS_TEST_PF_LG</parameter>
        </instance>
        <instance key="PFE">
            <parameter key="Domain">preprod.atohppnet.gov.au</parameter>
            <parameter key="CloudDomain">PREPRODHPPNET</parameter>
            <parameter key="CloudDomainShort">PP</parameter>
            <parameter key="Environment">PF</parameter>
            <parameter key="OnPremDomain">ATOQNETPERF</parameter>
            <parameter key="SYSDEV_LG">RES_DCS_SYSDEV_PF_LG</parameter>
            <parameter key="TEMPLATE_LG">RES_DCS_TEMPLATE_PF_LG</parameter>
            <parameter key="TEST_LG">RES_DCS_TEST_PF_LG</parameter>
        </instance>
        <instance key="PRD">
            <parameter key="Domain">prod.atohnet.gov.au</parameter>
            <parameter key="CloudDomain">PRODHNET</parameter>
            <parameter key="CloudDomainShort">PR</parameter>
            <parameter key="Environment">PR</parameter>
            <parameter key="OnPremDomain">ATONET</parameter>
            <parameter key="ETLCloud">ServiceETL</parameter>
            <parameter key="BlockWhenDriftDetected">True</parameter>
            <parameter key="BlockOnPossibleDataLoss">True</parameter>
        </instance>
    </environment>
</environments>
