<?xml version="1.0"?>
<configuration>
	<configurationChanges>
		<!-- Server Host-->
		<configurationChange>
			<file>${targetdir}\Ato.Letters.Generation\Ato.Letters.Service.exe.config</file>
			<nodeChanges>
				<nodeChange action="update">
					<xpath>/configuration/appSettings/add[@key='LogTestAutomationSwitch']/@value</xpath>
					<value>${LogTestAutomationSwitch}</value>
				</nodeChange>
				<nodeChange action="update">
					<xpath>/configuration/appSettings/add[@key='LogGenerateMessageSwitch']/@value</xpath>
					<value>${LogGenerateMessageSwitch}</value>
				</nodeChange>
				<nodeChange action="update">
					<xpath>/configuration/appSettings/add[@key='LogTestAutomationLocation']/@value</xpath>
					<value>${LogTestAutomationLocation}</value>
				</nodeChange>
				<nodeChange action="update">
					<xpath>/configuration/appSettings/add[@key='TemplatesDirectory']/@value</xpath>
					<value>${targetdir}\Ato.Letters.Generation\Templates\</value>
				</nodeChange>
				<nodeChange action="update">
					<xpath>/configuration/appSettings/add[@key='InstancesDirectory']/@value</xpath>
					<value>${targetdir}\Ato.Letters.Generation\Instances\</value>
				</nodeChange>
				<nodeChange action="update">
					<xpath>/configuration/Ato.Letters.GenerationFramework/attachedTemplate/@fileName</xpath>
					<value>${targetdir}\Ato.Letters.Generation\DTC_UserTools\DTC_UserTools.dot</value>
				</nodeChange>
				<nodeChange action="update">
					<xpath>/configuration/appSettings/add[@key='DeleteInstances']/@value</xpath>
					<value>${DeleteInstances}</value>
				</nodeChange>
				<nodeChange action="update">
					<xpath>/configuration/system.diagnostics/switches/add[@name='InstrumentationSwitch']/@value</xpath>
					<value>${InstrumentationLogging}</value>
				</nodeChange>
				<!-- Logging source -->
				<nodeChange action="update">
					<xpath>/configuration/loggingConfiguration/listeners/add[@name='Formatted EventLog TraceListener']/@source</xpath>
					<value>Ato.Letter.Generation.Service.${InstanceKey}</value>
				</nodeChange>
				<nodeChange action="update">
					<xpath>/configuration/loggingConfiguration/listeners/add[@name='EventLog']/@source</xpath>
					<value>Ato.Letter.Generation.Service.${InstanceKey}</value>
				</nodeChange>
				<nodeChange action="update">
					<xpath>/configuration/loggingConfiguration/listeners/add[@name='AuditFile']/@fileName</xpath>
					<value>${targetdir}\Logs\Audit.log</value>
				</nodeChange>
				<nodeChange action="update">
					<xpath>/configuration/loggingConfiguration/listeners/add[@name='InstrumentationFile']/@fileName</xpath>
					<value>${targetdir}\Logs\Instrumentation.log</value>
				</nodeChange>
				<nodeChange action="update">
					<xpath>/configuration/loggingConfiguration/listeners/add[@name='Instrumentation']/@fileName</xpath>
					<value>${targetdir}\Logs\Instrumentation.log</value>
				</nodeChange>
				<nodeChange action="update">
					<xpath>/configuration/loggingConfiguration/listeners/add[@name='TracingFile']/@fileName</xpath>
					<value>${targetdir}\Logs\TracingFile.log</value>
				</nodeChange>
				<nodeChange action="update">
					<xpath>/configuration/loggingConfiguration/listeners/add[@name='ActivityIDLoggingSink']/@fileName</xpath>
					<value>${targetdir}\Logs\ActivityID_Trace.log</value>
				</nodeChange>
				<!--MQ Config-->
				<nodeChange action="update" runapp="NOT ${MQServer.Channel.Cleanup}">
					<xpath>/configuration/Ato.EN.ApplicationServices.MQ/@ccdt</xpath>
					<value>${CCDTSourcePath}\${CCDTFile}</value>
				</nodeChange>
				<nodeChange action="update" runapp="NOT ${MQServer.Channel.Cleanup}">
					<xpath>/configuration/Ato.EN.ApplicationServices.MQ/transports/transport[@name='MQSeries']/@channel</xpath>
					<value>${ChannelName}.SVRCONN</value>
				</nodeChange>
				<nodeChange action="update" runapp="NOT ${MQServer.Channel.Cleanup}">
					<xpath>/configuration/Ato.EN.ApplicationServices.MQ/transports/transport[@name='MQSeries']/@hostName</xpath>
					<value>${MQSeries.hostName}</value>
				</nodeChange>
				<nodeChange action="update" runapp="NOT ${MQServer.Channel.Cleanup}">
					<xpath>/configuration/Ato.EN.ApplicationServices.MQ/transports/transport[@name='MQSeries']/@port</xpath>
					<value>${MQSeries.port}</value>
				</nodeChange>
				<nodeChange action="delete" runapp="${MQServer.Channel.Cleanup}">
					<xpath>/configuration/Ato.EN.ApplicationServices.MQ</xpath>
					<xmlattribute name="ccdt" />
				</nodeChange>

				<nodeChange action="delete" runapp="${MQServer.Channel.Cleanup}">
					<xpath>/configuration/Ato.EN.ApplicationServices.MQ/transports/transport[@name='MQSeries']</xpath>
					<xmlattribute name="channel" />
				</nodeChange>
				<nodeChange action="delete" runapp="${MQServer.Channel.Cleanup}">
					<xpath>/configuration/Ato.EN.ApplicationServices.MQ/transports/transport[@name='MQSeries']</xpath>
					<xmlattribute name="hostName" />
				</nodeChange>
				<nodeChange action="delete" runapp="${MQServer.Channel.Cleanup}">
					<xpath>/configuration/Ato.EN.ApplicationServices.MQ/transports/transport[@name='MQSeries']</xpath>
					<xmlattribute name="port" />
				</nodeChange>
				<nodeChange action="update" runapp="${MQServer.Channel.Cleanup}">
					<xpath>/configuration/Ato.EN.ApplicationServices.MQ/transports/transport[@name='MQSeries']/@isServerConnection</xpath>
					<value>${MQSeries.isServer}</value>
				</nodeChange>
				<nodeChange action="update">
					<xpath>/configuration/Ato.EN.ApplicationServices.MQ/eaiServices/eaiService[@name='ProcessLetter']/inwardBound/endpoint/@uri</xpath>
					<value>WMQ://${QueueManager}/OUTBAT.OUTWEB.MANAGEDOC.COMPLEX.REQUEST.BASE</value>
				</nodeChange>
				<nodeChange action="update">
					<xpath>/configuration/Ato.EN.ApplicationServices.MQ/eaiServices/eaiService[@name='ProcessLetter']/outwardBound/endpoint/@uri</xpath>
					<value>WMQ://${QueueManager}/OUTBOUND.EAI.DOCGEN.REPLY</value>
				</nodeChange>
				<nodeChange action="update">
					<xpath>/configuration/Ato.EN.ApplicationServices.MQ/eaiServices/eaiService[@name='ProcessLetter']/error/endpoint/@uri</xpath>
					<value>WMQ://${QueueManager}/OTB.GENERIC.ERROR</value>
				</nodeChange>
				<nodeChange action="update">
					<xpath>/configuration/Ato.EN.ApplicationServices.MQ/eaiServices/eaiService[@name='Staging']/inwardBound/endpoint/@uri</xpath>
					<value>WMQ://${QueueManager}/ATO.STAGING.ERROR</value>
				</nodeChange>
				<nodeChange action="update">
					<xpath>/configuration/Ato.EN.ApplicationServices.MQ/eaiServices/eaiService[@name='Staging']/outwardBound/endpoint/@uri</xpath>
					<value>WMQ://${QueueManager}/ATO.STAGING.ERROR</value>
				</nodeChange>
			</nodeChanges>
		</configurationChange>
	</configurationChanges>
</configuration>