<?xml version="1.0" encoding="utf-8"?>
<configuration>
  <CustomFunctions>
    <First>
      <Function name="Add-DomainUserToLocalGroup">
        <domainUserName>${winServiceIdentity}</domainUserName>
        <localGroup>Administrators</localGroup>
      </Function>
      <Function name="Grant-LogOnAsAservice" domainUserName="${winServiceIdentity}" />
	  <Function name="New-Folder" directory="${WinDir}\System32\config\systemprofile\desktop" />
	  <Function name="New-Folder" directory="${WinDir}\SysWOW64\config\systemprofile\desktop" />
    </First>
    <Last>
    </Last>
  </CustomFunctions>
</configuration>