<?xml version="1.0"?>
<configuration>
  <performanceCounterApplication key="Performance Counters for ICP and Tech Arch">
    <performanceCounterCategory oninstall="add" onuninstall="delete">
      <categoryName>ATO Tech Arch</categoryName>
      <categoryDescription>Performance Counters for ICP and Tech Arch</categoryDescription>
      <performanceCounter>
        <counterName>CodesTableFilters</counterName>
        <counterType>RateOfCountsPerSecond32</counterType>
        <counterHelp />
      </performanceCounter>
      <performanceCounter>
        <counterName>MQMessagesRead/sec</counterName>
        <counterType>RateOfCountsPerSecond32</counterType>
        <counterHelp />
      </performanceCounter>
      <performanceCounter>
        <counterName>MQMessagesWritten/sec</counterName>
        <counterType>RateOfCountsPerSecond32</counterType>
        <counterHelp />
      </performanceCounter>
      <performanceCounter>
        <counterName>TransporterCallTime</counterName>
        <counterType>AverageCount64</counterType>
        <counterHelp />
      </performanceCounter>
      <performanceCounter>
        <counterName>TransporterCallTimeBase</counterName>
        <counterType>AverageBase</counterType>
        <counterHelp />
      </performanceCounter>
    </performanceCounterCategory>
  </performanceCounterApplication>
</configuration>