<?xml version="1.0"?>
<configuration>
  <windowsServiceApplication>
    <windowsService>
      <windowsServiceName>ATO.DCS.${InstanceKey}.Legacy.LettersGeneration</windowsServiceName>
      <windowsServiceDisplayName>ATO.DCS.${InstanceKey}.Legacy.LettersGeneration</windowsServiceDisplayName>
      <windowsServiceDescription>ATO.DCS.${InstanceKey}.Legacy.LettersGeneration</windowsServiceDescription>
      <windowsServiceAssemblyPath>${TargetDir}\Ato.Letters.Generation\Ato.Letters.Service.exe</windowsServiceAssemblyPath>
      <windowsServiceStart>false</windowsServiceStart>
      <windowsServiceStartType>Disabled</windowsServiceStartType>
      <windowsServiceRecoveryActions>
        <enableActionsForStopsWithErrors>true</enableActionsForStopsWithErrors>
        <resetFailCountAfter>1</resetFailCountAfter>
        <rebootMessage></rebootMessage>
        <runFile></runFile>
        <failure>
            <type>restart</type>
            <delay>1</delay>
        </failure>
        <failure>
            <type>restart</type>
            <delay>1</delay>
        </failure>
        <failure>
            <type>restart</type>
            <delay>1</delay>
        </failure>
      </windowsServiceRecoveryActions>
    </windowsService>
  </windowsServiceApplication>
</configuration>