<?xml version="1.0"?>
<configuration>
  <windowsServiceApplication>
    <windowsService>
      <windowsServiceName>Ato.CD.Outbound.ReturnedCorres</windowsServiceName>
      <windowsServiceDisplayName>ATO-Outbound ReturnedCorres</windowsServiceDisplayName>
      <windowsServiceDescription>Outbound ReturnedCorres</windowsServiceDescription>
      <windowsServiceAssemblyPath>${targetdir}\Ato.CD.Outbound.ReturnedCorres\ATO.CD.Outbound.ReturnedCorres.exe</windowsServiceAssemblyPath>
      <windowsServiceStart>true</windowsServiceStart>
      <windowsServiceStartType>Automatic</windowsServiceStartType>
      <windowsServiceDependsOn>MSDTC</windowsServiceDependsOn>
    </windowsService>
  </windowsServiceApplication>
</configuration>