<?xml version="1.0"?>
<configuration>
  <configurationChanges>
    <configurationChange>
      <file>${targetdir}\DCSReceive\Ato.CCM.Services.DCSReceive.exe.config</file>
      <nodeChanges>
		  <nodeChange action="update">
			  <xpath>/configuration/appSettings/add[@key='LogTestAutomationSwitch']/@value</xpath>
			  <value>${LogTestAutomationSwitch}</value>
		  </nodeChange>
        <nodeChange action="update">
          <xpath>/configuration/appSettings/add[@key='LogSubmitMessageSwitch']/@value</xpath>
          <value>${LogSubmitMessageSwitch}</value>
        </nodeChange>
		  <nodeChange action="update">
			  <xpath>/configuration/appSettings/add[@key='LogTestAutomationLocation']/@value</xpath>
			  <value>${AtoApplicationDir}\AppLogs\DCSReceive\${InstanceKey}\</value>
		  </nodeChange>
        <nodeChange action="update">
          <xpath>/configuration/appSettings/add[@key='TemplateMappingFile']/@value</xpath>
          <value>${AtoApplicationDir}\Outbound\${InstanceKey}\CommandCenterConfig\CommandCenterConfig.xml</value>
        </nodeChange>
        <nodeChange action="update">
          <xpath>/configuration/appSettings/add[@key="Environment"]/@value</xpath>
          <value>${Environment}</value>
        </nodeChange>
        <nodeChange action="update">
          <xpath>/configuration/appSettings/add[@key="RealtimeEnabled"]/@value</xpath>
          <value>${RealtimeEnabled}</value>
        </nodeChange>
        <nodeChange action="update">
					<xpath>/configuration/appSettings/add[@key='serilog:write-to:EventLog.source']/@value</xpath>
					<value>${EventLog.Sink.Source}</value>
				</nodeChange>
        <nodeChange action="update">
          <xpath>/configuration/connectionStrings/add[@name='OutBoundCorroGen']/@connectionString</xpath>
          <value regex="(?i:server)\=[^;]*">server=${OutBoundCorroGen.SQLInstance}</value>
        </nodeChange>
        <nodeChange action="update">
          <xpath>/configuration/connectionStrings/add[@name='OutBoundCorroGen']/@connectionString</xpath>
          <value regex="(?i:database)\=[^;]*">database=${OutBoundCorroGen.Database.Name}</value>
        </nodeChange>
        <nodeChange action="update">
          <xpath>/configuration/connectionStrings/add[@name='Hangfire']/@connectionString</xpath>
          <value regex="(?i:server)\=[^;]*">server=${Hangfire.SQLInstance}</value>
        </nodeChange>
        <nodeChange action="update">
          <xpath>/configuration/connectionStrings/add[@name='Hangfire']/@connectionString</xpath>
          <value regex="(?i:database)\=[^;]*">database=${Hangfire.DatabaseName}</value>
        </nodeChange>
        <nodeChange action="update">
          <xpath>/configuration/loggingConfiguration/listeners/add[@name='EventLog Sink']/@source</xpath>
          <value>${EventLog.Sink.Source}</value>
        </nodeChange>
        <nodeChange action="update" runapp="NOT ${MQServer.Channel.Cleanup}">
          <xpath>/configuration/Ato.EN.ApplicationServices.MQ/@ccdt</xpath>
          <value>${CCDTSourcePath}\${CCDTFile}</value>
        </nodeChange>
        <nodeChange action="update">
          <xpath>/configuration/Ato.EN.ApplicationServices/transporter[@name='MQTransporter']/service[@name='ClientAddressSelection']/extension[@name='Logging']/@enabled</xpath>
          <value>${Logging.Enabled}</value>
        </nodeChange>
        <nodeChange action="update" runapp="NOT ${MQServer.Channel.Cleanup}">
          <xpath>/configuration/Ato.EN.ApplicationServices.MQ/transports/transport[@name='MQSeries']/@channel</xpath>
          <value>${ChannelName}.SVRCONN</value>
        </nodeChange>
        <nodeChange action="update" runapp="NOT ${MQServer.Channel.Cleanup}">
          <xpath>/configuration/Ato.EN.ApplicationServices.MQ/transports/transport[@name='MQSeries']/@hostName</xpath>
          <value>${MQSeries.hostName}</value>
        </nodeChange>
        <nodeChange action="update" runapp="NOT ${MQServer.Channel.Cleanup}">
          <xpath>/configuration/Ato.EN.ApplicationServices.MQ/transports/transport[@name='MQSeries']/@port</xpath>
          <value>${MQSeries.port}</value>
        </nodeChange>
        <nodeChange action="delete" runapp="${MQServer.Channel.Cleanup}">
          <xpath>/configuration/Ato.EN.ApplicationServices.MQ</xpath>
          <xmlattribute name="ccdt" />
        </nodeChange>
        <nodeChange action="delete" runapp="${MQServer.Channel.Cleanup}">
          <xpath>/configuration/Ato.EN.ApplicationServices.MQ/transports/transport[@name='MQSeries']</xpath>
          <xmlattribute name="channel" />
        </nodeChange>
        <nodeChange action="delete" runapp="${MQServer.Channel.Cleanup}">
          <xpath>/configuration/Ato.EN.ApplicationServices.MQ/transports/transport[@name='MQSeries']</xpath>
          <xmlattribute name="hostName" />
        </nodeChange>
        <nodeChange action="delete" runapp="${MQServer.Channel.Cleanup}">
          <xpath>/configuration/Ato.EN.ApplicationServices.MQ/transports/transport[@name='MQSeries']</xpath>
          <xmlattribute name="port" />
        </nodeChange>
        <nodeChange action="update" runapp="${MQServer.Channel.Cleanup}">
          <xpath>/configuration/Ato.EN.ApplicationServices.MQ/transports/transport[@name='MQSeries']/@isServerConnection</xpath>
          <value>${MQSeries.isServer}</value>
        </nodeChange>       
        <nodeChange action="update">
          <xpath>/configuration/Ato.EN.ApplicationServices.MQ/eaiServices/eaiService/*/endpoint/@uri</xpath>
          <value regex="(WMQ://)[^/]*">WMQ://${QueueManager}</value>
        </nodeChange>
        <nodeChange action="update">
          <xpath>/configuration/appSettings/add[@key="GlobalSchedulerURL"]/@value</xpath>
          <value>${GlobalSchedulerURL}</value>
        </nodeChange>       
      </nodeChanges>
    </configurationChange>
  </configurationChanges>
</configuration>