<?xml version="1.0"?>
<configuration>
  <windowsServiceApplication>
    <windowsService>
      <windowsServiceName>ATO.DCS.${InstanceKey}.Gateway.DCSReceive</windowsServiceName>
      <windowsServiceDisplayName>ATO.DCS.${InstanceKey}.Gateway.DCSReceive</windowsServiceDisplayName>
      <windowsServiceDescription>ATO.DCS.${InstanceKey}.Gateway.DCSReceive</windowsServiceDescription>
      <windowsServiceAssemblyPath>${targetDir}\DCSReceive\Ato.CCM.Services.DCSReceive.exe</windowsServiceAssemblyPath>
      <windowsServiceStart>false</windowsServiceStart>
      <windowsServiceStartType>Disabled</windowsServiceStartType>
      <windowsServiceDependsOn>MSDTC</windowsServiceDependsOn>
      <windowsServiceRecoveryActions>
        <enableActionsForStopsWithErrors>true</enableActionsForStopsWithErrors>
        <resetFailCountAfter>1</resetFailCountAfter>
        <rebootMessage></rebootMessage>
        <runFile></runFile>
        <failure>
            <type>restart</type>
            <delay>1</delay>
        </failure>
        <failure>
            <type>restart</type>
            <delay>1</delay>
        </failure>
        <failure>
            <type>restart</type>
            <delay>1</delay>
        </failure>
      </windowsServiceRecoveryActions>
    </windowsService>
  </windowsServiceApplication>
</configuration>