<?xml version="1.0" encoding="UTF-8"?>
<configuration>
	<textfiles>
		<textfile action="install">
			<filename>${TargetDir}\DCS.BAU.DailyReconciliationManager\appsettings.json</filename>
			<substitution>
				<targetstring regex="true">("HangfireDatabase")(.*)</targetstring>
				<newstring>"HangfireDatabase": "${HangfireDatabase}",</newstring>
			</substitution>
			<substitution>
				<targetstring regex="true">("OutboundDatabase")(.*)</targetstring>
				<newstring>"OutboundDatabase": "${OutBoundCorroGen.SQLInstance}",</newstring>
			</substitution>
			<substitution>
				<targetstring regex="true">("ServiceName")(.*)</targetstring>
				<newstring>"ServiceName": "${ServiceName}",</newstring>
			</substitution>
			<substitution>
				<targetstring regex="true">("source")(.*)</targetstring>
				<newstring>"source": "${ServiceName}",</newstring>
			</substitution>
			<substitution>
				<targetstring regex="true">("Environment")(.*)</targetstring>
				<newstring>"Environment": "${Environment}",</newstring>
			</substitution>
			<substitution>
				<targetstring regex="true">("RESTAPIPort")(.*)</targetstring>
				<newstring>"RESTAPIPort": ${RESTAPIPort},</newstring>
			</substitution>
			<substitution>
				<targetstring regex="true">("UseCertificateForSSL")(.*)</targetstring>
				<newstring>"UseCertificateForSSL": ${UseCertificateForSSL},</newstring>
			</substitution>
			<substitution>
				<targetstring regex="true">("CertificateSubject")(.*)</targetstring>
				<newstring>"CertificateSubject": "${CertificateSubject}",</newstring>
			</substitution>
			<substitution>
				<targetstring regex="true">("SiebelBaseFilePath")(.*)</targetstring>
				<newstring>"SiebelBaseFilePath": "${SiebelBaseFilePath}",</newstring>
			</substitution>
			<substitution>
				<targetstring regex="true">("SiebelUseBatchSubmit")(.*)</targetstring>
				<newstring>"SiebelUseBatchSubmit": "${SiebelUseBatchSubmit}",</newstring>
			</substitution>
			<substitution>
				<targetstring regex="true">("CmdmBaseFilePath")(.*)</targetstring>
				<newstring>"CmdmBaseFilePath": "${CmdmBaseFilePath}",</newstring>
			</substitution>
			<substitution>
				<targetstring regex="true">("CmdmUseBatchSubmit")(.*)</targetstring>
				<newstring>"CmdmUseBatchSubmit": "${CmdmUseBatchSubmit}",</newstring>
			</substitution>
			<substitution>
				<targetstring regex="true">("WorkingDirectory")(.*)</targetstring>
				<newstring>"WorkingDirectory": "${WorkingDirectory}",</newstring>
			</substitution>
		</textfile>
	</textfiles>
</configuration>