<?xml version="1.0" encoding="utf-8"?>
<!-- ******************************************************* -->
<!-- !!!!! NEVER UPDATE THIS ENVIRONMENT FILE DIRECTLY !!!!! -->
<!--                                                         -->
<!-- ALWAYS use the Excel environment file editor to update  -->
<!-- and then generate the environment file.                 -->
<!-- ******************************************************* -->
<environments applicationName="DailyReconciliationManager" roleName="DailyReconciliationManager=WinSvc" securityCode="4320">
    <environment key="Cloud - MyMachine - Default" remoteDeploymentGroupName="" remoteDeploymentServers="">
        <group key="Deployment">
            <parameter key="Environment"></parameter>
            <parameter key="PsiDeploymentStatusEmailAddress">DCRTEnvironments2@ato.gov.au</parameter>
            <parameter key="OutBoundCorroGen.SQLInstance">Server=outboundDatabase${Level}.${Domain},61301; Database=Outbound${Environment}; Trusted_Connection=True; MultipleActiveResultSets=True;MultiSubnetFailover=True</parameter>
            <parameter key="UseCertificateForSSL">true</parameter>
            <parameter key="CertificateSubject">dcs devtest atohdtnet ${Level} Level Certificate</parameter>
            <parameter key="HangfireDatabase">Server=designDatabase${Level}.${Domain},61301; Database=HangfireBAUServices${Environment}; Trusted_Connection=True; MultipleActiveResultSets=True;MultiSubnetFailover=True</parameter>
            <parameter key="ServiceName">DCS.BAU.DailyReconciliationManager.${InstanceKey}</parameter>
            <parameter key="RESTAPIPort"></parameter>
            <parameter key="winServiceIdentity"></parameter>
            <parameter key="Level"></parameter>
            <parameter key="Domain"></parameter>
            <parameter key="FileshareLevel"></parameter>
            <parameter key="SiebelBaseFilePath">\\\\fileshare${FileshareLevel}.${Domain}\\${Level}\\${Environment}\\Tools\\Siebel\\PDFReconciliation</parameter>
            <parameter key="SiebelUseBatchSubmit">FALSE</parameter>
            <parameter key="CmdmBaseFilePath">\\\\fileshare${FileshareLevel}.${Domain}\\${Level}\\${Environment}\\Tools\\CMDM\\CMDMReconciliation</parameter>
            <parameter key="CmdmUseBatchSubmit">FALSE</parameter>
            <parameter key="WorkingDirectory">E:\\ATOApplication\\AppLogs\\DCS.BAU.DailyReconciliationManager</parameter>
        </group>
        <instance key="DEA">
            <parameter key="Environment">DEA</parameter>
            <parameter key="RESTAPIPort">56001</parameter>
            <parameter key="winServiceIdentity">DEVTEST\SVC_DCSCORRES_DE</parameter>
            <parameter key="Level">DE</parameter>
            <parameter key="Domain">dcs.devtest.atohdtnet.gov.au</parameter>
            <parameter key="FileshareLevel">DT</parameter>
        </instance>
        <instance key="DEB">
            <parameter key="Environment">DEB</parameter>
            <parameter key="RESTAPIPort">56002</parameter>
            <parameter key="winServiceIdentity">DEVTEST\SVC_DCSCORRES_DE</parameter>
            <parameter key="Level">DE</parameter>
            <parameter key="Domain">dcs.devtest.atohdtnet.gov.au</parameter>
            <parameter key="FileshareLevel">DT</parameter>
        </instance>
        <instance key="DEE">
            <parameter key="Environment">DEE</parameter>
            <parameter key="RESTAPIPort">56005</parameter>
            <parameter key="winServiceIdentity">DEVTEST\SVC_DCSCORRES_DE</parameter>
            <parameter key="Level">DE</parameter>
            <parameter key="Domain">dcs.devtest.atohdtnet.gov.au</parameter>
            <parameter key="FileshareLevel">DT</parameter>
        </instance>
        <instance key="DEH">
            <parameter key="Environment">DEH</parameter>
            <parameter key="RESTAPIPort">56008</parameter>
            <parameter key="winServiceIdentity">DEVTEST\SVC_DCSCORRES_DE</parameter>
            <parameter key="Level">DE</parameter>
            <parameter key="Domain">dcs.devtest.atohdtnet.gov.au</parameter>
            <parameter key="FileshareLevel">DT</parameter>
        </instance>
        <instance key="DEI">
            <parameter key="Environment">DEI</parameter>
            <parameter key="RESTAPIPort">56009</parameter>
            <parameter key="winServiceIdentity">DEVTEST\SVC_DCSCORRES_DE</parameter>
            <parameter key="Level">DE</parameter>
            <parameter key="Domain">dcs.devtest.atohdtnet.gov.au</parameter>
            <parameter key="FileshareLevel">DT</parameter>
        </instance>
        <instance key="DEK">
            <parameter key="Environment">DEK</parameter>
            <parameter key="RESTAPIPort">56011</parameter>
            <parameter key="winServiceIdentity">DEVTEST\SVC_DCSCORRES_DE</parameter>
            <parameter key="Level">DE</parameter>
            <parameter key="Domain">dcs.devtest.atohdtnet.gov.au</parameter>
            <parameter key="FileshareLevel">DT</parameter>
        </instance>
        <instance key="DEM">
            <parameter key="Environment">DEM</parameter>
            <parameter key="RESTAPIPort">56013</parameter>
            <parameter key="winServiceIdentity">DEVTEST\SVC_DCSCORRES_DE</parameter>
            <parameter key="Level">DE</parameter>
            <parameter key="Domain">dcs.devtest.atohdtnet.gov.au</parameter>
            <parameter key="FileshareLevel">DT</parameter>
        </instance>
        <instance key="DEQ">
            <parameter key="Environment">DEQ</parameter>
            <parameter key="RESTAPIPort">56017</parameter>
            <parameter key="winServiceIdentity">DEVTEST\SVC_DCSCORRES_DE</parameter>
            <parameter key="Level">DE</parameter>
            <parameter key="Domain">dcs.devtest.atohdtnet.gov.au</parameter>
            <parameter key="FileshareLevel">DT</parameter>
        </instance>
        <instance key="DEW">
            <parameter key="Environment">DEW</parameter>
            <parameter key="RESTAPIPort">56023</parameter>
            <parameter key="winServiceIdentity">DEVTEST\SVC_DCSCORRES_DE</parameter>
            <parameter key="Level">DE</parameter>
            <parameter key="Domain">dcs.devtest.atohdtnet.gov.au</parameter>
            <parameter key="FileshareLevel">DT</parameter>
        </instance>
        <instance key="ATA">
            <parameter key="Environment">ATA</parameter>
            <parameter key="RESTAPIPort">56101</parameter>
            <parameter key="winServiceIdentity">DEVTEST\SVC_DCSCORRES_AT</parameter>
            <parameter key="Level">AT</parameter>
            <parameter key="Domain">dcs.devtest.atohdtnet.gov.au</parameter>
            <parameter key="FileshareLevel">DT</parameter>
        </instance>
        <instance key="ATB">
            <parameter key="Environment">ATB</parameter>
            <parameter key="RESTAPIPort">56102</parameter>
            <parameter key="winServiceIdentity">DEVTEST\SVC_DCSCORRES_AT</parameter>
            <parameter key="Level">AT</parameter>
            <parameter key="Domain">dcs.devtest.atohdtnet.gov.au</parameter>
            <parameter key="FileshareLevel">DT</parameter>
        </instance>
        <instance key="ATG">
            <parameter key="Environment">ATG</parameter>
            <parameter key="RESTAPIPort">56107</parameter>
            <parameter key="winServiceIdentity">DEVTEST\SVC_DCSCORRES_AT</parameter>
            <parameter key="Level">AT</parameter>
            <parameter key="Domain">dcs.devtest.atohdtnet.gov.au</parameter>
            <parameter key="FileshareLevel">DT</parameter>
        </instance>
        <instance key="ATH">
            <parameter key="Environment">ATH</parameter>
            <parameter key="RESTAPIPort">56108</parameter>
            <parameter key="winServiceIdentity">DEVTEST\SVC_DCSCORRES_AT</parameter>
            <parameter key="Level">AT</parameter>
            <parameter key="Domain">dcs.devtest.atohdtnet.gov.au</parameter>
            <parameter key="FileshareLevel">DT</parameter>
        </instance>
        <instance key="ATJ">
            <parameter key="Environment">ATJ</parameter>
            <parameter key="RESTAPIPort">56110</parameter>
            <parameter key="winServiceIdentity">DEVTEST\SVC_DCSCORRES_AT</parameter>
            <parameter key="Level">AT</parameter>
            <parameter key="Domain">dcs.devtest.atohdtnet.gov.au</parameter>
            <parameter key="FileshareLevel">DT</parameter>
        </instance>
        <instance key="ATL">
            <parameter key="Environment">ATL</parameter>
            <parameter key="RESTAPIPort">56112</parameter>
            <parameter key="winServiceIdentity">DEVTEST\SVC_DCSCORRES_AT</parameter>
            <parameter key="Level">AT</parameter>
            <parameter key="Domain">dcs.devtest.atohdtnet.gov.au</parameter>
            <parameter key="FileshareLevel">DT</parameter>
        </instance>
        <instance key="ATM">
            <parameter key="Environment">ATM</parameter>
            <parameter key="RESTAPIPort">56113</parameter>
            <parameter key="winServiceIdentity">DEVTEST\SVC_DCSCORRES_AT</parameter>
            <parameter key="Level">AT</parameter>
            <parameter key="Domain">dcs.devtest.atohdtnet.gov.au</parameter>
            <parameter key="FileshareLevel">DT</parameter>
        </instance>
        <instance key="ATN">
            <parameter key="Environment">ATN</parameter>
            <parameter key="RESTAPIPort">56114</parameter>
            <parameter key="winServiceIdentity">DEVTEST\SVC_DCSCORRES_AT</parameter>
            <parameter key="Level">AT</parameter>
            <parameter key="Domain">dcs.devtest.atohdtnet.gov.au</parameter>
            <parameter key="FileshareLevel">DT</parameter>
        </instance>
        <instance key="ATQ">
            <parameter key="Environment">ATQ</parameter>
            <parameter key="RESTAPIPort">56117</parameter>
            <parameter key="winServiceIdentity">DEVTEST\SVC_DCSCORRES_AT</parameter>
            <parameter key="Level">AT</parameter>
            <parameter key="Domain">dcs.devtest.atohdtnet.gov.au</parameter>
            <parameter key="FileshareLevel">DT</parameter>
        </instance>
        <instance key="PTA">
            <parameter key="Environment">PTA</parameter>
            <parameter key="RESTAPIPort">56201</parameter>
            <parameter key="winServiceIdentity">DEVTEST\SVC_DCSCORRES_PT</parameter>
            <parameter key="Level">PT</parameter>
            <parameter key="Domain">dcs.devtest.atohdtnet.gov.au</parameter>
            <parameter key="FileshareLevel">DT</parameter>
        </instance>
        <instance key="PTB">
            <parameter key="Environment">PTB</parameter>
            <parameter key="RESTAPIPort">56202</parameter>
            <parameter key="winServiceIdentity">DEVTEST\SVC_DCSCORRES_PT</parameter>
            <parameter key="Level">PT</parameter>
            <parameter key="Domain">dcs.devtest.atohdtnet.gov.au</parameter>
            <parameter key="FileshareLevel">DT</parameter>
        </instance>
        <instance key="PTE">
            <parameter key="Environment">PTE</parameter>
            <parameter key="RESTAPIPort">56205</parameter>
            <parameter key="winServiceIdentity">DEVTEST\SVC_DCSCORRES_PT</parameter>
            <parameter key="Level">PT</parameter>
            <parameter key="Domain">dcs.devtest.atohdtnet.gov.au</parameter>
            <parameter key="FileshareLevel">DT</parameter>
        </instance>
        <instance key="PTF">
            <parameter key="Environment">PTF</parameter>
            <parameter key="RESTAPIPort">56206</parameter>
            <parameter key="winServiceIdentity">DEVTEST\SVC_DCSCORRES_PT</parameter>
            <parameter key="Level">PT</parameter>
            <parameter key="Domain">dcs.devtest.atohdtnet.gov.au</parameter>
            <parameter key="FileshareLevel">DT</parameter>
        </instance>
        <instance key="PTG">
            <parameter key="Environment">PTG</parameter>
            <parameter key="RESTAPIPort">56207</parameter>
            <parameter key="winServiceIdentity">DEVTEST\SVC_DCSCORRES_PT</parameter>
            <parameter key="Level">PT</parameter>
            <parameter key="Domain">dcs.devtest.atohdtnet.gov.au</parameter>
            <parameter key="FileshareLevel">DT</parameter>
        </instance>
        <instance key="PTH">
            <parameter key="Environment">PTH</parameter>
            <parameter key="RESTAPIPort">56208</parameter>
            <parameter key="winServiceIdentity">DEVTEST\SVC_DCSCORRES_PT</parameter>
            <parameter key="Level">PT</parameter>
            <parameter key="Domain">dcs.devtest.atohdtnet.gov.au</parameter>
            <parameter key="FileshareLevel">DT</parameter>
        </instance>
        <instance key="PTI">
            <parameter key="Environment">PTI</parameter>
            <parameter key="RESTAPIPort">56209</parameter>
            <parameter key="winServiceIdentity">DEVTEST\SVC_DCSCORRES_PT</parameter>
            <parameter key="Level">PT</parameter>
            <parameter key="Domain">dcs.devtest.atohdtnet.gov.au</parameter>
            <parameter key="FileshareLevel">DT</parameter>
        </instance>
        <instance key="PTJ">
            <parameter key="Environment">PTJ</parameter>
            <parameter key="RESTAPIPort">56210</parameter>
            <parameter key="winServiceIdentity">DEVTEST\SVC_DCSCORRES_PT</parameter>
            <parameter key="Level">PT</parameter>
            <parameter key="Domain">dcs.devtest.atohdtnet.gov.au</parameter>
            <parameter key="FileshareLevel">DT</parameter>
        </instance>
        <instance key="PTK">
            <parameter key="Environment">PTK</parameter>
            <parameter key="RESTAPIPort">56211</parameter>
            <parameter key="winServiceIdentity">DEVTEST\SVC_DCSCORRES_PT</parameter>
            <parameter key="Level">PT</parameter>
            <parameter key="Domain">dcs.devtest.atohdtnet.gov.au</parameter>
            <parameter key="FileshareLevel">DT</parameter>
        </instance>
        <instance key="PTM">
            <parameter key="Environment">PTM</parameter>
            <parameter key="RESTAPIPort">56213</parameter>
            <parameter key="winServiceIdentity">DEVTEST\SVC_DCSCORRES_PT</parameter>
            <parameter key="Level">PT</parameter>
            <parameter key="Domain">dcs.devtest.atohdtnet.gov.au</parameter>
            <parameter key="FileshareLevel">DT</parameter>
        </instance>
        <instance key="PTQ">
            <parameter key="Environment">PTQ</parameter>
            <parameter key="RESTAPIPort">56217</parameter>
            <parameter key="winServiceIdentity">DEVTEST\SVC_DCSCORRES_PT</parameter>
            <parameter key="Level">PT</parameter>
            <parameter key="Domain">dcs.devtest.atohdtnet.gov.au</parameter>
            <parameter key="FileshareLevel">DT</parameter>
        </instance>
        <instance key="PTR">
            <parameter key="Environment">PTR</parameter>
            <parameter key="RESTAPIPort">56218</parameter>
            <parameter key="winServiceIdentity">DEVTEST\SVC_DCSCORRES_PT</parameter>
            <parameter key="Level">PT</parameter>
            <parameter key="Domain">dcs.devtest.atohdtnet.gov.au</parameter>
            <parameter key="FileshareLevel">DT</parameter>
        </instance>
        <instance key="PTW">
            <parameter key="Environment">PTW</parameter>
            <parameter key="RESTAPIPort">56223</parameter>
            <parameter key="winServiceIdentity">DEVTEST\SVC_DCSCORRES_PT</parameter>
            <parameter key="Level">PT</parameter>
            <parameter key="Domain">dcs.devtest.atohdtnet.gov.au</parameter>
            <parameter key="FileshareLevel">DT</parameter>
        </instance>
        <instance key="PFB1">
            <parameter key="Environment">PFB</parameter>
            <parameter key="CertificateSubject">*.dcs.preprod.atohppnet.gov.au</parameter>
            <parameter key="HangfireDatabase">Server=hangfireDatabase${Level}.${Domain},61301; Database=HangfireBAUServices${Environment}; Trusted_Connection=True; MultipleActiveResultSets=True;MultiSubnetFailover=True</parameter>
            <parameter key="RESTAPIPort">56302</parameter>
            <parameter key="winServiceIdentity">PREPRODHPPNET\SVC_DCSCORRES_PF</parameter>
            <parameter key="Level">PF</parameter>
            <parameter key="Domain">dcs.preprod.atohppnet.gov.au</parameter>
            <parameter key="FileshareLevel">PP</parameter>
        </instance>
        <instance key="PFB2">
            <parameter key="Environment">PFB</parameter>
            <parameter key="CertificateSubject">*.dcs.preprod.atohppnet.gov.au</parameter>
            <parameter key="HangfireDatabase">Server=hangfireDatabase${Level}.${Domain},61301; Database=HangfireBAUServices${Environment}; Trusted_Connection=True; MultipleActiveResultSets=True;MultiSubnetFailover=True</parameter>
            <parameter key="RESTAPIPort">56302</parameter>
            <parameter key="winServiceIdentity">PREPRODHPPNET\SVC_DCSCORRES_PF</parameter>
            <parameter key="Level">PF</parameter>
            <parameter key="Domain">dcs.preprod.atohppnet.gov.au</parameter>
            <parameter key="FileshareLevel">PP</parameter>
        </instance>
        <instance key="PFB3">
            <parameter key="Environment">PFB</parameter>
            <parameter key="CertificateSubject">*.dcs.preprod.atohppnet.gov.au</parameter>
            <parameter key="HangfireDatabase">Server=hangfireDatabase${Level}.${Domain},61301; Database=HangfireBAUServices${Environment}; Trusted_Connection=True; MultipleActiveResultSets=True;MultiSubnetFailover=True</parameter>
            <parameter key="RESTAPIPort">56302</parameter>
            <parameter key="winServiceIdentity">PREPRODHPPNET\SVC_DCSCORRES_PF</parameter>
            <parameter key="Level">PF</parameter>
            <parameter key="Domain">dcs.preprod.atohppnet.gov.au</parameter>
            <parameter key="FileshareLevel">PP</parameter>
        </instance>
        <instance key="PFE1">
            <parameter key="Environment">PFE</parameter>
            <parameter key="CertificateSubject">*.dcs.preprod.atohppnet.gov.au</parameter>
            <parameter key="HangfireDatabase">Server=hangfireDatabase${Level}.${Domain},61301; Database=HangfireBAUServices${Environment}; Trusted_Connection=True; MultipleActiveResultSets=True;MultiSubnetFailover=True</parameter>
            <parameter key="RESTAPIPort">56305</parameter>
            <parameter key="winServiceIdentity">PREPRODHPPNET\SVC_DCSCORRES_PF</parameter>
            <parameter key="Level">PF</parameter>
            <parameter key="Domain">dcs.preprod.atohppnet.gov.au</parameter>
            <parameter key="FileshareLevel">PP</parameter>
        </instance>
        <instance key="PFE2">
            <parameter key="Environment">PFE</parameter>
            <parameter key="CertificateSubject">*.dcs.preprod.atohppnet.gov.au</parameter>
            <parameter key="HangfireDatabase">Server=hangfireDatabase${Level}.${Domain},61301; Database=HangfireBAUServices${Environment}; Trusted_Connection=True; MultipleActiveResultSets=True;MultiSubnetFailover=True</parameter>
            <parameter key="RESTAPIPort">56305</parameter>
            <parameter key="winServiceIdentity">PREPRODHPPNET\SVC_DCSCORRES_PF</parameter>
            <parameter key="Level">PF</parameter>
            <parameter key="Domain">dcs.preprod.atohppnet.gov.au</parameter>
            <parameter key="FileshareLevel">PP</parameter>
        </instance>
        <instance key="PFE3">
            <parameter key="Environment">PFE</parameter>
            <parameter key="CertificateSubject">*.dcs.preprod.atohppnet.gov.au</parameter>
            <parameter key="HangfireDatabase">Server=hangfireDatabase${Level}.${Domain},61301; Database=HangfireBAUServices${Environment}; Trusted_Connection=True; MultipleActiveResultSets=True;MultiSubnetFailover=True</parameter>
            <parameter key="RESTAPIPort">56305</parameter>
            <parameter key="winServiceIdentity">PREPRODHPPNET\SVC_DCSCORRES_PF</parameter>
            <parameter key="Level">PF</parameter>
            <parameter key="Domain">dcs.preprod.atohppnet.gov.au</parameter>
            <parameter key="FileshareLevel">PP</parameter>
        </instance>
        <instance key="EFX1">
            <parameter key="Environment">EFX</parameter>
            <parameter key="CertificateSubject">*.dcs.preprod.atohppnet.gov.au</parameter>
            <parameter key="HangfireDatabase">Server=hangfireDatabase${Level}.${Domain},61301; Database=HangfireBAUServices${Environment}; Trusted_Connection=True; MultipleActiveResultSets=True;MultiSubnetFailover=True</parameter>
            <parameter key="RESTAPIPort">56424</parameter>
            <parameter key="winServiceIdentity">PREPRODHPPNET\SVC_DCSCORRES_EF</parameter>
            <parameter key="Level">EF</parameter>
            <parameter key="Domain">dcs.preprod.atohppnet.gov.au</parameter>
            <parameter key="FileshareLevel">PP</parameter>
            <parameter key="SiebelUseBatchSubmit">TRUE</parameter>
            <parameter key="CmdmUseBatchSubmit">TRUE</parameter>
        </instance>
        <instance key="EFX2">
            <parameter key="Environment">EFX</parameter>
            <parameter key="CertificateSubject">*.dcs.preprod.atohppnet.gov.au</parameter>
            <parameter key="HangfireDatabase">Server=hangfireDatabase${Level}.${Domain},61301; Database=HangfireBAUServices${Environment}; Trusted_Connection=True; MultipleActiveResultSets=True;MultiSubnetFailover=True</parameter>
            <parameter key="RESTAPIPort">56424</parameter>
            <parameter key="winServiceIdentity">PREPRODHPPNET\SVC_DCSCORRES_EF</parameter>
            <parameter key="Level">EF</parameter>
            <parameter key="Domain">dcs.preprod.atohppnet.gov.au</parameter>
            <parameter key="FileshareLevel">PP</parameter>
            <parameter key="SiebelUseBatchSubmit">TRUE</parameter>
            <parameter key="CmdmUseBatchSubmit">TRUE</parameter>
        </instance>
        <instance key="EFX3">
            <parameter key="Environment">EFX</parameter>
            <parameter key="CertificateSubject">*.dcs.preprod.atohppnet.gov.au</parameter>
            <parameter key="HangfireDatabase">Server=hangfireDatabase${Level}.${Domain},61301; Database=HangfireBAUServices${Environment}; Trusted_Connection=True; MultipleActiveResultSets=True;MultiSubnetFailover=True</parameter>
            <parameter key="RESTAPIPort">56424</parameter>
            <parameter key="winServiceIdentity">PREPRODHPPNET\SVC_DCSCORRES_EF</parameter>
            <parameter key="Level">EF</parameter>
            <parameter key="Domain">dcs.preprod.atohppnet.gov.au</parameter>
            <parameter key="FileshareLevel">PP</parameter>
            <parameter key="SiebelUseBatchSubmit">TRUE</parameter>
            <parameter key="CmdmUseBatchSubmit">TRUE</parameter>
        </instance>
        <instance key="UCC1">
            <parameter key="Environment">UCC</parameter>
            <parameter key="CertificateSubject">*.dcs.preprod.atohppnet.gov.au</parameter>
            <parameter key="HangfireDatabase">Server=hangfireDatabase${Level}.${Domain},61301; Database=HangfireBAUServices${Environment}; Trusted_Connection=True; MultipleActiveResultSets=True;MultiSubnetFailover=True</parameter>
            <parameter key="RESTAPIPort">56503</parameter>
            <parameter key="winServiceIdentity">PREPRODHPPNET\SVC_DCSCORRES_UA</parameter>
            <parameter key="Level">UA</parameter>
            <parameter key="Domain">dcs.preprod.atohppnet.gov.au</parameter>
            <parameter key="FileshareLevel">PP</parameter>
        </instance>
        <instance key="UCC2">
            <parameter key="Environment">UCC</parameter>
            <parameter key="CertificateSubject">*.dcs.preprod.atohppnet.gov.au</parameter>
            <parameter key="HangfireDatabase">Server=hangfireDatabase${Level}.${Domain},61301; Database=HangfireBAUServices${Environment}; Trusted_Connection=True; MultipleActiveResultSets=True;MultiSubnetFailover=True</parameter>
            <parameter key="RESTAPIPort">56503</parameter>
            <parameter key="winServiceIdentity">PREPRODHPPNET\SVC_DCSCORRES_UA</parameter>
            <parameter key="Level">UA</parameter>
            <parameter key="Domain">dcs.preprod.atohppnet.gov.au</parameter>
            <parameter key="FileshareLevel">PP</parameter>
        </instance>
        <instance key="UCC3">
            <parameter key="Environment">UCC</parameter>
            <parameter key="CertificateSubject">*.dcs.preprod.atohppnet.gov.au</parameter>
            <parameter key="HangfireDatabase">Server=hangfireDatabase${Level}.${Domain},61301; Database=HangfireBAUServices${Environment}; Trusted_Connection=True; MultipleActiveResultSets=True;MultiSubnetFailover=True</parameter>
            <parameter key="RESTAPIPort">56503</parameter>
            <parameter key="winServiceIdentity">PREPRODHPPNET\SVC_DCSCORRES_UA</parameter>
            <parameter key="Level">UA</parameter>
            <parameter key="Domain">dcs.preprod.atohppnet.gov.au</parameter>
            <parameter key="FileshareLevel">PP</parameter>
        </instance>
        <instance key="UCD1">
            <parameter key="Environment">UCD</parameter>
            <parameter key="CertificateSubject">*.dcs.preprod.atohppnet.gov.au</parameter>
            <parameter key="HangfireDatabase">Server=hangfireDatabase${Level}.${Domain},61301; Database=HangfireBAUServices${Environment}; Trusted_Connection=True; MultipleActiveResultSets=True;MultiSubnetFailover=True</parameter>
            <parameter key="RESTAPIPort">56504</parameter>
            <parameter key="winServiceIdentity">PREPRODHPPNET\SVC_DCSCORRES_UA</parameter>
            <parameter key="Level">UA</parameter>
            <parameter key="Domain">dcs.preprod.atohppnet.gov.au</parameter>
            <parameter key="FileshareLevel">PP</parameter>
        </instance>
        <instance key="UCD2">
            <parameter key="Environment">UCD</parameter>
            <parameter key="CertificateSubject">*.dcs.preprod.atohppnet.gov.au</parameter>
            <parameter key="HangfireDatabase">Server=hangfireDatabase${Level}.${Domain},61301; Database=HangfireBAUServices${Environment}; Trusted_Connection=True; MultipleActiveResultSets=True;MultiSubnetFailover=True</parameter>
            <parameter key="RESTAPIPort">56504</parameter>
            <parameter key="winServiceIdentity">PREPRODHPPNET\SVC_DCSCORRES_UA</parameter>
            <parameter key="Level">UA</parameter>
            <parameter key="Domain">dcs.preprod.atohppnet.gov.au</parameter>
            <parameter key="FileshareLevel">PP</parameter>
        </instance>
        <instance key="UCD3">
            <parameter key="Environment">UCD</parameter>
            <parameter key="CertificateSubject">*.dcs.preprod.atohppnet.gov.au</parameter>
            <parameter key="HangfireDatabase">Server=hangfireDatabase${Level}.${Domain},61301; Database=HangfireBAUServices${Environment}; Trusted_Connection=True; MultipleActiveResultSets=True;MultiSubnetFailover=True</parameter>
            <parameter key="RESTAPIPort">56504</parameter>
            <parameter key="winServiceIdentity">PREPRODHPPNET\SVC_DCSCORRES_UA</parameter>
            <parameter key="Level">UA</parameter>
            <parameter key="Domain">dcs.preprod.atohppnet.gov.au</parameter>
            <parameter key="FileshareLevel">PP</parameter>
        </instance>
        <instance key="UAB1">
            <parameter key="Environment">UAB</parameter>
            <parameter key="CertificateSubject">*.dcs.preprod.atohppnet.gov.au</parameter>
            <parameter key="HangfireDatabase">Server=hangfireDatabase${Level}.${Domain},61301; Database=HangfireBAUServices${Environment}; Trusted_Connection=True; MultipleActiveResultSets=True;MultiSubnetFailover=True</parameter>
            <parameter key="RESTAPIPort">56502</parameter>
            <parameter key="winServiceIdentity">PREPRODHPPNET\SVC_DCSCORRES_UA</parameter>
            <parameter key="Level">UA</parameter>
            <parameter key="Domain">dcs.preprod.atohppnet.gov.au</parameter>
            <parameter key="FileshareLevel">PP</parameter>
        </instance>
        <instance key="UAB2">
            <parameter key="Environment">UAB</parameter>
            <parameter key="CertificateSubject">*.dcs.preprod.atohppnet.gov.au</parameter>
            <parameter key="HangfireDatabase">Server=hangfireDatabase${Level}.${Domain},61301; Database=HangfireBAUServices${Environment}; Trusted_Connection=True; MultipleActiveResultSets=True;MultiSubnetFailover=True</parameter>
            <parameter key="RESTAPIPort">56502</parameter>
            <parameter key="winServiceIdentity">PREPRODHPPNET\SVC_DCSCORRES_UA</parameter>
            <parameter key="Level">UA</parameter>
            <parameter key="Domain">dcs.preprod.atohppnet.gov.au</parameter>
            <parameter key="FileshareLevel">PP</parameter>
        </instance>
        <instance key="UAB3">
            <parameter key="Environment">UAB</parameter>
            <parameter key="CertificateSubject">*.dcs.preprod.atohppnet.gov.au</parameter>
            <parameter key="HangfireDatabase">Server=hangfireDatabase${Level}.${Domain},61301; Database=HangfireBAUServices${Environment}; Trusted_Connection=True; MultipleActiveResultSets=True;MultiSubnetFailover=True</parameter>
            <parameter key="RESTAPIPort">56502</parameter>
            <parameter key="winServiceIdentity">PREPRODHPPNET\SVC_DCSCORRES_UA</parameter>
            <parameter key="Level">UA</parameter>
            <parameter key="Domain">dcs.preprod.atohppnet.gov.au</parameter>
            <parameter key="FileshareLevel">PP</parameter>
        </instance>
        <instance key="UAI1">
            <parameter key="Environment">UAI</parameter>
            <parameter key="CertificateSubject">*.dcs.preprod.atohppnet.gov.au</parameter>
            <parameter key="HangfireDatabase">Server=hangfireDatabase${Level}.${Domain},61301; Database=HangfireBAUServices${Environment}; Trusted_Connection=True; MultipleActiveResultSets=True;MultiSubnetFailover=True</parameter>
            <parameter key="RESTAPIPort">56509</parameter>
            <parameter key="winServiceIdentity">PREPRODHPPNET\SVC_DCSCORRES_UA</parameter>
            <parameter key="Level">UA</parameter>
            <parameter key="Domain">dcs.preprod.atohppnet.gov.au</parameter>
            <parameter key="FileshareLevel">PP</parameter>
        </instance>
        <instance key="UAI2">
            <parameter key="Environment">UAI</parameter>
            <parameter key="CertificateSubject">*.dcs.preprod.atohppnet.gov.au</parameter>
            <parameter key="HangfireDatabase">Server=hangfireDatabase${Level}.${Domain},61301; Database=HangfireBAUServices${Environment}; Trusted_Connection=True; MultipleActiveResultSets=True;MultiSubnetFailover=True</parameter>
            <parameter key="RESTAPIPort">56509</parameter>
            <parameter key="winServiceIdentity">PREPRODHPPNET\SVC_DCSCORRES_UA</parameter>
            <parameter key="Level">UA</parameter>
            <parameter key="Domain">dcs.preprod.atohppnet.gov.au</parameter>
            <parameter key="FileshareLevel">PP</parameter>
        </instance>
        <instance key="UAI3">
            <parameter key="Environment">UAI</parameter>
            <parameter key="CertificateSubject">*.dcs.preprod.atohppnet.gov.au</parameter>
            <parameter key="HangfireDatabase">Server=hangfireDatabase${Level}.${Domain},61301; Database=HangfireBAUServices${Environment}; Trusted_Connection=True; MultipleActiveResultSets=True;MultiSubnetFailover=True</parameter>
            <parameter key="RESTAPIPort">56509</parameter>
            <parameter key="winServiceIdentity">PREPRODHPPNET\SVC_DCSCORRES_UA</parameter>
            <parameter key="Level">UA</parameter>
            <parameter key="Domain">dcs.preprod.atohppnet.gov.au</parameter>
            <parameter key="FileshareLevel">PP</parameter>
        </instance>
        <instance key="UAK1">
            <parameter key="Environment">UAK</parameter>
            <parameter key="CertificateSubject">*.dcs.preprod.atohppnet.gov.au</parameter>
            <parameter key="HangfireDatabase">Server=hangfireDatabase${Level}.${Domain},61301; Database=HangfireBAUServices${Environment}; Trusted_Connection=True; MultipleActiveResultSets=True;MultiSubnetFailover=True</parameter>
            <parameter key="RESTAPIPort">56511</parameter>
            <parameter key="winServiceIdentity">PREPRODHPPNET\SVC_DCSCORRES_UA</parameter>
            <parameter key="Level">UA</parameter>
            <parameter key="Domain">dcs.preprod.atohppnet.gov.au</parameter>
            <parameter key="FileshareLevel">PP</parameter>
        </instance>
        <instance key="UAK2">
            <parameter key="Environment">UAK</parameter>
            <parameter key="CertificateSubject">*.dcs.preprod.atohppnet.gov.au</parameter>
            <parameter key="HangfireDatabase">Server=hangfireDatabase${Level}.${Domain},61301; Database=HangfireBAUServices${Environment}; Trusted_Connection=True; MultipleActiveResultSets=True;MultiSubnetFailover=True</parameter>
            <parameter key="RESTAPIPort">56511</parameter>
            <parameter key="winServiceIdentity">PREPRODHPPNET\SVC_DCSCORRES_UA</parameter>
            <parameter key="Level">UA</parameter>
            <parameter key="Domain">dcs.preprod.atohppnet.gov.au</parameter>
            <parameter key="FileshareLevel">PP</parameter>
        </instance>
        <instance key="UAK3">
            <parameter key="Environment">UAK</parameter>
            <parameter key="CertificateSubject">*.dcs.preprod.atohppnet.gov.au</parameter>
            <parameter key="HangfireDatabase">Server=hangfireDatabase${Level}.${Domain},61301; Database=HangfireBAUServices${Environment}; Trusted_Connection=True; MultipleActiveResultSets=True;MultiSubnetFailover=True</parameter>
            <parameter key="RESTAPIPort">56511</parameter>
            <parameter key="winServiceIdentity">PREPRODHPPNET\SVC_DCSCORRES_UA</parameter>
            <parameter key="Level">UA</parameter>
            <parameter key="Domain">dcs.preprod.atohppnet.gov.au</parameter>
            <parameter key="FileshareLevel">PP</parameter>
        </instance>
        <instance key="PRD1">
            <parameter key="Environment">PRD</parameter>
            <parameter key="CertificateSubject">*.dcs.prod.atohnet.gov.au</parameter>
            <parameter key="HangfireDatabase">Server=hangfireDatabasePR.dcs.prod.atohnet.gov.au,61301; Database=HangfireBAUServicesPRD; Trusted_Connection=True; MultipleActiveResultSets=True;MultiSubnetFailover=True;</parameter>
            <parameter key="RESTAPIPort">56604</parameter>
            <parameter key="winServiceIdentity">PRODHNET\SVC_DCSCORRES_PR</parameter>
            <parameter key="Level">PR</parameter>
            <parameter key="Domain">dcs.prod.atohnet.gov.au</parameter>
            <parameter key="FileshareLevel">PR</parameter>
            <parameter key="SiebelUseBatchSubmit">TRUE</parameter>
            <parameter key="CmdmUseBatchSubmit">TRUE</parameter>
        </instance>
        <instance key="PRD2">
            <parameter key="Environment">PRD</parameter>
            <parameter key="CertificateSubject">*.dcs.prod.atohnet.gov.au</parameter>
            <parameter key="HangfireDatabase">Server=hangfireDatabasePR.dcs.prod.atohnet.gov.au,61301; Database=HangfireBAUServicesPRD; Trusted_Connection=True; MultipleActiveResultSets=True;MultiSubnetFailover=True;</parameter>
            <parameter key="RESTAPIPort">56604</parameter>
            <parameter key="winServiceIdentity">PRODHNET\SVC_DCSCORRES_PR</parameter>
            <parameter key="Level">PR</parameter>
            <parameter key="Domain">dcs.prod.atohnet.gov.au</parameter>
            <parameter key="FileshareLevel">PR</parameter>
            <parameter key="SiebelUseBatchSubmit">TRUE</parameter>
            <parameter key="CmdmUseBatchSubmit">TRUE</parameter>
        </instance>
        <instance key="PRD3">
            <parameter key="Environment">PRD</parameter>
            <parameter key="CertificateSubject">*.dcs.prod.atohnet.gov.au</parameter>
            <parameter key="HangfireDatabase">Server=hangfireDatabasePR.dcs.prod.atohnet.gov.au,61301; Database=HangfireBAUServicesPRD; Trusted_Connection=True; MultipleActiveResultSets=True;MultiSubnetFailover=True;</parameter>
            <parameter key="RESTAPIPort">56604</parameter>
            <parameter key="winServiceIdentity">PRODHNET\SVC_DCSCORRES_PR</parameter>
            <parameter key="Level">PR</parameter>
            <parameter key="Domain">dcs.prod.atohnet.gov.au</parameter>
            <parameter key="FileshareLevel">PR</parameter>
            <parameter key="SiebelUseBatchSubmit">TRUE</parameter>
            <parameter key="CmdmUseBatchSubmit">TRUE</parameter>
        </instance>
    </environment>
</environments>
