<?xml version="1.0" encoding="utf-8"?>
<!-- ******************************************************* -->
<!-- !!!!! NEVER UPDATE THIS ENVIRONMENT FILE DIRECTLY !!!!! -->
<!--                                                         -->
<!-- ALWAYS use the Excel environment file editor to update  -->
<!-- and then generate the environment file.                 -->
<!-- ******************************************************* -->
<environments applicationName="PortalChannelDelivery" roleName="PortalChannelDelivery=WebApp" securityCode="4950">
    <environment key="Level 1 - Dev - Dev" remoteDeploymentGroupName="" remoteDeploymentServers="">
        <group key="Application parameter">
            <parameter key="Environment">DEV</parameter>
            <parameter key="WSCURL"></parameter>
            <parameter key="Debug">true</parameter>
            <parameter key="serverbindings"></parameter>
            <parameter key="WAMUserName">ATOTNETPRDCT\ServiceCorAT</parameter>
            <parameter key="PsiDeploymentStatusEmailAddress">DCRTEnvironments2@ato.gov.au</parameter>
            <parameter key="EnableRedirect">false</parameter>
            <parameter key="RedirectSubstring">http://interviewDEV.product.atotnet.gov.au:8080/PortalChannelDeliveryUI</parameter>
            <parameter key="RedirectReplacement">https://portalchanneldeliveryuidev.dcs.devtest.atohdtnet.gov.au/portalchanneldeliveryui.dev</parameter>
        </group>
        <group key="Queue parameter">
            <parameter key="QueueManager">LOCAL</parameter>
            <parameter key="ChannelName"></parameter>
            <parameter key="CCDTSourcePath">${InstallDrive}\EAI\CCDT</parameter>
            <parameter key="CCDTFile">${Environment}.OUT.TAB</parameter>
            <parameter key="MQSeries.hostName"></parameter>
            <parameter key="MQSeries.port"></parameter>
            <parameter key="MQSeries.isServer">TRUE</parameter>
            <parameter key="MQServer.Channel.Cleanup">TRUE</parameter>
        </group>
    </environment>
    <environment key="Level 2 - OBOAWEB00001DEH - DevH" remoteDeploymentGroupName="" remoteDeploymentServers="">
        <group key="Application parameter">
            <parameter key="Environment">DEVH</parameter>
            <parameter key="WSCURL">http://wscdevh.product.atotnet.gov.au/WSCWebService/Application.asmx</parameter>
            <parameter key="Debug">false</parameter>
            <parameter key="serverbindings">10.192.32.160:8080:</parameter>
            <parameter key="WAMUserName">ATOTNETPRDCT\ServiceCorAT</parameter>
            <parameter key="PsiDeploymentStatusEmailAddress">DCRTEnvironments2@ato.gov.au</parameter>
            <parameter key="EnableRedirect">false</parameter>
            <parameter key="RedirectSubstring">http://interviewDEVH.product.atotnet.gov.au:8080/PortalChannelDeliveryUI</parameter>
            <parameter key="RedirectReplacement">https://portalchanneldeliveryuideh.dcs.devtest.atohdtnet.gov.au/portalchanneldeliveryui.deh</parameter>
        </group>
        <group key="Queue parameter">
            <parameter key="QueueManager">CGS_1_01</parameter>
            <parameter key="ChannelName">OUT.CGS01</parameter>
            <parameter key="CCDTSourcePath">${InstallDrive}\EAI\CCDT</parameter>
            <parameter key="CCDTFile">${Environment}.OUT.TAB</parameter>
            <parameter key="MQSeries.hostName">10.192.57.216</parameter>
            <parameter key="MQSeries.port">1417</parameter>
            <parameter key="MQSeries.isServer">FALSE</parameter>
            <parameter key="MQServer.Channel.Cleanup">FALSE</parameter>
        </group>
    </environment>
    <environment key="Level 2 - OBOAWEB00001DEI - DevI" remoteDeploymentGroupName="" remoteDeploymentServers="">
        <group key="Application parameter">
            <parameter key="Environment">DEVI</parameter>
            <parameter key="WSCURL">http://wscdevi.product.atotnet.gov.au/WSCWebService/Application.asmx</parameter>
            <parameter key="Debug">false</parameter>
            <parameter key="serverbindings">10.192.112.253:8080:</parameter>
            <parameter key="WAMUserName">ATOTNETPRDCT\ServiceCorAT</parameter>
            <parameter key="PsiDeploymentStatusEmailAddress">DCRTEnvironments2@ato.gov.au</parameter>
            <parameter key="EnableRedirect">false</parameter>
            <parameter key="RedirectSubstring">http://interviewdevi.product.atotnet.gov.au:8080/PortalChannelDeliveryUI</parameter>
            <parameter key="RedirectReplacement">https://portalchanneldeliveryuidei.dcs.devtest.atohdtnet.gov.au/portalchanneldeliveryui.dei</parameter>
        </group>
        <group key="Queue parameter">
            <parameter key="QueueManager">CGS_A_01</parameter>
            <parameter key="ChannelName">OUT.CGS01</parameter>
            <parameter key="CCDTSourcePath">${InstallDrive}\EAI\CCDT</parameter>
            <parameter key="CCDTFile">${Environment}.OUT.TAB</parameter>
            <parameter key="MQSeries.hostName">10.192.57.216</parameter>
            <parameter key="MQSeries.port">1415</parameter>
            <parameter key="MQSeries.isServer">FALSE</parameter>
            <parameter key="MQServer.Channel.Cleanup">FALSE</parameter>
        </group>
    </environment>
    <environment key="Level 2 - OUTBWEB00001DEA - DEA" remoteDeploymentGroupName="" remoteDeploymentServers="">
        <group key="Application parameter">
            <parameter key="Environment">DEA</parameter>
            <parameter key="WSCURL">http://wscdea.product.atotnet.gov.au/WSCWebService/Application.asmx</parameter>
            <parameter key="Debug">false</parameter>
            <parameter key="serverbindings">10.195.108.14:8080:</parameter>
            <parameter key="WAMUserName">ATOTNETPRDCT\ServiceCorAT</parameter>
            <parameter key="PsiDeploymentStatusEmailAddress">DCRTEnvironments2@ato.gov.au</parameter>
            <parameter key="EnableRedirect">false</parameter>
            <parameter key="RedirectSubstring">http://interviewdeva.product.atotnet.gov.au:8080/PortalChannelDeliveryUI</parameter>
            <parameter key="RedirectReplacement">https://portalchanneldeliveryuidea.dcs.devtest.atohdtnet.gov.au/portalchanneldeliveryui.dea</parameter>
        </group>
        <group key="Queue parameter">
            <parameter key="QueueManager">CGS_1A01</parameter>
            <parameter key="ChannelName">OUT.CGS01</parameter>
            <parameter key="CCDTSourcePath">${InstallDrive}\EAI\CCDT</parameter>
            <parameter key="CCDTFile">${Environment}.OUT.TAB</parameter>
            <parameter key="MQSeries.hostName">10.195.108.51</parameter>
            <parameter key="MQSeries.port">1414</parameter>
            <parameter key="MQSeries.isServer">FALSE</parameter>
            <parameter key="MQServer.Channel.Cleanup">FALSE</parameter>
        </group>
    </environment>
    <environment key="Level 2 - OUTBWEB00001DEB - DEB" remoteDeploymentGroupName="" remoteDeploymentServers="">
        <group key="Application parameter">
            <parameter key="Environment">DEB</parameter>
            <parameter key="WSCURL">http://wscdeb.product.atotnet.gov.au/WSCWebService/Application.asmx</parameter>
            <parameter key="Debug">false</parameter>
            <parameter key="serverbindings">10.195.104.183:8080:</parameter>
            <parameter key="WAMUserName">ATOTNETPRDCT\ServiceCorAT</parameter>
            <parameter key="PsiDeploymentStatusEmailAddress">DCRTEnvironments2@ato.gov.au</parameter>
            <parameter key="EnableRedirect">false</parameter>
            <parameter key="RedirectSubstring">http://interviewdevb.product.atotnet.gov.au:8080/PortalChannelDeliveryUI</parameter>
            <parameter key="RedirectReplacement">https://portalchanneldeliveryuideb.dcs.devtest.atohdtnet.gov.au/portalchanneldeliveryui.deb</parameter>
        </group>
        <group key="Queue parameter">
            <parameter key="QueueManager">CGS_1B01</parameter>
            <parameter key="ChannelName">OUT.CGS01</parameter>
            <parameter key="CCDTSourcePath">${InstallDrive}\EAI\CCDT</parameter>
            <parameter key="CCDTFile">${Environment}.OUT.TAB</parameter>
            <parameter key="MQSeries.hostName">10.195.104.171</parameter>
            <parameter key="MQSeries.port">1414</parameter>
            <parameter key="MQSeries.isServer">FALSE</parameter>
            <parameter key="MQServer.Channel.Cleanup">FALSE</parameter>
        </group>
    </environment>
    <environment key="Level 2 - OUTBWEB00001DEM - DEM" remoteDeploymentGroupName="" remoteDeploymentServers="">
        <group key="Application parameter">
            <parameter key="Environment">DEM</parameter>
            <parameter key="WSCURL">http://wscdem.product.atotnet.gov.au/WSCWebService/Application.asmx</parameter>
            <parameter key="Debug">false</parameter>
            <parameter key="serverbindings">10.195.104.236:8080:</parameter>
            <parameter key="WAMUserName">ATOTNETPRDCT\ServiceCorAT</parameter>
            <parameter key="PsiDeploymentStatusEmailAddress">DCRTEnvironments2@ato.gov.au</parameter>
            <parameter key="EnableRedirect">false</parameter>
            <parameter key="RedirectSubstring">http://interviewdevm.product.atotnet.gov.au:8080/PortalChannelDeliveryUI</parameter>
            <parameter key="RedirectReplacement">https://portalchanneldeliveryuidem.dcs.devtest.atohdtnet.gov.au/portalchanneldeliveryui.dem</parameter>
        </group>
        <group key="Queue parameter">
            <parameter key="QueueManager">CGS_1R01</parameter>
            <parameter key="ChannelName">OUT.CGS01</parameter>
            <parameter key="CCDTSourcePath">${InstallDrive}\EAI\CCDT</parameter>
            <parameter key="CCDTFile">${Environment}.OUT.TAB</parameter>
            <parameter key="MQSeries.hostName">10.195.104.222</parameter>
            <parameter key="MQSeries.port">1414</parameter>
            <parameter key="MQSeries.isServer">FALSE</parameter>
            <parameter key="MQServer.Channel.Cleanup">FALSE</parameter>
        </group>
    </environment>
    <environment key="Level 2 - OBUIWEB00001DEG - DevG" remoteDeploymentGroupName="" remoteDeploymentServers="">
        <group key="Application parameter">
            <parameter key="Environment">DevG</parameter>
            <parameter key="WSCURL">http://wscdevk.product.atotnet.gov.au/WSCWebService/Application.asmx</parameter>
            <parameter key="Debug">false</parameter>
            <parameter key="serverbindings">10.192.54.95:8080:</parameter>
            <parameter key="WAMUserName">ATOTNETPRDCT\ServiceCorAT</parameter>
            <parameter key="PsiDeploymentStatusEmailAddress">DCRTEnvironments2@ato.gov.au</parameter>
            <parameter key="EnableRedirect">false</parameter>
            <parameter key="RedirectSubstring">http://interviewdevg.product.atotnet.gov.au:8080/PortalChannelDeliveryUI</parameter>
            <parameter key="RedirectReplacement">https://portalchanneldeliveryuideg.dcs.devtest.atohdtnet.gov.au/portalchanneldeliveryui.deg</parameter>
        </group>
        <group key="Queue parameter">
            <parameter key="QueueManager">CGS_1N01</parameter>
            <parameter key="ChannelName">OUT.CGS01</parameter>
            <parameter key="CCDTSourcePath">${InstallDrive}\EAI\CCDT</parameter>
            <parameter key="CCDTFile">${Environment}.OUT.TAB</parameter>
            <parameter key="MQSeries.hostName">10.7.141.149</parameter>
            <parameter key="MQSeries.port">1416</parameter>
            <parameter key="MQSeries.isServer">FALSE</parameter>
            <parameter key="MQServer.Channel.Cleanup">FALSE</parameter>
        </group>
    </environment>
    <environment key="Level 2 - XSUPWEBZ0041AT - DevK" remoteDeploymentGroupName="" remoteDeploymentServers="">
        <group key="Application parameter">
            <parameter key="Environment">DevK</parameter>
            <parameter key="WSCURL">http://wscdevk.product.atotnet.gov.au/WSCWebService/Application.asmx</parameter>
            <parameter key="Debug">false</parameter>
            <parameter key="serverbindings">10.194.65.228:8080:</parameter>
            <parameter key="WAMUserName">ATOTNETPRDCT\ServiceCorAT</parameter>
            <parameter key="PsiDeploymentStatusEmailAddress">DCRTEnvironments2@ato.gov.au</parameter>
            <parameter key="EnableRedirect">false</parameter>
            <parameter key="RedirectSubstring">http://interviewdevk.product.atotnet.gov.au:8080/PortalChannelDeliveryUI</parameter>
            <parameter key="RedirectReplacement">https://portalchanneldeliveryuidek.dcs.devtest.atohdtnet.gov.au/portalchanneldeliveryui.dek</parameter>
        </group>
        <group key="Queue parameter">
            <parameter key="QueueManager">CGS_T_01</parameter>
            <parameter key="ChannelName">OUT.CGS01</parameter>
            <parameter key="CCDTSourcePath">${InstallDrive}\EAI\CCDT</parameter>
            <parameter key="CCDTFile">${Environment}.OUT.TAB</parameter>
            <parameter key="MQSeries.hostName">10.192.57.216</parameter>
            <parameter key="MQSeries.port">1414</parameter>
            <parameter key="MQSeries.isServer">FALSE</parameter>
            <parameter key="MQServer.Channel.Cleanup">FALSE</parameter>
        </group>
    </environment>
    <environment key="Level 2 - OUTBWEB00001DEP - DevP" remoteDeploymentGroupName="" remoteDeploymentServers="">
        <group key="Application parameter">
            <parameter key="Environment">DevP</parameter>
            <parameter key="WSCURL">http://wscdevp.product.atotnet.gov.au/WSCWebService/Application.asmx</parameter>
            <parameter key="Debug">false</parameter>
            <parameter key="serverbindings">10.192.124.77:8080:</parameter>
            <parameter key="WAMUserName">ATOTNETPRDCT\ServiceCorAT</parameter>
            <parameter key="PsiDeploymentStatusEmailAddress">DCRTEnvironments2@ato.gov.au</parameter>
            <parameter key="EnableRedirect">false</parameter>
            <parameter key="RedirectSubstring">http://interviewdevp.product.atotnet.gov.au:8080/PortalChannelDeliveryUI</parameter>
            <parameter key="RedirectReplacement">https://portalchanneldeliveryuidep.dcs.devtest.atohdtnet.gov.au/portalchanneldeliveryui.dep</parameter>
        </group>
        <group key="Queue parameter">
            <parameter key="QueueManager">CGS_7_01</parameter>
            <parameter key="ChannelName">OUT.CGS01</parameter>
            <parameter key="CCDTSourcePath">${InstallDrive}\EAI\CCDT</parameter>
            <parameter key="CCDTFile">${Environment}.OUT.TAB</parameter>
            <parameter key="MQSeries.hostName">10.7.141.149</parameter>
            <parameter key="MQSeries.port">1414</parameter>
            <parameter key="MQSeries.isServer">FALSE</parameter>
            <parameter key="MQServer.Channel.Cleanup">FALSE</parameter>
        </group>
    </environment>
    <environment key="Level 2 - OBOAWEB00002DEQ - DevQ" remoteDeploymentGroupName="" remoteDeploymentServers="">
        <group key="Application parameter">
            <parameter key="Environment">DevQ</parameter>
            <parameter key="WSCURL">http://wscdevq.product.atotnet.gov.au/WSCWebService/Application.asmx</parameter>
            <parameter key="Debug">false</parameter>
            <parameter key="serverbindings">10.192.116.99:8080:</parameter>
            <parameter key="WAMUserName">ATOTNETPRDCT\ServiceCorAT</parameter>
            <parameter key="PsiDeploymentStatusEmailAddress">DCRTEnvironments2@ato.gov.au</parameter>
            <parameter key="EnableRedirect">false</parameter>
            <parameter key="RedirectSubstring">http://interviewdevq.product.atotnet.gov.au:8080/PortalChannelDeliveryUI</parameter>
            <parameter key="RedirectReplacement">https://portalchanneldeliveryuideq.dcs.devtest.atohdtnet.gov.au/portalchanneldeliveryui.deq</parameter>
        </group>
        <group key="Queue parameter">
            <parameter key="QueueManager">CGS_4_01</parameter>
            <parameter key="ChannelName">OUT.CGS01</parameter>
            <parameter key="CCDTSourcePath">${InstallDrive}\EAI\CCDT</parameter>
            <parameter key="CCDTFile">${Environment}.OUT.TAB</parameter>
            <parameter key="MQSeries.hostName">10.7.141.149</parameter>
            <parameter key="MQSeries.port">1414</parameter>
            <parameter key="MQSeries.isServer">FALSE</parameter>
            <parameter key="MQServer.Channel.Cleanup">FALSE</parameter>
        </group>
    </environment>
    <environment key="Level 2 - OBOAWEB00002DEW - DevW" remoteDeploymentGroupName="" remoteDeploymentServers="">
        <group key="Application parameter">
            <parameter key="Environment">DevW</parameter>
            <parameter key="WSCURL">http://wscdevw.product.atotnet.gov.au/WSCWebService/Application.asmx</parameter>
            <parameter key="Debug">false</parameter>
            <parameter key="serverbindings">10.192.127.242:8080:</parameter>
            <parameter key="WAMUserName">ATOTNETPRDCT\ServiceCorAT</parameter>
            <parameter key="PsiDeploymentStatusEmailAddress">DCRTEnvironments2@ato.gov.au</parameter>
            <parameter key="EnableRedirect">false</parameter>
            <parameter key="RedirectSubstring">http://interviewdevw.product.atotnet.gov.au:8080/PortalChannelDeliveryUI</parameter>
            <parameter key="RedirectReplacement">https://portalchanneldeliveryuidew.dcs.devtest.atohdtnet.gov.au/portalchanneldeliveryui.dew</parameter>
        </group>
        <group key="Queue parameter">
            <parameter key="QueueManager">CGS_1L01</parameter>
            <parameter key="ChannelName">OUT.CGS01</parameter>
            <parameter key="CCDTSourcePath">${InstallDrive}\EAI\CCDT</parameter>
            <parameter key="CCDTFile">${Environment}.OUT.TAB</parameter>
            <parameter key="MQSeries.hostName">10.192.57.216</parameter>
            <parameter key="MQSeries.port">1414</parameter>
            <parameter key="MQSeries.isServer">FALSE</parameter>
            <parameter key="MQServer.Channel.Cleanup">FALSE</parameter>
        </group>
    </environment>
    <environment key="Level 2 - OBUIWEB00001ATG - ATG" remoteDeploymentGroupName="" remoteDeploymentServers="">
        <group key="Application parameter">
            <parameter key="Environment">ATG</parameter>
            <parameter key="WSCURL">http://wscatg.product.atotnet.gov.au/WSCWebService/Application.asmx</parameter>
            <parameter key="Debug">false</parameter>
            <parameter key="serverbindings">10.192.13.247:8080:</parameter>
            <parameter key="WAMUserName">ATOTNETPRDCT\ServiceCores</parameter>
            <parameter key="PsiDeploymentStatusEmailAddress">DCRTEnvironments2@ato.gov.au</parameter>
            <parameter key="EnableRedirect">false</parameter>
            <parameter key="RedirectSubstring">http://interviewatg.product.atotnet.gov.au:8080/PortalChannelDeliveryUI</parameter>
            <parameter key="RedirectReplacement">https://portalchanneldeliveryuiatg.dcs.devtest.atohdtnet.gov.au/portalchanneldeliveryui.atg</parameter>
        </group>
        <group key="Queue parameter">
            <parameter key="QueueManager">CGS_2N01</parameter>
            <parameter key="ChannelName">OUT.CGS01</parameter>
            <parameter key="CCDTSourcePath">${InstallDrive}\EAI\CCDT</parameter>
            <parameter key="CCDTFile">${Environment}.OUT.TAB</parameter>
            <parameter key="MQSeries.hostName">10.192.46.36</parameter>
            <parameter key="MQSeries.port">1417</parameter>
            <parameter key="MQSeries.isServer">FALSE</parameter>
            <parameter key="MQServer.Channel.Cleanup">FALSE</parameter>
        </group>
    </environment>
    <environment key="Level 2 - OBOAWEB00001ATH - ATH" remoteDeploymentGroupName="" remoteDeploymentServers="">
        <group key="Application parameter">
            <parameter key="Environment">ATH</parameter>
            <parameter key="WSCURL">http://wscath.product.atotnet.gov.au/WSCWebService/Application.asmx</parameter>
            <parameter key="Debug">false</parameter>
            <parameter key="serverbindings">10.192.26.25:8080:</parameter>
            <parameter key="WAMUserName">ATOTNETPRDCT\ServiceCores</parameter>
            <parameter key="PsiDeploymentStatusEmailAddress">DCRTEnvironments2@ato.gov.au</parameter>
            <parameter key="EnableRedirect">false</parameter>
            <parameter key="RedirectSubstring">http://interviewath.product.atotnet.gov.au:8080/PortalChannelDeliveryUI</parameter>
            <parameter key="RedirectReplacement">https://portalchanneldeliveryuiath.dcs.devtest.atohdtnet.gov.au/portalchanneldeliveryui.ath</parameter>
        </group>
        <group key="Queue parameter">
            <parameter key="QueueManager">CGS_E_01</parameter>
            <parameter key="ChannelName">OUT.CGS01</parameter>
            <parameter key="CCDTSourcePath">${InstallDrive}\EAI\CCDT</parameter>
            <parameter key="CCDTFile">${Environment}.OUT.TAB</parameter>
            <parameter key="MQSeries.hostName">10.192.46.36</parameter>
            <parameter key="MQSeries.port">1416</parameter>
            <parameter key="MQSeries.isServer">FALSE</parameter>
            <parameter key="MQServer.Channel.Cleanup">FALSE</parameter>
        </group>
    </environment>
    <environment key="Level 2 - OBOAWEB00001ATJ - ATJ" remoteDeploymentGroupName="" remoteDeploymentServers="">
        <group key="Application parameter">
            <parameter key="Environment">ATJ</parameter>
            <parameter key="WSCURL">http://wscatj.product.atotnet.gov.au/WSCWebService/Application.asmx</parameter>
            <parameter key="Debug">false</parameter>
            <parameter key="serverbindings">10.192.27.238:8080:</parameter>
            <parameter key="WAMUserName">ATOTNETPRDCT\ServiceCores</parameter>
            <parameter key="PsiDeploymentStatusEmailAddress">DCRTEnvironments2@ato.gov.au</parameter>
            <parameter key="EnableRedirect">false</parameter>
            <parameter key="RedirectSubstring">http://interviewatj.product.atotnet.gov.au:8080/PortalChannelDeliveryUI</parameter>
            <parameter key="RedirectReplacement">https://portalchanneldeliveryuiatj.dcs.devtest.atohdtnet.gov.au/portalchanneldeliveryui.atj</parameter>
        </group>
        <group key="Queue parameter">
            <parameter key="QueueManager">CGS_3_01</parameter>
            <parameter key="ChannelName">OUT.CGS01</parameter>
            <parameter key="CCDTSourcePath">${InstallDrive}\EAI\CCDT</parameter>
            <parameter key="CCDTFile">${Environment}.OUT.TAB</parameter>
            <parameter key="MQSeries.hostName">10.7.141.151</parameter>
            <parameter key="MQSeries.port">1415</parameter>
            <parameter key="MQSeries.isServer">FALSE</parameter>
            <parameter key="MQServer.Channel.Cleanup">FALSE</parameter>
        </group>
    </environment>
    <environment key="Level 2 - XSUPWEBZ0035at - ATL" remoteDeploymentGroupName="" remoteDeploymentServers="">
        <group key="Application parameter">
            <parameter key="Environment">ATL</parameter>
            <parameter key="WSCURL">http://wscatl.product.atotnet.gov.au/WSCWebService/Application.asmx</parameter>
            <parameter key="Debug">false</parameter>
            <parameter key="serverbindings">10.194.65.250:8080:</parameter>
            <parameter key="WAMUserName">ATOTNETPRDCT\ServiceCores</parameter>
            <parameter key="PsiDeploymentStatusEmailAddress">DCRTEnvironments2@ato.gov.au</parameter>
            <parameter key="EnableRedirect">false</parameter>
            <parameter key="RedirectSubstring">http://interviewatl.product.atotnet.gov.au:8080/PortalChannelDeliveryUI</parameter>
            <parameter key="RedirectReplacement">https://portalchanneldeliveryuiatl.dcs.devtest.atohdtnet.gov.au/portalchanneldeliveryui.atl</parameter>
        </group>
        <group key="Queue parameter">
            <parameter key="QueueManager">CGS_I_01</parameter>
            <parameter key="ChannelName">OUT.CGS01</parameter>
            <parameter key="CCDTSourcePath">${InstallDrive}\EAI\CCDT</parameter>
            <parameter key="CCDTFile">${Environment}.OUT.TAB</parameter>
            <parameter key="MQSeries.hostName">10.192.46.36</parameter>
            <parameter key="MQSeries.port">1414</parameter>
            <parameter key="MQSeries.isServer">FALSE</parameter>
            <parameter key="MQServer.Channel.Cleanup">FALSE</parameter>
        </group>
    </environment>
    <environment key="Level 2 - OBOAWEB00001ATN - ATN" remoteDeploymentGroupName="" remoteDeploymentServers="">
        <group key="Application parameter">
            <parameter key="Environment">ATN</parameter>
            <parameter key="WSCURL">http://wscatn.product.atotnet.gov.au/WSCWebService/Application.asmx</parameter>
            <parameter key="Debug">false</parameter>
            <parameter key="serverbindings">10.192.99.152:8080:</parameter>
            <parameter key="WAMUserName">ATOTNETPRDCT\ServiceCores</parameter>
            <parameter key="PsiDeploymentStatusEmailAddress">DCRTEnvironments2@ato.gov.au</parameter>
            <parameter key="EnableRedirect">false</parameter>
            <parameter key="RedirectSubstring">http://interviewatn.product.atotnet.gov.au:8080/PortalChannelDeliveryUI</parameter>
            <parameter key="RedirectReplacement">https://portalchanneldeliveryuiatn.dcs.devtest.atohdtnet.gov.au/portalchanneldeliveryui.atn</parameter>
        </group>
        <group key="Queue parameter">
            <parameter key="QueueManager">CGS_K_01</parameter>
            <parameter key="ChannelName">OUT.CGS01</parameter>
            <parameter key="CCDTSourcePath">${InstallDrive}\EAI\CCDT</parameter>
            <parameter key="CCDTFile">${Environment}.OUT.TAB</parameter>
            <parameter key="MQSeries.hostName">10.192.46.36</parameter>
            <parameter key="MQSeries.port">1415</parameter>
            <parameter key="MQSeries.isServer">FALSE</parameter>
            <parameter key="MQServer.Channel.Cleanup">FALSE</parameter>
        </group>
    </environment>
    <environment key="Level 2 - OUTBWEB00001ATW - ATW" remoteDeploymentGroupName="" remoteDeploymentServers="">
        <group key="Application parameter">
            <parameter key="Environment">ATW</parameter>
            <parameter key="WSCURL">http://wscatw.product.atotnet.gov.au/WSCWebService/Application.asmx</parameter>
            <parameter key="Debug">false</parameter>
            <parameter key="serverbindings">10.192.9.2:8080:</parameter>
            <parameter key="WAMUserName">ATOTNETPRDCT\ServiceCores</parameter>
            <parameter key="PsiDeploymentStatusEmailAddress">DCRTEnvironments2@ato.gov.au</parameter>
            <parameter key="EnableRedirect">false</parameter>
            <parameter key="RedirectSubstring">http://interviewatw.product.atotnet.gov.au:8080/PortalChannelDeliveryUI</parameter>
            <parameter key="RedirectReplacement">https://portalchanneldeliveryuiatw.dcs.devtest.atohdtnet.gov.au/portalchanneldeliveryui.atw</parameter>
        </group>
        <group key="Queue parameter">
            <parameter key="QueueManager">CGS_2C01</parameter>
            <parameter key="ChannelName">OUT.CGS01</parameter>
            <parameter key="CCDTSourcePath">${InstallDrive}\EAI\CCDT</parameter>
            <parameter key="CCDTFile">${Environment}.OUT.TAB</parameter>
            <parameter key="MQSeries.hostName">10.192.63.108</parameter>
            <parameter key="MQSeries.port">1414</parameter>
            <parameter key="MQSeries.isServer">FALSE</parameter>
            <parameter key="MQServer.Channel.Cleanup">FALSE</parameter>
        </group>
    </environment>
    <environment key="Level 2 - OUTBWEB00001ATA - ATA" remoteDeploymentGroupName="" remoteDeploymentServers="">
        <group key="Application parameter">
            <parameter key="Environment">ATA</parameter>
            <parameter key="WSCURL">http://wscata.product.atotnet.gov.au/WSCWebService/Application.asmx</parameter>
            <parameter key="Debug">false</parameter>
            <parameter key="serverbindings">10.195.104.80:8080:</parameter>
            <parameter key="WAMUserName">ATOTNETPRDCT\ServiceCores</parameter>
            <parameter key="PsiDeploymentStatusEmailAddress">DCRTEnvironments2@ato.gov.au</parameter>
            <parameter key="EnableRedirect">false</parameter>
            <parameter key="RedirectSubstring">http://interviewata.product.atotnet.gov.au:8080/PortalChannelDeliveryUI</parameter>
            <parameter key="RedirectReplacement">https://portalchanneldeliveryuiata.dcs.devtest.atohdtnet.gov.au/portalchanneldeliveryui.ata</parameter>
        </group>
        <group key="Queue parameter">
            <parameter key="QueueManager">CGS_2B01</parameter>
            <parameter key="ChannelName">OUT.CGS01</parameter>
            <parameter key="CCDTSourcePath">${InstallDrive}\EAI\CCDT</parameter>
            <parameter key="CCDTFile">${Environment}.OUT.TAB</parameter>
            <parameter key="MQSeries.hostName">10.195.104.55</parameter>
            <parameter key="MQSeries.port">1414</parameter>
            <parameter key="MQSeries.isServer">FALSE</parameter>
            <parameter key="MQServer.Channel.Cleanup">FALSE</parameter>
        </group>
    </environment>
    <environment key="Level 2 - OUTBWEB00001ATB - ATB" remoteDeploymentGroupName="" remoteDeploymentServers="">
        <group key="Application parameter">
            <parameter key="Environment">ATB</parameter>
            <parameter key="WSCURL">http://wscatb.product.atotnet.gov.au/WSCWebService/Application.asmx</parameter>
            <parameter key="Debug">false</parameter>
            <parameter key="serverbindings">10.195.104.213:8080:</parameter>
            <parameter key="WAMUserName">ATOTNETPRDCT\ServiceCores</parameter>
            <parameter key="PsiDeploymentStatusEmailAddress">DCRTEnvironments2@ato.gov.au</parameter>
            <parameter key="EnableRedirect">false</parameter>
            <parameter key="RedirectSubstring">http://interviewatb.product.atotnet.gov.au:8080/PortalChannelDeliveryUI</parameter>
            <parameter key="RedirectReplacement">https://portalchanneldeliveryuiatb.dcs.devtest.atohdtnet.gov.au/portalchanneldeliveryui.atb</parameter>
        </group>
        <group key="Queue parameter">
            <parameter key="QueueManager">CGS_2A01</parameter>
            <parameter key="ChannelName">OUT.CGS01</parameter>
            <parameter key="CCDTSourcePath">${InstallDrive}\EAI\CCDT</parameter>
            <parameter key="CCDTFile">${Environment}.OUT.TAB</parameter>
            <parameter key="MQSeries.hostName">10.195.104.196</parameter>
            <parameter key="MQSeries.port">1414</parameter>
            <parameter key="MQSeries.isServer">FALSE</parameter>
            <parameter key="MQServer.Channel.Cleanup">FALSE</parameter>
        </group>
    </environment>
    <environment key="Level 2 - OUTBWEB00001ATM - ATM" remoteDeploymentGroupName="" remoteDeploymentServers="">
        <group key="Application parameter">
            <parameter key="Environment">ATM</parameter>
            <parameter key="WSCURL">http://wscatm.product.atotnet.gov.au/WSCWebService/Application.asmx</parameter>
            <parameter key="Debug">false</parameter>
            <parameter key="serverbindings">10.195.105.9:8080:</parameter>
            <parameter key="WAMUserName">ATOTNETPRDCT\ServiceCores</parameter>
            <parameter key="PsiDeploymentStatusEmailAddress">DCRTEnvironments2@ato.gov.au</parameter>
            <parameter key="EnableRedirect">false</parameter>
            <parameter key="RedirectSubstring">http://interviewatm.product.atotnet.gov.au:8080/PortalChannelDeliveryUI</parameter>
            <parameter key="RedirectReplacement">https://portalchanneldeliveryuiatm.dcs.devtest.atohdtnet.gov.au/portalchanneldeliveryui.atm</parameter>
        </group>
        <group key="Queue parameter">
            <parameter key="QueueManager">CGS_2_01</parameter>
            <parameter key="ChannelName">OUT.CGS01</parameter>
            <parameter key="CCDTSourcePath">${InstallDrive}\EAI\CCDT</parameter>
            <parameter key="CCDTFile">${Environment}.OUT.TAB</parameter>
            <parameter key="MQSeries.hostName">10.195.104.252</parameter>
            <parameter key="MQSeries.port">1414</parameter>
            <parameter key="MQSeries.isServer">FALSE</parameter>
            <parameter key="MQServer.Channel.Cleanup">FALSE</parameter>
        </group>
    </environment>
    <environment key="Level 3 - OUTBWEB00001PTE - PTE" remoteDeploymentGroupName="" remoteDeploymentServers="">
        <group key="Application parameter">
            <parameter key="Environment">PTE</parameter>
            <parameter key="WSCURL">http://wscpte.integrate.atotnet.gov.au/WSCWebService/Application.asmx</parameter>
            <parameter key="Debug">false</parameter>
            <parameter key="serverbindings">10.192.97.207:8080:</parameter>
            <parameter key="WAMUserName">ATOTNETINTGRT\serviceCores</parameter>
            <parameter key="PsiDeploymentStatusEmailAddress">DCRTEnvironments2@ato.gov.au</parameter>
            <parameter key="EnableRedirect">false</parameter>
            <parameter key="RedirectSubstring">http://interviewpte.integrate.atotnet.gov.au:8080/PortalChannelDeliveryUI</parameter>
            <parameter key="RedirectReplacement">https://portalchanneldeliveryuipte.dcs.devtest.atohdtnet.gov.au/portalchanneldeliveryui.pte</parameter>
        </group>
        <group key="Queue parameter">
            <parameter key="QueueManager">CGS_3F01</parameter>
            <parameter key="ChannelName">OUT.CGS01</parameter>
            <parameter key="CCDTSourcePath">${InstallDrive}\EAI\CCDT</parameter>
            <parameter key="CCDTFile">${Environment}.OUT.TAB</parameter>
            <parameter key="MQSeries.hostName">10.7.12.95</parameter>
            <parameter key="MQSeries.port">1415</parameter>
            <parameter key="MQSeries.isServer">FALSE</parameter>
            <parameter key="MQServer.Channel.Cleanup">FALSE</parameter>
        </group>
    </environment>
    <environment key="Level 3 - OBOAWEB00001PTG - PTG" remoteDeploymentGroupName="" remoteDeploymentServers="">
        <group key="Application parameter">
            <parameter key="Environment">PTG</parameter>
            <parameter key="WSCURL">http://wscptg.integrate.atotnet.gov.au/WSCWebService/Application.asmx</parameter>
            <parameter key="Debug">false</parameter>
            <parameter key="serverbindings">10.192.70.0:8080:</parameter>
            <parameter key="WAMUserName">ATOTNETINTGRT\serviceCores</parameter>
            <parameter key="PsiDeploymentStatusEmailAddress">DCRTEnvironments2@ato.gov.au</parameter>
            <parameter key="EnableRedirect">false</parameter>
            <parameter key="RedirectSubstring">http://interviewptg.integrate.atotnet.gov.au:8080/PortalChannelDeliveryUI</parameter>
            <parameter key="RedirectReplacement">https://portalchanneldeliveryuiptg.dcs.devtest.atohdtnet.gov.au/portalchanneldeliveryui.ptg</parameter>
        </group>
        <group key="Queue parameter">
            <parameter key="QueueManager">CGS_C_01</parameter>
            <parameter key="ChannelName">OUT.CGS01</parameter>
            <parameter key="CCDTSourcePath">${InstallDrive}\EAI\CCDT</parameter>
            <parameter key="CCDTFile">${Environment}.OUT.TAB</parameter>
            <parameter key="MQSeries.hostName">10.7.12.95</parameter>
            <parameter key="MQSeries.port">1416</parameter>
            <parameter key="MQSeries.isServer">FALSE</parameter>
            <parameter key="MQServer.Channel.Cleanup">FALSE</parameter>
        </group>
    </environment>
    <environment key="Level 3 - OBOAWEB00002PT - PTH Web" remoteDeploymentGroupName="" remoteDeploymentServers="">
        <group key="Application parameter">
            <parameter key="Environment">PTH</parameter>
            <parameter key="WSCURL">http://wscpth.integrate.atotnet.gov.au/WSCWebService/Application.asmx</parameter>
            <parameter key="Debug">false</parameter>
            <parameter key="serverbindings">10.192.71.78:8080:</parameter>
            <parameter key="WAMUserName">ATOTNETINTGRT\serviceCores</parameter>
            <parameter key="PsiDeploymentStatusEmailAddress">DCRTEnvironments2@ato.gov.au</parameter>
            <parameter key="EnableRedirect">false</parameter>
            <parameter key="RedirectSubstring">http://interviewpth.integrate.atotnet.gov.au:8080/PortalChannelDeliveryUI</parameter>
            <parameter key="RedirectReplacement">https://portalchanneldeliveryuipth.dcs.devtest.atohdtnet.gov.au/portalchanneldeliveryui.pth</parameter>
        </group>
        <group key="Queue parameter">
            <parameter key="QueueManager">CGS_Q_01</parameter>
            <parameter key="ChannelName">OUT.CGS01</parameter>
            <parameter key="CCDTSourcePath">${InstallDrive}\EAI\CCDT</parameter>
            <parameter key="CCDTFile">${Environment}.OUT.TAB</parameter>
            <parameter key="MQSeries.hostName">10.7.12.95</parameter>
            <parameter key="MQSeries.port">1417</parameter>
            <parameter key="MQSeries.isServer">FALSE</parameter>
            <parameter key="MQServer.Channel.Cleanup">FALSE</parameter>
        </group>
    </environment>
    <environment key="Level 3 - OUIXWEB01G3PTI - PTI Web" remoteDeploymentGroupName="" remoteDeploymentServers="">
        <group key="Application parameter">
            <parameter key="Environment">PTI</parameter>
            <parameter key="WSCURL">http://wscpti.integrate.atotnet.gov.au/WSCWebService/Application.asmx</parameter>
            <parameter key="Debug">false</parameter>
            <parameter key="serverbindings">10.7.12.130:8080:</parameter>
            <parameter key="WAMUserName">ATOTNETINTGRT\serviceCores</parameter>
            <parameter key="PsiDeploymentStatusEmailAddress">DCRTEnvironments2@ato.gov.au</parameter>
            <parameter key="EnableRedirect">false</parameter>
            <parameter key="RedirectSubstring">http://interviewpti.integrate.atotnet.gov.au:8080/PortalChannelDeliveryUI</parameter>
            <parameter key="RedirectReplacement">https://portalchanneldeliveryuipti.dcs.devtest.atohdtnet.gov.au/portalchanneldeliveryui.pti</parameter>
        </group>
        <group key="Queue parameter">
            <parameter key="QueueManager">CGS_G_01</parameter>
            <parameter key="ChannelName">OUT.CGS01</parameter>
            <parameter key="CCDTSourcePath">${InstallDrive}\EAI\CCDT</parameter>
            <parameter key="CCDTFile">${Environment}.OUT.TAB</parameter>
            <parameter key="MQSeries.hostName">10.7.12.95</parameter>
            <parameter key="MQSeries.port">1414</parameter>
            <parameter key="MQSeries.isServer">FALSE</parameter>
            <parameter key="MQServer.Channel.Cleanup">FALSE</parameter>
        </group>
    </environment>
    <environment key="Level 3 - OBOAWEB00002PTR - PTR Web" remoteDeploymentGroupName="" remoteDeploymentServers="">
        <group key="Application parameter">
            <parameter key="Environment">PTR</parameter>
            <parameter key="WSCURL">http://wscptr.integrate.atotnet.gov.au/WSCWebService/Application.asmx</parameter>
            <parameter key="Debug">false</parameter>
            <parameter key="serverbindings">10.192.56.208:8080:</parameter>
            <parameter key="WAMUserName">ATOTNETINTGRT\serviceCores</parameter>
            <parameter key="PsiDeploymentStatusEmailAddress">DCRTEnvironments2@ato.gov.au</parameter>
            <parameter key="EnableRedirect">false</parameter>
            <parameter key="RedirectSubstring">http://interviewptr.integrate.atotnet.gov.au:8080/PortalChannelDeliveryUI</parameter>
            <parameter key="RedirectReplacement">https://portalchanneldeliveryuiptr.dcs.devtest.atohdtnet.gov.au/portalchanneldeliveryui.ptr</parameter>
        </group>
        <group key="Queue parameter">
            <parameter key="QueueManager">CGS_3A01</parameter>
            <parameter key="ChannelName">OUT.CGS01</parameter>
            <parameter key="CCDTSourcePath">${InstallDrive}\EAI\CCDT</parameter>
            <parameter key="CCDTFile">${Environment}.OUT.TAB</parameter>
            <parameter key="MQSeries.hostName">10.192.16.50</parameter>
            <parameter key="MQSeries.port">1414</parameter>
            <parameter key="MQSeries.isServer">FALSE</parameter>
            <parameter key="MQServer.Channel.Cleanup">FALSE</parameter>
        </group>
    </environment>
    <environment key="Level 3 - OBUIWEB00002PT - PTF Web" remoteDeploymentGroupName="" remoteDeploymentServers="">
        <group key="Application parameter">
            <parameter key="Environment">PTF</parameter>
            <parameter key="WSCURL">http://wscptf.integrate.atotnet.gov.au/WSCWebService/Application.asmx</parameter>
            <parameter key="Debug">false</parameter>
            <parameter key="serverbindings">10.192.2.102:8080:</parameter>
            <parameter key="WAMUserName">ATOTNETINTGRT\serviceCores</parameter>
            <parameter key="PsiDeploymentStatusEmailAddress">DCRTEnvironments2@ato.gov.au</parameter>
            <parameter key="EnableRedirect">false</parameter>
            <parameter key="RedirectSubstring">http://interviewptf.integrate.atotnet.gov.au:8080/PortalChannelDeliveryUI</parameter>
            <parameter key="RedirectReplacement">https://portalchanneldeliveryuiptf.dcs.devtest.atohdtnet.gov.au/portalchanneldeliveryui.ptf</parameter>
        </group>
        <group key="Queue parameter">
            <parameter key="QueueManager">GSUWEB3Q1</parameter>
            <parameter key="ChannelName"></parameter>
            <parameter key="CCDTSourcePath">${InstallDrive}\EAI\CCDT</parameter>
            <parameter key="CCDTFile">${Environment}.OUT.TAB</parameter>
            <parameter key="MQSeries.hostName"></parameter>
            <parameter key="MQSeries.port"></parameter>
            <parameter key="MQSeries.isServer">TRUE</parameter>
            <parameter key="MQServer.Channel.Cleanup">TRUE</parameter>
        </group>
    </environment>
    <environment key="Level 3 - OUTBWEB00005PTA - PTA Web" remoteDeploymentGroupName="" remoteDeploymentServers="">
        <group key="Application parameter">
            <parameter key="Environment">PTA</parameter>
            <parameter key="WSCURL">http://wscpta.integrate.atotnet.gov.au/WSCWebService/Application.asmx</parameter>
            <parameter key="Debug">false</parameter>
            <parameter key="serverbindings">10.195.112.66:8080:</parameter>
            <parameter key="WAMUserName">ATOTNETINTGRT\serviceCores</parameter>
            <parameter key="PsiDeploymentStatusEmailAddress">DCRTEnvironments2@ato.gov.au</parameter>
            <parameter key="EnableRedirect">false</parameter>
            <parameter key="RedirectSubstring">http://interviewpta.integrate.atotnet.gov.au:8080/PortalChannelDeliveryUI</parameter>
            <parameter key="RedirectReplacement">https://portalchanneldeliveryuipta.dcs.devtest.atohdtnet.gov.au/portalchanneldeliveryui.pta</parameter>
        </group>
        <group key="Queue parameter">
            <parameter key="QueueManager">CGS_3C01</parameter>
            <parameter key="ChannelName">OUT.CGS01</parameter>
            <parameter key="CCDTSourcePath">${InstallDrive}\EAI\CCDT</parameter>
            <parameter key="CCDTFile">${Environment}.OUT.TAB</parameter>
            <parameter key="MQSeries.hostName">10.195.112.35</parameter>
            <parameter key="MQSeries.port">1414</parameter>
            <parameter key="MQSeries.isServer">FALSE</parameter>
            <parameter key="MQServer.Channel.Cleanup">FALSE</parameter>
        </group>
    </environment>
    <environment key="Level 3 - OUTBWEB00001PTB - PTB Web Node 1" remoteDeploymentGroupName="" remoteDeploymentServers="">
        <group key="Application parameter">
            <parameter key="Environment">PTB</parameter>
            <parameter key="WSCURL">http://wscptb.integrate.atotnet.gov.au/WSCWebService/Application.asmx</parameter>
            <parameter key="Debug">false</parameter>
            <parameter key="serverbindings">10.195.112.103:8080:</parameter>
            <parameter key="WAMUserName">ATOTNETINTGRT\serviceCores</parameter>
            <parameter key="PsiDeploymentStatusEmailAddress">DCRTEnvironments2@ato.gov.au</parameter>
            <parameter key="EnableRedirect">false</parameter>
            <parameter key="RedirectSubstring">http://interviewptb.integrate.atotnet.gov.au:8080/PortalChannelDeliveryUI</parameter>
            <parameter key="RedirectReplacement">https://portalchanneldeliveryuiptb.dcs.devtest.atohdtnet.gov.au/portalchanneldeliveryui.ptb</parameter>
        </group>
        <group key="Queue parameter">
            <parameter key="QueueManager">CGS_3G01</parameter>
            <parameter key="ChannelName">OUT.CGS01</parameter>
            <parameter key="CCDTSourcePath">${InstallDrive}\EAI\CCDT</parameter>
            <parameter key="CCDTFile">${Environment}.OUT.TAB</parameter>
            <parameter key="MQSeries.hostName">10.195.112.90</parameter>
            <parameter key="MQSeries.port">1414</parameter>
            <parameter key="MQSeries.isServer">FALSE</parameter>
            <parameter key="MQServer.Channel.Cleanup">FALSE</parameter>
        </group>
    </environment>
    <environment key="Level 3 - OUTBWEB00002PTB - PTB Web Node 2" remoteDeploymentGroupName="" remoteDeploymentServers="">
        <group key="Application parameter">
            <parameter key="Environment">PTB</parameter>
            <parameter key="WSCURL">http://wscptb.integrate.atotnet.gov.au/WSCWebService/Application.asmx</parameter>
            <parameter key="Debug">false</parameter>
            <parameter key="serverbindings">10.195.112.105:8080:</parameter>
            <parameter key="WAMUserName">ATOTNETINTGRT\serviceCores</parameter>
            <parameter key="PsiDeploymentStatusEmailAddress">DCRTEnvironments2@ato.gov.au</parameter>
            <parameter key="EnableRedirect">false</parameter>
            <parameter key="RedirectSubstring">http://interviewptb.integrate.atotnet.gov.au:8080/PortalChannelDeliveryUI</parameter>
            <parameter key="RedirectReplacement">https://portalchanneldeliveryuiptb.dcs.devtest.atohdtnet.gov.au/portalchanneldeliveryui.ptb</parameter>
        </group>
        <group key="Queue parameter">
            <parameter key="QueueManager">CGS_3G01</parameter>
            <parameter key="ChannelName">OUT.CGS01</parameter>
            <parameter key="CCDTSourcePath">${InstallDrive}\EAI\CCDT</parameter>
            <parameter key="CCDTFile">${Environment}.OUT.TAB</parameter>
            <parameter key="MQSeries.hostName">10.195.112.90</parameter>
            <parameter key="MQSeries.port">1414</parameter>
            <parameter key="MQSeries.isServer">FALSE</parameter>
            <parameter key="MQServer.Channel.Cleanup">FALSE</parameter>
        </group>
    </environment>
    <environment key="Level 3 - OUTBWEB00001PTM - PTM" remoteDeploymentGroupName="" remoteDeploymentServers="">
        <group key="Application parameter">
            <parameter key="Environment">PTM</parameter>
            <parameter key="WSCURL">http://wscptm.integrate.atotnet.gov.au/WSCWebService/Application.asmx</parameter>
            <parameter key="Debug">false</parameter>
            <parameter key="serverbindings">10.195.112.127:8080</parameter>
            <parameter key="WAMUserName">ATOTNETINTGRT\serviceCores</parameter>
            <parameter key="PsiDeploymentStatusEmailAddress">DCRTEnvironments2@ato.gov.au</parameter>
            <parameter key="EnableRedirect">false</parameter>
            <parameter key="RedirectSubstring">http://interviewptm.integrate.atotnet.gov.au:8080/PortalChannelDeliveryUI</parameter>
            <parameter key="RedirectReplacement">https://portalchanneldeliveryuiptm.dcs.devtest.atohdtnet.gov.au/portalchanneldeliveryui.ptm</parameter>
        </group>
        <group key="Queue parameter">
            <parameter key="QueueManager">CGS_3N01</parameter>
            <parameter key="ChannelName">OUT.CGS01</parameter>
            <parameter key="CCDTSourcePath">${InstallDrive}\EAI\CCDT</parameter>
            <parameter key="CCDTFile">${Environment}.OUT.TAB</parameter>
            <parameter key="MQSeries.hostName">10.195.112.117</parameter>
            <parameter key="MQSeries.port">1414</parameter>
            <parameter key="MQSeries.isServer">FALSE</parameter>
            <parameter key="MQServer.Channel.Cleanup">FALSE</parameter>
        </group>
    </environment>
    <environment key="Level 3 - OUTBWEB00001PTW - PTW Web Node 1" remoteDeploymentGroupName="" remoteDeploymentServers="">
        <group key="Application parameter">
            <parameter key="Environment">PTW</parameter>
            <parameter key="WSCURL">http://wscptw.integrate.atotnet.gov.au/WSCWebService/Application.asmx</parameter>
            <parameter key="Debug">false</parameter>
            <parameter key="serverbindings">10.192.10.14:8080:</parameter>
            <parameter key="WAMUserName">ATOTNETINTGRT\serviceCores</parameter>
            <parameter key="PsiDeploymentStatusEmailAddress">DCRTEnvironments2@ato.gov.au</parameter>
            <parameter key="EnableRedirect">false</parameter>
            <parameter key="RedirectSubstring">http://interviewptw.integrate.atotnet.gov.au:8080/PortalChannelDeliveryUI</parameter>
            <parameter key="RedirectReplacement">https://portalchanneldeliveryuiptw.dcs.devtest.atohdtnet.gov.au/portalchanneldeliveryui.ptw</parameter>
        </group>
        <group key="Queue parameter">
            <parameter key="QueueManager">CGS_3I01</parameter>
            <parameter key="ChannelName">OUT.CGS01</parameter>
            <parameter key="CCDTSourcePath">${InstallDrive}\EAI\CCDT</parameter>
            <parameter key="CCDTFile">${Environment}.OUT.TAB</parameter>
            <parameter key="MQSeries.hostName">10.192.71.69</parameter>
            <parameter key="MQSeries.port">1414</parameter>
            <parameter key="MQSeries.isServer">FALSE</parameter>
            <parameter key="MQServer.Channel.Cleanup">FALSE</parameter>
        </group>
    </environment>
    <environment key="Level 3 - OUTBWEB00002PTW - PTW Web Node 2" remoteDeploymentGroupName="" remoteDeploymentServers="">
        <group key="Application parameter">
            <parameter key="Environment">PTW</parameter>
            <parameter key="WSCURL">http://wscptw.integrate.atotnet.gov.au/WSCWebService/Application.asmx</parameter>
            <parameter key="Debug">false</parameter>
            <parameter key="serverbindings">10.192.114.6:8080:</parameter>
            <parameter key="WAMUserName">ATOTNETINTGRT\serviceCores</parameter>
            <parameter key="PsiDeploymentStatusEmailAddress">DCRTEnvironments2@ato.gov.au</parameter>
            <parameter key="EnableRedirect">false</parameter>
            <parameter key="RedirectSubstring">http://interviewptw.integrate.atotnet.gov.au:8080/PortalChannelDeliveryUI</parameter>
            <parameter key="RedirectReplacement">https://portalchanneldeliveryuiptw.dcs.devtest.atohdtnet.gov.au/portalchanneldeliveryui.ptw</parameter>
        </group>
        <group key="Queue parameter">
            <parameter key="QueueManager">CGS_3I01</parameter>
            <parameter key="ChannelName">OUT.CGS01</parameter>
            <parameter key="CCDTSourcePath">${InstallDrive}\EAI\CCDT</parameter>
            <parameter key="CCDTFile">${Environment}.OUT.TAB</parameter>
            <parameter key="MQSeries.hostName">10.192.71.69</parameter>
            <parameter key="MQSeries.port">1414</parameter>
            <parameter key="MQSeries.isServer">FALSE</parameter>
            <parameter key="MQServer.Channel.Cleanup">FALSE</parameter>
        </group>
    </environment>
    <environment key="Level 4 - SYD02I193UV, NEW02I193UV - Efix (Node 1)" remoteDeploymentGroupName="" remoteDeploymentServers="">
        <group key="Application parameter">
            <parameter key="Environment">EFIX</parameter>
            <parameter key="WSCURL">http://wscefix.uat.atoqnet.gov.au/WSCWebService/Application.asmx</parameter>
            <parameter key="Debug">false</parameter>
            <parameter key="serverbindings">10.6.136.78:8080:</parameter>
            <parameter key="WAMUserName">ATOQNETUAT\serviceCores</parameter>
            <parameter key="PsiDeploymentStatusEmailAddress">DCRTEnvironments2@ato.gov.au</parameter>
            <parameter key="EnableRedirect">false</parameter>
            <parameter key="RedirectSubstring">http://interviewefix.uat.atoqnet.gov.au:8080/PortalChannelDeliveryUI</parameter>
            <parameter key="RedirectReplacement">https://portalchanneldeliveryuiefx.dcs.preprod.atohppnet.gov.au/portalchanneldeliveryui.efx</parameter>
        </group>
        <group key="Queue parameter">
            <parameter key="QueueManager">CGS_X_01</parameter>
            <parameter key="ChannelName">OUT.CGS01</parameter>
            <parameter key="CCDTSourcePath">${InstallDrive}\EAI\CCDT</parameter>
            <parameter key="CCDTFile">${Environment}.OUT.TAB</parameter>
            <parameter key="MQSeries.hostName">10.6.156.201</parameter>
            <parameter key="MQSeries.port">1415</parameter>
            <parameter key="MQSeries.isServer">FALSE</parameter>
            <parameter key="MQServer.Channel.Cleanup">FALSE</parameter>
        </group>
    </environment>
    <environment key="Level 4 - SYD02I194UP, NEW02I194UP - Efix (Node 2)" remoteDeploymentGroupName="" remoteDeploymentServers="">
        <group key="Application parameter">
            <parameter key="Environment">EFIX</parameter>
            <parameter key="WSCURL">http://wscefix.uat.atoqnet.gov.au/WSCWebService/Application.asmx</parameter>
            <parameter key="Debug">false</parameter>
            <parameter key="serverbindings">10.6.136.72:8080:</parameter>
            <parameter key="WAMUserName">ATOQNETUAT\serviceCores</parameter>
            <parameter key="PsiDeploymentStatusEmailAddress">DCRTEnvironments2@ato.gov.au</parameter>
            <parameter key="EnableRedirect">false</parameter>
            <parameter key="RedirectSubstring">http://interviewefix.uat.atoqnet.gov.au:8080/PortalChannelDeliveryUI</parameter>
            <parameter key="RedirectReplacement">https://portalchanneldeliveryuiefx.dcs.preprod.atohppnet.gov.au/portalchanneldeliveryui.efx</parameter>
        </group>
        <group key="Queue parameter">
            <parameter key="QueueManager">CGS_X_02</parameter>
            <parameter key="ChannelName">OUT.CGS02</parameter>
            <parameter key="CCDTSourcePath">${InstallDrive}\EAI\CCDT</parameter>
            <parameter key="CCDTFile">${Environment}.OUT.TAB</parameter>
            <parameter key="MQSeries.hostName">10.6.156.202</parameter>
            <parameter key="MQSeries.port">1415</parameter>
            <parameter key="MQSeries.isServer">FALSE</parameter>
            <parameter key="MQServer.Channel.Cleanup">FALSE</parameter>
        </group>
    </environment>
    <environment key="Level 4 - SYD02I260UV, NEW02I260UV - UATI Web Node" remoteDeploymentGroupName="" remoteDeploymentServers="">
        <group key="Application parameter">
            <parameter key="Environment">UATI</parameter>
            <parameter key="WSCURL">http://wscuati.uat.atoqnet.gov.au/WSCWebService/Application.asmx</parameter>
            <parameter key="Debug">false</parameter>
            <parameter key="serverbindings">10.6.154.218:8080:</parameter>
            <parameter key="WAMUserName">ATOQNETUAT\serviceCores</parameter>
            <parameter key="PsiDeploymentStatusEmailAddress">DCRTEnvironments2@ato.gov.au</parameter>
            <parameter key="EnableRedirect">false</parameter>
            <parameter key="RedirectSubstring">http://interviewuati.uat.atoqnet.gov.au:8080/PortalChannelDeliveryUI</parameter>
            <parameter key="RedirectReplacement">https://portalchanneldeliveryuiuai.dcs.preprod.atohppnet.gov.au/portalchanneldeliveryui.uai</parameter>
        </group>
        <group key="Queue parameter">
            <parameter key="QueueManager">CGS_8_01</parameter>
            <parameter key="ChannelName">OUT.CGS01</parameter>
            <parameter key="CCDTSourcePath">${InstallDrive}\EAI\CCDT</parameter>
            <parameter key="CCDTFile">${Environment}.OUT.TAB</parameter>
            <parameter key="MQSeries.hostName">10.6.156.227</parameter>
            <parameter key="MQSeries.port">1414</parameter>
            <parameter key="MQSeries.isServer">FALSE</parameter>
            <parameter key="MQServer.Channel.Cleanup">FALSE</parameter>
        </group>
    </environment>
    <environment key="Level 4 - OBOAWEB00001UAK - UATK Web Node" remoteDeploymentGroupName="" remoteDeploymentServers="">
        <group key="Application parameter">
            <parameter key="Environment">UATK</parameter>
            <parameter key="WSCURL">http://wscuatk.uat.atoqnet.gov.au/WSCWebService/Application.asmx</parameter>
            <parameter key="Debug">false</parameter>
            <parameter key="serverbindings">10.195.140.131:8080:</parameter>
            <parameter key="WAMUserName">ATOQNETUAT\serviceCores</parameter>
            <parameter key="PsiDeploymentStatusEmailAddress">DCRTEnvironments2@ato.gov.au</parameter>
            <parameter key="EnableRedirect">false</parameter>
            <parameter key="RedirectSubstring">http://interviewuatk.uat.atoqnet.gov.au:8080/PortalChannelDeliveryUI</parameter>
            <parameter key="RedirectReplacement">https://portalchanneldeliveryuiuak.dcs.preprod.atohppnet.gov.au/portalchanneldeliveryui.uak</parameter>
        </group>
        <group key="Queue parameter">
            <parameter key="QueueManager">CGS_9_01</parameter>
            <parameter key="ChannelName">OUT.CGS01</parameter>
            <parameter key="CCDTSourcePath">${InstallDrive}\EAI\CCDT</parameter>
            <parameter key="CCDTFile">${Environment}.OUT.TAB</parameter>
            <parameter key="MQSeries.hostName">10.6.136.49</parameter>
            <parameter key="MQSeries.port">1414</parameter>
            <parameter key="MQSeries.isServer">FALSE</parameter>
            <parameter key="MQServer.Channel.Cleanup">FALSE</parameter>
        </group>
    </environment>
    <environment key="Level 4 - OUIXWEB01G4UCTC - UCTC Web Node" remoteDeploymentGroupName="" remoteDeploymentServers="">
        <group key="Application parameter">
            <parameter key="Environment">UCTC</parameter>
            <parameter key="WSCURL">http://wscuctc.uat.atoqnet.gov.au/WSCWebService/Application.asmx</parameter>
            <parameter key="Debug">false</parameter>
            <parameter key="serverbindings">10.6.152.44</parameter>
            <parameter key="WAMUserName">ATOQNETUAT\serviceCores</parameter>
            <parameter key="PsiDeploymentStatusEmailAddress">DCRTEnvironments2@ato.gov.au</parameter>
            <parameter key="EnableRedirect">false</parameter>
            <parameter key="RedirectSubstring">http://interviewuctc.uat.atoqnet.gov.au:8080/PortalChannelDeliveryUI</parameter>
            <parameter key="RedirectReplacement">https://portalchanneldeliveryuiucc.dcs.preprod.atohppnet.gov.au/portalchanneldeliveryui.ucc</parameter>
        </group>
        <group key="Queue parameter">
            <parameter key="QueueManager">CGS_B_01</parameter>
            <parameter key="ChannelName">OUT.CGS01</parameter>
            <parameter key="CCDTSourcePath">${InstallDrive}\EAI\CCDT</parameter>
            <parameter key="CCDTFile">${Environment}.OUT.TAB</parameter>
            <parameter key="MQSeries.hostName">10.6.136.49</parameter>
            <parameter key="MQSeries.port">1415</parameter>
            <parameter key="MQSeries.isServer">FALSE</parameter>
            <parameter key="MQServer.Channel.Cleanup">FALSE</parameter>
        </group>
    </environment>
    <environment key="Level 4 - OBOAWEB00001UCD - UCTD Web Node" remoteDeploymentGroupName="" remoteDeploymentServers="">
        <group key="Application parameter">
            <parameter key="Environment">UCTD</parameter>
            <parameter key="WSCURL">http://wscuctd.uat.atoqnet.gov.au/WSCWebService/Application.asmx</parameter>
            <parameter key="Debug">false</parameter>
            <parameter key="serverbindings">10.195.140.100:8080:</parameter>
            <parameter key="WAMUserName">ATOQNETUAT\serviceCores</parameter>
            <parameter key="PsiDeploymentStatusEmailAddress">DCRTEnvironments2@ato.gov.au</parameter>
            <parameter key="EnableRedirect">false</parameter>
            <parameter key="RedirectSubstring">http://interviewuctd.uat.atoqnet.gov.au:8080/PortalChannelDeliveryUI</parameter>
            <parameter key="RedirectReplacement">https://portalchanneldeliveryuiucd.dcs.preprod.atohppnet.gov.au/portalchanneldeliveryui.ucd</parameter>
        </group>
        <group key="Queue parameter">
            <parameter key="QueueManager">CGS_R_01</parameter>
            <parameter key="ChannelName">OUT.CGS01</parameter>
            <parameter key="CCDTSourcePath">${InstallDrive}\EAI\CCDT</parameter>
            <parameter key="CCDTFile">${Environment}.OUT.TAB</parameter>
            <parameter key="MQSeries.hostName">10.6.156.201</parameter>
            <parameter key="MQSeries.port">1414</parameter>
            <parameter key="MQSeries.isServer">FALSE</parameter>
            <parameter key="MQServer.Channel.Cleanup">FALSE</parameter>
        </group>
    </environment>
    <environment key="Level 4 - OUTCWEBA1APPRFB - Perf B (Node 1)" remoteDeploymentGroupName="" remoteDeploymentServers="">
        <group key="Application parameter">
            <parameter key="Environment">PRFB</parameter>
            <parameter key="WSCURL">http://wscprf2.perf.atoqnet.gov.au/WSCWebService/Application.asmx</parameter>
            <parameter key="Debug">false</parameter>
            <parameter key="serverbindings">10.10.208.130:8080:</parameter>
            <parameter key="WAMUserName">ATOQNETPERF\serviceCores</parameter>
            <parameter key="PsiDeploymentStatusEmailAddress">DCRTEnvironments2@ato.gov.au</parameter>
            <parameter key="EnableRedirect">false</parameter>
            <parameter key="RedirectSubstring">http://interviewprfb.perf.atoqnet.gov.au:8080/PortalChannelDeliveryUI</parameter>
            <parameter key="RedirectReplacement">https://portalchanneldeliveryuipfb.dcs.preprod.atohppnet.gov.au/portalchanneldeliveryui.pfb</parameter>
        </group>
        <group key="Queue parameter">
            <parameter key="QueueManager">CGS_W_01</parameter>
            <parameter key="ChannelName">OUT.CGS01</parameter>
            <parameter key="CCDTSourcePath">${InstallDrive}\EAI\CCDT</parameter>
            <parameter key="CCDTFile">${Environment}.OUT.TAB</parameter>
            <parameter key="MQSeries.hostName">10.6.144.153</parameter>
            <parameter key="MQSeries.port">1414</parameter>
            <parameter key="MQSeries.isServer">FALSE</parameter>
            <parameter key="MQServer.Channel.Cleanup">FALSE</parameter>
        </group>
    </environment>
    <environment key="Level 4 - OUTCWEBA2APPRFB - Perf B (Node 2)" remoteDeploymentGroupName="" remoteDeploymentServers="">
        <group key="Application parameter">
            <parameter key="Environment">PRFB</parameter>
            <parameter key="WSCURL">http://wscprf2.perf.atoqnet.gov.au/WSCWebService/Application.asmx</parameter>
            <parameter key="Debug">false</parameter>
            <parameter key="serverbindings">10.10.208.131:8080:</parameter>
            <parameter key="WAMUserName">ATOQNETPERF\serviceCores</parameter>
            <parameter key="PsiDeploymentStatusEmailAddress">DCRTEnvironments2@ato.gov.au</parameter>
            <parameter key="EnableRedirect">false</parameter>
            <parameter key="RedirectSubstring">http://interviewprfb.perf.atoqnet.gov.au:8080/PortalChannelDeliveryUI</parameter>
            <parameter key="RedirectReplacement">https://portalchanneldeliveryuipfb.dcs.preprod.atohppnet.gov.au/portalchanneldeliveryui.pfb</parameter>
        </group>
        <group key="Queue parameter">
            <parameter key="QueueManager">CGS_W_02</parameter>
            <parameter key="ChannelName">OUT.CGS02</parameter>
            <parameter key="CCDTSourcePath">${InstallDrive}\EAI\CCDT</parameter>
            <parameter key="CCDTFile">${Environment}.OUT.TAB</parameter>
            <parameter key="MQSeries.hostName">10.10.161.37</parameter>
            <parameter key="MQSeries.port">1414</parameter>
            <parameter key="MQSeries.isServer">FALSE</parameter>
            <parameter key="MQServer.Channel.Cleanup">FALSE</parameter>
        </group>
    </environment>
    <environment key="Level 4 - SYD02I537LV - Perf E (Node 1)" remoteDeploymentGroupName="" remoteDeploymentServers="">
        <group key="Application parameter">
            <parameter key="Environment">PRFE</parameter>
            <parameter key="WSCURL">http://wscprfe.perf.atoqnet.gov.au/WSCWebService/Application.asmx</parameter>
            <parameter key="Debug">false</parameter>
            <parameter key="serverbindings">10.6.128.135:8080:</parameter>
            <parameter key="WAMUserName">ATOQNETPERF\serviceCores</parameter>
            <parameter key="PsiDeploymentStatusEmailAddress">DCRTEnvironments2@ato.gov.au</parameter>
            <parameter key="EnableRedirect">false</parameter>
            <parameter key="RedirectSubstring">http://interviewprfe.perf.atoqnet.gov.au:8080/PortalChannelDeliveryUI</parameter>
            <parameter key="RedirectReplacement">https://portalchanneldeliveryuipfe.dcs.preprod.atohppnet.gov.au/portalchanneldeliveryui.pfe</parameter>
        </group>
        <group key="Queue parameter">
            <parameter key="QueueManager">CGS_U_01</parameter>
            <parameter key="ChannelName">OUT.CGS01</parameter>
            <parameter key="CCDTSourcePath">${InstallDrive}\EAI\CCDT</parameter>
            <parameter key="CCDTFile">${Environment}.OUT.TAB</parameter>
            <parameter key="MQSeries.hostName">10.6.144.155</parameter>
            <parameter key="MQSeries.port">1414</parameter>
            <parameter key="MQSeries.isServer">FALSE</parameter>
            <parameter key="MQServer.Channel.Cleanup">FALSE</parameter>
        </group>
    </environment>
    <environment key="Level 4 - SYD02I538LV - Perf E (Node 2)" remoteDeploymentGroupName="" remoteDeploymentServers="">
        <group key="Application parameter">
            <parameter key="Environment">PRFE</parameter>
            <parameter key="WSCURL">http://wscprfe.perf.atoqnet.gov.au/WSCWebService/Application.asmx</parameter>
            <parameter key="Debug">false</parameter>
            <parameter key="serverbindings">10.6.128.138:8080:</parameter>
            <parameter key="WAMUserName">ATOQNETPERF\serviceCores</parameter>
            <parameter key="PsiDeploymentStatusEmailAddress">DCRTEnvironments2@ato.gov.au</parameter>
            <parameter key="EnableRedirect">false</parameter>
            <parameter key="RedirectSubstring">http://interviewprfe.perf.atoqnet.gov.au:8080/PortalChannelDeliveryUI</parameter>
            <parameter key="RedirectReplacement">https://portalchanneldeliveryuipfe.dcs.preprod.atohppnet.gov.au/portalchanneldeliveryui.pfe</parameter>
        </group>
        <group key="Queue parameter">
            <parameter key="QueueManager">CGS_U_02</parameter>
            <parameter key="ChannelName">OUT.CGS02</parameter>
            <parameter key="CCDTSourcePath">${InstallDrive}\EAI\CCDT</parameter>
            <parameter key="CCDTFile">${Environment}.OUT.TAB</parameter>
            <parameter key="MQSeries.hostName">10.10.161.44</parameter>
            <parameter key="MQSeries.port">1414</parameter>
            <parameter key="MQSeries.isServer">FALSE</parameter>
            <parameter key="MQServer.Channel.Cleanup">FALSE</parameter>
        </group>
    </environment>
    <environment key="Level 4 - OTBDWEBA1GPPRFG - PRFG (Node 1)" remoteDeploymentGroupName="" remoteDeploymentServers="">
        <group key="Application parameter">
            <parameter key="Environment">PRFG</parameter>
            <parameter key="WSCURL">http://wscprfg.perf.atoqnet.gov.au/WSCWebService/Application.asmx</parameter>
            <parameter key="Debug">false</parameter>
            <parameter key="serverbindings">10.10.160.248:8080</parameter>
            <parameter key="WAMUserName">ATOQNETPERF\serviceCores</parameter>
            <parameter key="PsiDeploymentStatusEmailAddress">DCRTEnvironments2@ato.gov.au</parameter>
            <parameter key="EnableRedirect">false</parameter>
            <parameter key="RedirectSubstring">http://interviewprfg.perf.atoqnet.gov.au:8080/PortalChannelDeliveryUI</parameter>
            <parameter key="RedirectReplacement">https://portalchanneldeliveryuipfg.dcs.preprod.atohppnet.gov.au/portalchanneldeliveryui.pfg</parameter>
        </group>
        <group key="Queue parameter">
            <parameter key="QueueManager">CGS_S_01</parameter>
            <parameter key="ChannelName">OUT.CGS01</parameter>
            <parameter key="CCDTSourcePath">${InstallDrive}\EAI\CCDT</parameter>
            <parameter key="CCDTFile">${Environment}.OUT.TAB</parameter>
            <parameter key="MQSeries.hostName">10.10.160.203</parameter>
            <parameter key="MQSeries.port">1414</parameter>
            <parameter key="MQSeries.isServer">FALSE</parameter>
            <parameter key="MQServer.Channel.Cleanup">FALSE</parameter>
        </group>
    </environment>
    <environment key="Level 4 - OTBDWEBA2GPPRFG - PRFG (Node 2)" remoteDeploymentGroupName="" remoteDeploymentServers="">
        <group key="Application parameter">
            <parameter key="Environment">PRFG</parameter>
            <parameter key="WSCURL">http://wscprfg.perf.atoqnet.gov.au/WSCWebService/Application.asmx</parameter>
            <parameter key="Debug">false</parameter>
            <parameter key="serverbindings">10.10.160.249:8080</parameter>
            <parameter key="WAMUserName">ATOQNETPERF\serviceCores</parameter>
            <parameter key="PsiDeploymentStatusEmailAddress">DCRTEnvironments2@ato.gov.au</parameter>
            <parameter key="EnableRedirect">false</parameter>
            <parameter key="RedirectSubstring">http://interviewprfg.perf.atoqnet.gov.au:8080/PortalChannelDeliveryUI</parameter>
            <parameter key="RedirectReplacement">https://portalchanneldeliveryuipfg.dcs.preprod.atohppnet.gov.au/portalchanneldeliveryui.pfg</parameter>
        </group>
        <group key="Queue parameter">
            <parameter key="QueueManager">CGS_S_02</parameter>
            <parameter key="ChannelName">OUT.CGS02</parameter>
            <parameter key="CCDTSourcePath">${InstallDrive}\EAI\CCDT</parameter>
            <parameter key="CCDTFile">${Environment}.OUT.TAB</parameter>
            <parameter key="MQSeries.hostName">10.10.160.204</parameter>
            <parameter key="MQSeries.port">1414</parameter>
            <parameter key="MQSeries.isServer">FALSE</parameter>
            <parameter key="MQServer.Channel.Cleanup">FALSE</parameter>
        </group>
    </environment>
    <environment key="Level 5 - SYD02I404PV - Prod Web Node 1" remoteDeploymentGroupName="" remoteDeploymentServers="">
        <group key="Application parameter">
            <parameter key="Environment">PROD</parameter>
            <parameter key="WSCURL">http://wscprod.prod.atonet.gov.au/WSCWebService/Application.asmx</parameter>
            <parameter key="Debug">false</parameter>
            <parameter key="serverbindings">10.6.0.25:8080:</parameter>
            <parameter key="WAMUserName">ATONET\ServiceCores</parameter>
            <parameter key="PsiDeploymentStatusEmailAddress">DCRTEnvironments2@ato.gov.au</parameter>
            <parameter key="EnableRedirect">false</parameter>
            <parameter key="RedirectSubstring">http://interviewprod.prod.atonet.gov.au:8080/PortalChannelDeliveryUI</parameter>
            <parameter key="RedirectReplacement">https://portalchanneldeliveryuiprd.dcs.prod.atohnet.gov.au/portalchanneldeliveryui.prd</parameter>
        </group>
        <group key="Queue parameter">
            <parameter key="QueueManager">CGS_P_01</parameter>
            <parameter key="ChannelName">OUT.CGS01</parameter>
            <parameter key="CCDTSourcePath">${InstallDrive}\EAI\CCDT</parameter>
            <parameter key="CCDTFile">${Environment}.OUT.TAB</parameter>
            <parameter key="MQSeries.hostName">10.10.8.116</parameter>
            <parameter key="MQSeries.port">1414</parameter>
            <parameter key="MQSeries.isServer">FALSE</parameter>
            <parameter key="MQServer.Channel.Cleanup">FALSE</parameter>
        </group>
    </environment>
    <environment key="Level 5 - SYD02I405PV - Prod Web Node 2" remoteDeploymentGroupName="" remoteDeploymentServers="">
        <group key="Application parameter">
            <parameter key="Environment">PROD</parameter>
            <parameter key="WSCURL">http://wscprod.prod.atonet.gov.au/WSCWebService/Application.asmx</parameter>
            <parameter key="Debug">false</parameter>
            <parameter key="serverbindings">10.6.0.26:8080:</parameter>
            <parameter key="WAMUserName">ATONET\ServiceCores</parameter>
            <parameter key="PsiDeploymentStatusEmailAddress">DCRTEnvironments2@ato.gov.au</parameter>
            <parameter key="EnableRedirect">false</parameter>
            <parameter key="RedirectSubstring">http://interviewprod.prod.atonet.gov.au:8080/PortalChannelDeliveryUI</parameter>
            <parameter key="RedirectReplacement">https://portalchanneldeliveryuiprd.dcs.prod.atohnet.gov.au/portalchanneldeliveryui.prd</parameter>
        </group>
        <group key="Queue parameter">
            <parameter key="QueueManager">CGS_P_02</parameter>
            <parameter key="ChannelName">OUT.CGS02</parameter>
            <parameter key="CCDTSourcePath">${InstallDrive}\EAI\CCDT</parameter>
            <parameter key="CCDTFile">${Environment}.OUT.TAB</parameter>
            <parameter key="MQSeries.hostName">10.10.8.117</parameter>
            <parameter key="MQSeries.port">1414</parameter>
            <parameter key="MQSeries.isServer">FALSE</parameter>
            <parameter key="MQServer.Channel.Cleanup">FALSE</parameter>
        </group>
    </environment>
</environments>
