<?xml version="1.0"?>
<configuration>
	<textfiles>
		<textfile action="install">
			<filename>${TargetDir}\DCS.BAU.ICR\appsettings.json</filename>
			<substitution>
				<targetstring regex="true">("UnableToRemediateEmails")(.*)</targetstring>
				<newstring>"UnableToRemediateEmails": ["${Reports.UnableToRemediateEmails}"],</newstring>
			</substitution>
			<substitution>
				<targetstring regex="true">("HangfireDatabase")(.*)</targetstring>
				<newstring>"HangfireDatabase": "${HangfireDatabase}",</newstring>
			</substitution>
			<substitution>
				<targetstring regex="true">("OutboundDatabase")(.*)</targetstring>
				<newstring>"OutboundDatabase": "${OutBoundCorroGen.SQLInstance}",</newstring>
			</substitution>
			<substitution>
				<targetstring regex="true">("DeliveryEngineDatabase")(.*)</targetstring>
				<newstring>"DeliveryEngineDatabase": "${DeliveryEngineDatabase}",</newstring>
			</substitution>
			<substitution>
				<targetstring regex="true">("path")(.*)</targetstring>
				<newstring>"path": "${ServiceLogs}",</newstring>
			</substitution>
			<substitution>
				<targetstring regex="true">("ServiceName")(.*)</targetstring>
				<newstring>"ServiceName": "${ServiceName}",</newstring>
			</substitution>
			<substitution>
				<targetstring regex="true">("source")(.*)</targetstring>
				<newstring>"source": "${ServiceName}",</newstring>
			</substitution>
			<substitution>
				<targetstring regex="true">("Environment")(.*)</targetstring>
				<newstring>"Environment": "${Environment}",</newstring>
			</substitution>
			<substitution>
				<targetstring regex="true">("RESTAPIPort")(.*)</targetstring>
				<newstring>"RESTAPIPort": ${RESTAPIPort},</newstring>
			</substitution>
			<substitution>
				<targetstring regex="true">("UseCertificateForSSL")(.*)</targetstring>
				<newstring>"UseCertificateForSSL": ${UseCertificateForSSL},</newstring>
			</substitution>
			<substitution>
				<targetstring regex="true">("CertificateSubject")(.*)</targetstring>
				<newstring>"CertificateSubject": "${CertificateSubject}",</newstring>
			</substitution>
		</textfile>
	</textfiles>
</configuration>