<?xml version="1.0"?>
<configuration>
  <configurationChanges>
    <configurationChange>
      <file></file>
      <nodeChanges>
        <nodeChange action="update">
          <xpath>/configuration/appSettings/add[@key='ServiceName']/@value</xpath>
          <value>${ServiceName}</value>
        </nodeChange>
        <nodeChange action="update">
          <xpath>/configuration/appSettings/add[@key='Environment']/@value</xpath>
          <value>${Environment}</value>
        </nodeChange>
        <nodeChange action="update">
          <xpath>/configuration/appSettings/add[@key='ApplicationLogFilePath']/@value</xpath>
          <value>${ApplicationLogFilePath}</value>
        </nodeChange>
        <nodeChange action="update">
          <xpath>/configuration/appSettings/add[@key='RollingInterval']/@value</xpath>
          <value>${RollingInterval}</value>
        </nodeChange>
        <nodeChange action="update">
          <xpath>/configuration/appSettings/add[@key='RetainedFileCountLimit']/@value</xpath>
          <value>${RetainedFileCountLimit}</value>
        </nodeChange>
		<nodeChange action="update">
          <xpath>/configuration/appSettings/add[@key='BatchLogFileName']/@value</xpath>
          <value>${BatchLogFileName}</value>
        </nodeChange>
        <nodeChange action="update">
          <xpath>/configuration/appSettings/add[@key='SchemaName']/@value</xpath>
          <value>${SchemaName}</value>
        </nodeChange>
        <nodeChange action="update">
          <xpath>/configuration/appSettings/add[@key='SchemaName1']/@value</xpath>
          <value>${SchemaName1}</value>
        </nodeChange>
        <nodeChange action="update">
          <xpath>/configuration/appSettings/add[@key='HangfireThreadsToRun']/@value</xpath>
          <value>${HangfireThreadsToRun}</value>
        </nodeChange>
        <nodeChange action="update">
          <xpath>/configuration/appSettings/add[@key='RESTAPIActive']/@value</xpath>
          <value>${RESTAPIActive}</value>
        </nodeChange>
        <nodeChange action="update">
          <xpath>/configuration/appSettings/add[@key='RESTAPIURL']/@value</xpath>
          <value>${RESTAPIURL}</value>
        </nodeChange>
        <nodeChange action="update">
          <xpath>/configuration/appSettings/add[@key='FileAPIActive']/@value</xpath>
          <value>${FileAPIActive}</value>
        </nodeChange>
        <nodeChange action="update">
          <xpath>/configuration/appSettings/add[@key='FileAPIFullPath']/@value</xpath>
          <value>${FileAPIFullPath}</value>
        </nodeChange>
        <nodeChange action="update">
          <xpath>/configuration/appSettings/add[@key='ControlFileTemplateFile']/@value</xpath>
          <value>${ControlFileTemplateFile}</value>
        </nodeChange>
		<nodeChange action="update">
          <xpath>/configuration/appSettings/add[@key='PrimaryFileName']/@value</xpath>
          <value>${PrimaryFileName}</value>
        </nodeChange>
		<nodeChange action="update">
          <xpath>/configuration/appSettings/add[@key='SecondaryFileName']/@value</xpath>
          <value>${SecondaryFileName}</value>
        </nodeChange>
		<nodeChange action="update">
          <xpath>/configuration/appSettings/add[@key='JobOrchestrationFileName']/@value</xpath>
          <value>${JobOrchestrationFileName}</value>
        </nodeChange>
		<nodeChange action="update">
          <xpath>/configuration/appSettings/add[@key='PrimaryFileTypeCode']/@value</xpath>
          <value>${PrimaryFileTypeCode}</value>
        </nodeChange>
		<nodeChange action="update">
          <xpath>/configuration/appSettings/add[@key='SecondaryFileTypeCode']/@value</xpath>
          <value>${SecondaryFileTypeCode}</value>
        </nodeChange>
		<nodeChange action="update">
          <xpath>/configuration/appSettings/add[@key='JobOrchestrationFileTypeCode']/@value</xpath>
          <value>${JobOrchestrationFileTypeCode}</value>
        </nodeChange>
		<nodeChange action="update">
          <xpath>/configuration/appSettings/add[@key='JobFolderPathTag']/@value</xpath>
          <value>${JobFolderPathTag}</value>
        </nodeChange>
		<nodeChange action="update">
          <xpath>/configuration/appSettings/add[@key='BatchIdTag']/@value</xpath>
          <value>${BatchIdTag}</value>
        </nodeChange>
		<nodeChange action="update">
          <xpath>/configuration/appSettings/add[@key='BatchFolderPathTag']/@value</xpath>
          <value>${BatchFolderPathTag}</value>
        </nodeChange>
		<nodeChange action="update">
          <xpath>/configuration/appSettings/add[@key='InputFilesPathTag']/@value</xpath>
          <value>${InputFilesPathTag}</value>
        </nodeChange>
		<nodeChange action="update">
          <xpath>/configuration/appSettings/add[@key='JobFolderPathDefault']/@value</xpath>
          <value>${JobFolderPathDefault}</value>
        </nodeChange>
		<nodeChange action="update">
          <xpath>/configuration/appSettings/add[@key='InputFilesPathDefault']/@value</xpath>
          <value>${InputFilesPathDefault}</value>
        </nodeChange>
        <!-- Database Setup -->
        <nodeChange action="update">
          <xpath>/configuration/connectionStrings/add[@name='OutboundCorroGen']/@connectionString</xpath>
          <value>Server=${DALC_Server}; database=${DALC_Database};Integrated Security=true;" providerName="System.Data.SqlClient"</value>
        </nodeChange>
        <nodeChange action="update">
          <xpath>/configuration/connectionStrings/add[@name='Hangfire']/@connectionString</xpath>
          <value>Server=${Hangfire_Server}; Database=${Hangfire_Database}; Trusted_Connection=True; MultipleActiveResultSets=True;" providerName="System.Data.SqlClient" }</value>
        </nodeChange>
      </nodeChanges>
    </configurationChange>
  </configurationChanges>
</configuration>
