<?xml version="1.0"?>
<configuration>
  <windowsServiceApplication>
    <windowsService>
      <windowsServiceName>ATO.DCS.${InstanceKey}.Composition.Shared</windowsServiceName>
      <windowsServiceDisplayName>ATO-${InstanceKey}-DCS Shared</windowsServiceDisplayName>
      <windowsServiceDescription>ATO-${InstanceKey}-DCS Shared</windowsServiceDescription>
      <windowsServiceAssemblyPath>${targetdir}\WinSvc\${InstanceKey}\WinSvcs\DCS.Composition.Services.Shared\DCS.Composition.Services.Shared.exe</windowsServiceAssemblyPath>
      <windowsServiceStart>true</windowsServiceStart>
      <windowsServiceStartType>Disabled</windowsServiceStartType>
      <windowsServiceDependsOn>MSDTC</windowsServiceDependsOn>
    </windowsService>
  </windowsServiceApplication>
</configuration>
