<configuration>
  <configurationChanges>
    <configurationChange>
      <file>${TargetDir}\Ato.EN.ApplicationServices.MQ.ServiceHost.exe.config</file>
      <nodeChanges>
		  <nodeChange action="update">
			  <xpath>/configuration/appSettings/add[@key='LogTestAutomationSwitch']/@value</xpath>
			  <value>${LogTestAutomationSwitch}</value>
		  </nodeChange>
		  <nodeChange action="update">
			  <xpath>/configuration/appSettings/add[@key='LogMQIODLMessageReceivedSwitch']/@value</xpath>
			  <value>${LogMQIODLMessageReceivedSwitch}</value>
		  </nodeChange>
		  <nodeChange action="update">
			  <xpath>/configuration/appSettings/add[@key='LogMQBDEMessageReceivedSwitch']/@value</xpath>
			  <value>${LogMQBDEMessageReceivedSwitch}</value>
		  </nodeChange>
		  <nodeChange action="update">
			  <xpath>/configuration/appSettings/add[@key='LogMQMyGovMessageReceivedSwitch']/@value</xpath>
			  <value>${LogMQMyGovMessageReceivedSwitch}</value>
		  </nodeChange>
		  <nodeChange action="update">
			  <xpath>/configuration/appSettings/add[@key='LogTestAutomationLocation']/@value</xpath>
			  <value>${AtoApplicationDir}\AppLogs\StatusUpdater\${InstanceKey}\</value>
		  </nodeChange>
        <nodeChange action="update">
          <xpath>/configuration/appSettings/add[@key="DCSServicesAPIServerName"]/@value</xpath>
          <value>${DCSServicesAPIServerName}</value>
        </nodeChange>
        <nodeChange action="update">
          <xpath>/configuration/appSettings/add[@key="DCSServicesAPIPortNumber"]/@value</xpath>
          <value>${DCSServicesAPIPortNumber}</value>
        </nodeChange>
        <nodeChange action="update">
          <xpath>/configuration/connectionStrings/add[@name="OutBoundCorroGen"]/@connectionString</xpath>
          <value regex="(?i:server)\=[^;]*">server=${SQLInstance}</value>
        </nodeChange>
        <nodeChange action="update">
          <xpath>/configuration/connectionStrings/add[@name="OutBoundCorroGen"]/@connectionString</xpath>
          <value regex="(?i:database)\=[^;]*">database=${DatabaseName}</value>
        </nodeChange>
        <nodeChange action="update">
          <xpath>/configuration/loggingConfiguration[@name='Logging Application Block']/listeners/add[@name="Formatted EventLog TraceListener"]/@source</xpath>
          <value>${FormattedEventLogTraceListener}</value>
        </nodeChange>
        <!--MQ Config-->
        <nodeChange action="update" runapp="NOT ${MQServer.Channel.Cleanup}">
          <xpath>/configuration/Ato.EN.ApplicationServices.MQ/@ccdt</xpath>
          <value>${CCDTSourcePath}\${CCDTFile}</value>
        </nodeChange>
        <nodeChange action="update" runapp="NOT ${MQServer.Channel.Cleanup}">
          <xpath>/configuration/Ato.EN.ApplicationServices.MQ/transports/transport[@name='MQSeries']/@channel</xpath>
          <value>${ChannelName}.SVRCONN</value>
        </nodeChange>
        <nodeChange action="update" runapp="NOT ${MQServer.Channel.Cleanup}">
          <xpath>/configuration/Ato.EN.ApplicationServices.MQ/transports/transport[@name='MQSeries']/@hostName</xpath>
          <value>${MQSeries.hostName}</value>
        </nodeChange>
        <nodeChange action="update" runapp="NOT ${MQServer.Channel.Cleanup}">
          <xpath>/configuration/Ato.EN.ApplicationServices.MQ/transports/transport[@name='MQSeries']/@port</xpath>
          <value>${MQSeries.port}</value>
        </nodeChange>
        <nodeChange action="delete" runapp="${MQServer.Channel.Cleanup}">
          <xpath>/configuration/Ato.EN.ApplicationServices.MQ/transports/transport[@name='MQSeries']</xpath>
          <xmlattribute name="channel" />
        </nodeChange>
        <nodeChange action="delete" runapp="${MQServer.Channel.Cleanup}">
          <xpath>/configuration/Ato.EN.ApplicationServices.MQ/transports/transport[@name='MQSeries']</xpath>
          <xmlattribute name="hostName" />
        </nodeChange>
        <nodeChange action="delete" runapp="${MQServer.Channel.Cleanup}">
          <xpath>/configuration/Ato.EN.ApplicationServices.MQ/transports/transport[@name='MQSeries']</xpath>
          <xmlattribute name="port" />
        </nodeChange>
        <nodeChange action="update">
          <xpath>/configuration/Ato.EN.ApplicationServices.MQ/transports/transport[@name='MQSeries']/@isServerConnection</xpath>
          <value>${MQSeries.isServer}</value>
        </nodeChange>
        <nodeChange action="update">
          <xpath>/configuration/Ato.EN.ApplicationServices.MQ/eaiServices/eaiService/*/endpoint/@uri</xpath>
          <value regex="(WMQ://)[^/]*">WMQ://${QueueManager}</value>
        </nodeChange>
        </nodeChanges>
    </configurationChange>
  </configurationChanges>
</configuration>
