<configuration>
  <windowsServiceApplication>
    <windowsService>
      <windowsServiceName>ATO.DCS.${InstanceKey}.Gateway.StatusUpdater</windowsServiceName>
      <windowsServiceDisplayName>ATO.DCS.${InstanceKey}.Gateway.StatusUpdater</windowsServiceDisplayName>
      <windowsServiceDescription>ATO.DCS.${InstanceKey}.Gateway.StatusUpdater</windowsServiceDescription>
      <windowsServiceAssemblyPath>${TargetDir}\Ato.EN.ApplicationServices.MQ.ServiceHost.exe</windowsServiceAssemblyPath>
      <windowsServiceStart>false</windowsServiceStart>
      <windowsServiceStartType>Disabled</windowsServiceStartType>
      <windowsServiceRecoveryActions>
        <enableActionsForStopsWithErrors>true</enableActionsForStopsWithErrors>
        <resetFailCountAfter>1</resetFailCountAfter>
        <rebootMessage></rebootMessage>
        <runFile></runFile>
        <failure>
            <type>restart</type>
            <delay>1</delay>
        </failure>
        <failure>
            <type>restart</type>
            <delay>1</delay>
        </failure>
        <failure>
            <type>restart</type>
            <delay>1</delay>
        </failure>
      </windowsServiceRecoveryActions>
    </windowsService>
  </windowsServiceApplication>
</configuration>