<?xml version="1.0" encoding="utf-8"?>
<!-- ******************************************************* -->
<!-- !!!!! NEVER UPDATE THIS ENVIRONMENT FILE DIRECTLY !!!!! -->
<!--                                                         -->
<!-- ALWAYS use the Excel environment file editor to update  -->
<!-- and then generate the environment file.                 -->
<!-- ******************************************************* -->
<environments applicationName="ReturnedCorres" roleName="ReturnedCorres=WinSvc" securityCode="5324">
    <environment key="Level 1 DEVE - Web Node - Default" remoteDeploymentGroupName="" remoteDeploymentServers="">
        <group key="Login">
            <parameter key="winServiceIdentity">ATOTNETPRDCT\ServiceCorat</parameter>
            <parameter key="PsiDeploymentStatusEmailAddress">DCRTEnvironments2@ato.gov.au</parameter>
        </group>
        <group key="Database Setup">
            <parameter key="DALC_Server">SYD02H166FCA2\SQL002</parameter>
            <parameter key="DALC_Database">OutboundDEVE</parameter>
            <parameter key="SQLServer">SYD02H166FCA2\SQL002</parameter>
            <parameter key="Database">BusinessEventTrackingDEVE</parameter>
        </group>
        <group key="Deployment">
            <parameter key="Environment">DEVE</parameter>
            <parameter key="QueueManager">GSUWEB1M1</parameter>
            <parameter key="ChannelName"></parameter>
            <parameter key="CCDTSourcePath">${InstallDrive}\EAI\CCDT</parameter>
            <parameter key="CCDTFile">${Environment}.OUT.TAB</parameter>
            <parameter key="MQSeries.hostName"></parameter>
            <parameter key="MQSeries.port"></parameter>
            <parameter key="MQSeries.isServer">TRUE</parameter>
            <parameter key="MQServer.Channel.Cleanup">TRUE</parameter>
            <parameter key="SearchMaintainURLServerName">OTBWebRoot</parameter>
            <parameter key="ClientRegistryURLServerName">ICPWebRoot</parameter>
        </group>
    </environment>
    <environment key="Level 1 - OUTBBAT00001DEH - DevH, Batch Node (GSU)" remoteDeploymentGroupName="" remoteDeploymentServers="">
        <group key="Login">
            <parameter key="winServiceIdentity">ATOTNETPRDCT\ServiceCorat</parameter>
            <parameter key="PsiDeploymentStatusEmailAddress">DCRTEnvironments2@ato.gov.au</parameter>
        </group>
        <group key="Database Setup">
            <parameter key="DALC_Server">MSQSSQLA1G2AT\SQL001</parameter>
            <parameter key="DALC_Database">OutboundDEVH</parameter>
            <parameter key="SQLServer">MSQSSQL00003DE.product.atotnet.gov.au\SQL001,61301</parameter>
            <parameter key="Database">BETIDTrackingDEVH</parameter>
        </group>
        <group key="Deployment">
            <parameter key="Environment">DEVH</parameter>
            <parameter key="QueueManager">CGS_1_01</parameter>
            <parameter key="ChannelName">OUT.CGS01</parameter>
            <parameter key="CCDTSourcePath">${InstallDrive}\EAI\CCDT</parameter>
            <parameter key="CCDTFile">${Environment}.OUT.TAB</parameter>
            <parameter key="MQSeries.hostName">10.192.57.216</parameter>
            <parameter key="MQSeries.port">1417</parameter>
            <parameter key="MQSeries.isServer">FALSE</parameter>
            <parameter key="MQServer.Channel.Cleanup">FALSE</parameter>
            <parameter key="SearchMaintainURLServerName">OTBWebRoot</parameter>
            <parameter key="ClientRegistryURLServerName">OTBWebRoot</parameter>
        </group>
    </environment>
    <environment key="Level 1 - OBOABAT00001DEI - DevI, Batch Node (GSU)" remoteDeploymentGroupName="" remoteDeploymentServers="">
        <group key="Login">
            <parameter key="winServiceIdentity">ATOTNETPRDCT\ServiceCorat</parameter>
            <parameter key="PsiDeploymentStatusEmailAddress">DCRTEnvironments2@ato.gov.au</parameter>
        </group>
        <group key="Database Setup">
            <parameter key="DALC_Server">MSQSSQLA1G2AT\SQL001</parameter>
            <parameter key="DALC_Database">OutboundDEVI</parameter>
            <parameter key="SQLServer">MSQSSQL00003DE.product.atotnet.gov.au\SQL001,61301</parameter>
            <parameter key="Database">BETIDTrackingDEVI</parameter>
        </group>
        <group key="Deployment">
            <parameter key="Environment">DEVI</parameter>
            <parameter key="QueueManager">CGS_A_01</parameter>
            <parameter key="ChannelName">OUT.CGS01</parameter>
            <parameter key="CCDTSourcePath">${InstallDrive}\EAI\CCDT</parameter>
            <parameter key="CCDTFile">${Environment}.OUT.TAB</parameter>
            <parameter key="MQSeries.hostName">10.192.57.216</parameter>
            <parameter key="MQSeries.port">1415</parameter>
            <parameter key="MQSeries.isServer">FALSE</parameter>
            <parameter key="MQServer.Channel.Cleanup">FALSE</parameter>
            <parameter key="SearchMaintainURLServerName">OTBWebRoot</parameter>
            <parameter key="ClientRegistryURLServerName">OTBWebRoot</parameter>
        </group>
    </environment>
    <environment key="Level 1 - OUTBBAT00002DEA - DEA, Batch Node (GSU)" remoteDeploymentGroupName="" remoteDeploymentServers="">
        <group key="Login">
            <parameter key="winServiceIdentity">ATOTNETPRDCT\ServiceCorat</parameter>
            <parameter key="PsiDeploymentStatusEmailAddress">DCRTEnvironments2@ato.gov.au</parameter>
        </group>
        <group key="Database Setup">
            <parameter key="DALC_Server">OUTBSQL00001DES\SQL001</parameter>
            <parameter key="DALC_Database">OutboundDEA</parameter>
            <parameter key="SQLServer">TECXSQL00001DES.product.atotnet.gov.au\SQL001,61301</parameter>
            <parameter key="Database">BETIDTrackingDEA</parameter>
        </group>
        <group key="Deployment">
            <parameter key="Environment">DEA</parameter>
            <parameter key="QueueManager">CGS_1A01</parameter>
            <parameter key="ChannelName">OUT.CGS01</parameter>
            <parameter key="CCDTSourcePath">${InstallDrive}\EAI\CCDT</parameter>
            <parameter key="CCDTFile">${Environment}.OUT.TAB</parameter>
            <parameter key="MQSeries.hostName">10.195.108.51</parameter>
            <parameter key="MQSeries.port">1414</parameter>
            <parameter key="MQSeries.isServer">FALSE</parameter>
            <parameter key="MQServer.Channel.Cleanup">FALSE</parameter>
            <parameter key="SearchMaintainURLServerName">OTBWebRoot</parameter>
            <parameter key="ClientRegistryURLServerName">OTBWebRoot</parameter>
        </group>
    </environment>
    <environment key="Level 1 - OUTBBAT00001DEB - DEB, Batch Node (GSU)" remoteDeploymentGroupName="" remoteDeploymentServers="">
        <group key="Login">
            <parameter key="winServiceIdentity">ATOTNETPRDCT\ServiceCorat</parameter>
            <parameter key="PsiDeploymentStatusEmailAddress">DCRTEnvironments2@ato.gov.au</parameter>
        </group>
        <group key="Database Setup">
            <parameter key="DALC_Server">OUTBSQL00001DES\SQL001</parameter>
            <parameter key="DALC_Database">OutboundDEB</parameter>
            <parameter key="SQLServer">TECXSQL00001DES.product.atotnet.gov.au\SQL001,61301</parameter>
            <parameter key="Database">BETIDTrackingDEB</parameter>
        </group>
        <group key="Deployment">
            <parameter key="Environment">DEB</parameter>
            <parameter key="QueueManager">CGS_1B01</parameter>
            <parameter key="ChannelName">OUT.CGS01</parameter>
            <parameter key="CCDTSourcePath">${InstallDrive}\EAI\CCDT</parameter>
            <parameter key="CCDTFile">${Environment}.OUT.TAB</parameter>
            <parameter key="MQSeries.hostName">10.195.104.171</parameter>
            <parameter key="MQSeries.port">1414</parameter>
            <parameter key="MQSeries.isServer">FALSE</parameter>
            <parameter key="MQServer.Channel.Cleanup">FALSE</parameter>
            <parameter key="SearchMaintainURLServerName">OTBWebRoot</parameter>
            <parameter key="ClientRegistryURLServerName">OTBWebRoot</parameter>
        </group>
    </environment>
    <environment key="Level 1 - OUTBBAT00001DEM - DEM, Batch Node (GSU)" remoteDeploymentGroupName="" remoteDeploymentServers="">
        <group key="Login">
            <parameter key="winServiceIdentity">ATOTNETPRDCT\ServiceCorat</parameter>
            <parameter key="PsiDeploymentStatusEmailAddress">DCRTEnvironments2@ato.gov.au</parameter>
        </group>
        <group key="Database Setup">
            <parameter key="DALC_Server">OUTBSQL00001DES\SQL001</parameter>
            <parameter key="DALC_Database">OutboundDEM</parameter>
            <parameter key="SQLServer">TECXSQL00001DES.product.atotnet.gov.au\SQL001,61301</parameter>
            <parameter key="Database">BETIDTrackingDEM</parameter>
        </group>
        <group key="Deployment">
            <parameter key="Environment">DEM</parameter>
            <parameter key="QueueManager">CGS_1R01</parameter>
            <parameter key="ChannelName">OUT.CGS01</parameter>
            <parameter key="CCDTSourcePath">${InstallDrive}\EAI\CCDT</parameter>
            <parameter key="CCDTFile">${Environment}.OUT.TAB</parameter>
            <parameter key="MQSeries.hostName">10.195.104.222</parameter>
            <parameter key="MQSeries.port">1414</parameter>
            <parameter key="MQSeries.isServer">FALSE</parameter>
            <parameter key="MQServer.Channel.Cleanup">FALSE</parameter>
            <parameter key="SearchMaintainURLServerName">OTBWebRoot</parameter>
            <parameter key="ClientRegistryURLServerName">OTBWebRoot</parameter>
        </group>
    </environment>
    <environment key="Level 1 - XSUPAPPZ0004at - DevK, Batch Node (GSU)" remoteDeploymentGroupName="" remoteDeploymentServers="">
        <group key="Login">
            <parameter key="winServiceIdentity">ATOTNETPRDCT\ServiceCorat</parameter>
            <parameter key="PsiDeploymentStatusEmailAddress">DCRTEnvironments2@ato.gov.au</parameter>
        </group>
        <group key="Database Setup">
            <parameter key="DALC_Server">MSQSSQLA1G2AT\SQL001</parameter>
            <parameter key="DALC_Database">OutboundDEVK</parameter>
            <parameter key="SQLServer">MSQSSQL00003DE.product.atotnet.gov.au\SQL001,61301</parameter>
            <parameter key="Database">BETIDTrackingDEVK</parameter>
        </group>
        <group key="Deployment">
            <parameter key="Environment">DEVK</parameter>
            <parameter key="QueueManager">CGS_T_01</parameter>
            <parameter key="ChannelName">OUT.CGS01</parameter>
            <parameter key="CCDTSourcePath">${InstallDrive}\EAI\CCDT</parameter>
            <parameter key="CCDTFile">${Environment}.OUT.TAB</parameter>
            <parameter key="MQSeries.hostName">10.192.57.216</parameter>
            <parameter key="MQSeries.port">1414</parameter>
            <parameter key="MQSeries.isServer">FALSE</parameter>
            <parameter key="MQServer.Channel.Cleanup">FALSE</parameter>
            <parameter key="SearchMaintainURLServerName">OTBWebRoot</parameter>
            <parameter key="ClientRegistryURLServerName">OTBWebRoot</parameter>
        </group>
    </environment>
    <environment key="Level 1 - OUTBBAT00001DEP - DevP, Batch Node (GSU)" remoteDeploymentGroupName="" remoteDeploymentServers="">
        <group key="Login">
            <parameter key="winServiceIdentity">ATOTNETPRDCT\ServiceCorat</parameter>
            <parameter key="PsiDeploymentStatusEmailAddress">DCRTEnvironments2@ato.gov.au</parameter>
        </group>
        <group key="Database Setup">
            <parameter key="DALC_Server">MSQSSQLA1G2AT\SQL001</parameter>
            <parameter key="DALC_Database">OutboundDEVP</parameter>
            <parameter key="SQLServer">MSQSSQL00003DE.product.atotnet.gov.au\SQL001,61301</parameter>
            <parameter key="Database">BETIDTrackingDEVP</parameter>
        </group>
        <group key="Deployment">
            <parameter key="Environment">DEVP</parameter>
            <parameter key="QueueManager">CGS_7_01</parameter>
            <parameter key="ChannelName">OUT.CGS01</parameter>
            <parameter key="CCDTSourcePath">${InstallDrive}\EAI\CCDT</parameter>
            <parameter key="CCDTFile">${Environment}.OUT.TAB</parameter>
            <parameter key="MQSeries.hostName">10.7.141.149</parameter>
            <parameter key="MQSeries.port">1414</parameter>
            <parameter key="MQSeries.isServer">FALSE</parameter>
            <parameter key="MQServer.Channel.Cleanup">FALSE</parameter>
            <parameter key="SearchMaintainURLServerName">OTBWebRoot</parameter>
            <parameter key="ClientRegistryURLServerName">OTBWebRoot</parameter>
        </group>
    </environment>
    <environment key="Level 1 - OBUIBAT00001DEG - DevG, Batch Node (GSU)" remoteDeploymentGroupName="" remoteDeploymentServers="">
        <group key="Login">
            <parameter key="winServiceIdentity">ATOTNETPRDCT\ServiceCorat</parameter>
            <parameter key="PsiDeploymentStatusEmailAddress">DCRTEnvironments2@ato.gov.au</parameter>
        </group>
        <group key="Database Setup">
            <parameter key="DALC_Server">MSQSSQLA1G2AT\SQL001</parameter>
            <parameter key="DALC_Database">OutboundDEVG</parameter>
            <parameter key="SQLServer">MSQSSQL00003DE.product.atotnet.gov.au\SQL001,61301</parameter>
            <parameter key="Database">BETIDTrackingDEVG</parameter>
        </group>
        <group key="Deployment">
            <parameter key="Environment">DEVG</parameter>
            <parameter key="QueueManager">CGS_1N01</parameter>
            <parameter key="ChannelName">OUT.CGS01</parameter>
            <parameter key="CCDTSourcePath">${InstallDrive}\EAI\CCDT</parameter>
            <parameter key="CCDTFile">${Environment}.OUT.TAB</parameter>
            <parameter key="MQSeries.hostName">10.7.141.149</parameter>
            <parameter key="MQSeries.port">1416</parameter>
            <parameter key="MQSeries.isServer">FALSE</parameter>
            <parameter key="MQServer.Channel.Cleanup">FALSE</parameter>
            <parameter key="SearchMaintainURLServerName">OTBWebRoot</parameter>
            <parameter key="ClientRegistryURLServerName">OTBWebRoot</parameter>
        </group>
    </environment>
    <environment key="Level 1 - OBOABAT00001DEQ - DevQ, Batch Node (GSU)" remoteDeploymentGroupName="" remoteDeploymentServers="">
        <group key="Login">
            <parameter key="winServiceIdentity">ATOTNETPRDCT\ServiceCorat</parameter>
            <parameter key="PsiDeploymentStatusEmailAddress">DCRTEnvironments2@ato.gov.au</parameter>
        </group>
        <group key="Database Setup">
            <parameter key="DALC_Server">MSQSSQLA1G2AT\SQL001</parameter>
            <parameter key="DALC_Database">OutboundDEVQ</parameter>
            <parameter key="SQLServer">MSQSSQL00003DE.product.atotnet.gov.au\SQL001,61301</parameter>
            <parameter key="Database">BETIDTrackingDEVQ</parameter>
        </group>
        <group key="Deployment">
            <parameter key="Environment">DEVQ</parameter>
            <parameter key="QueueManager">CGS_4_01</parameter>
            <parameter key="ChannelName">OUT.CGS01</parameter>
            <parameter key="CCDTSourcePath">${InstallDrive}\EAI\CCDT</parameter>
            <parameter key="CCDTFile">${Environment}.OUT.TAB</parameter>
            <parameter key="MQSeries.hostName">10.7.141.149</parameter>
            <parameter key="MQSeries.port">1415</parameter>
            <parameter key="MQSeries.isServer">FALSE</parameter>
            <parameter key="MQServer.Channel.Cleanup">FALSE</parameter>
            <parameter key="SearchMaintainURLServerName">OTBWebRoot</parameter>
            <parameter key="ClientRegistryURLServerName">OTBWebRoot</parameter>
        </group>
    </environment>
    <environment key="Level 1 - OBUIBAT00002DEW - DevW, Batch Node (GSU)" remoteDeploymentGroupName="" remoteDeploymentServers="">
        <group key="Login">
            <parameter key="winServiceIdentity">ATOTNETPRDCT\ServiceCorat</parameter>
            <parameter key="PsiDeploymentStatusEmailAddress">DCRTEnvironments2@ato.gov.au</parameter>
        </group>
        <group key="Database Setup">
            <parameter key="DALC_Server">MSQSSQLA1G2AT\SQL001</parameter>
            <parameter key="DALC_Database">OutboundDEVW</parameter>
            <parameter key="SQLServer">MSQSSQL00003DE.product.atotnet.gov.au\SQL001,61301</parameter>
            <parameter key="Database">BETIDTrackingDEVW</parameter>
        </group>
        <group key="Deployment">
            <parameter key="Environment">DEVW</parameter>
            <parameter key="QueueManager">CGS_1L01</parameter>
            <parameter key="ChannelName">OUT.CGS01</parameter>
            <parameter key="CCDTSourcePath">${InstallDrive}\EAI\CCDT</parameter>
            <parameter key="CCDTFile">${Environment}.OUT.TAB</parameter>
            <parameter key="MQSeries.hostName">10.192.57.216</parameter>
            <parameter key="MQSeries.port">1416</parameter>
            <parameter key="MQSeries.isServer">FALSE</parameter>
            <parameter key="MQServer.Channel.Cleanup">FALSE</parameter>
            <parameter key="SearchMaintainURLServerName">OTBWebRoot</parameter>
            <parameter key="ClientRegistryURLServerName">OTBWebRoot</parameter>
        </group>
    </environment>
    <environment key="Level 2 - OBUIBAT00001ATG - ATG Batch Node" remoteDeploymentGroupName="" remoteDeploymentServers="">
        <group key="Login">
            <parameter key="winServiceIdentity">ATOTNETPRDCT\ServiceCores</parameter>
            <parameter key="PsiDeploymentStatusEmailAddress">DCRTEnvironments2@ato.gov.au</parameter>
        </group>
        <group key="Database Setup">
            <parameter key="DALC_Server">MSQSSQLA1G2AT\SQL001</parameter>
            <parameter key="DALC_Database">OutboundATG</parameter>
            <parameter key="SQLServer">MSQSSQLA1G2AT\SQL001</parameter>
            <parameter key="Database">BETIDTrackingATG</parameter>
        </group>
        <group key="Deployment">
            <parameter key="Environment">ATG</parameter>
            <parameter key="QueueManager">CGS_2N01</parameter>
            <parameter key="ChannelName">OUT.CGS01</parameter>
            <parameter key="CCDTSourcePath">${InstallDrive}\EAI\CCDT</parameter>
            <parameter key="CCDTFile">${Environment}.OUT.TAB</parameter>
            <parameter key="MQSeries.hostName">10.192.46.36</parameter>
            <parameter key="MQSeries.port">1417</parameter>
            <parameter key="MQSeries.isServer">FALSE</parameter>
            <parameter key="MQServer.Channel.Cleanup">FALSE</parameter>
            <parameter key="SearchMaintainURLServerName">OTBWebRoot</parameter>
            <parameter key="ClientRegistryURLServerName">ICPWebRoot</parameter>
        </group>
    </environment>
    <environment key="Level 2 - OBUIBAT00001ATH - ATH Batch Node" remoteDeploymentGroupName="" remoteDeploymentServers="">
        <group key="Login">
            <parameter key="winServiceIdentity">ATOTNETPRDCT\ServiceCores</parameter>
            <parameter key="PsiDeploymentStatusEmailAddress">DCRTEnvironments2@ato.gov.au</parameter>
        </group>
        <group key="Database Setup">
            <parameter key="DALC_Server">MSQSSQLA1G2AT\SQL001</parameter>
            <parameter key="DALC_Database">OutboundATH</parameter>
            <parameter key="SQLServer">SYD02H805FV\SQL001</parameter>
            <parameter key="Database">BETIDTrackingATH</parameter>
        </group>
        <group key="Deployment">
            <parameter key="Environment">ATH</parameter>
            <parameter key="QueueManager">CGS_E_01</parameter>
            <parameter key="ChannelName">OUT.CGS01</parameter>
            <parameter key="CCDTSourcePath">${InstallDrive}\EAI\CCDT</parameter>
            <parameter key="CCDTFile">${Environment}.OUT.TAB</parameter>
            <parameter key="MQSeries.hostName">10.192.46.36</parameter>
            <parameter key="MQSeries.port">1416</parameter>
            <parameter key="MQSeries.isServer">FALSE</parameter>
            <parameter key="MQServer.Channel.Cleanup">FALSE</parameter>
            <parameter key="SearchMaintainURLServerName">OTBWebRoot</parameter>
            <parameter key="ClientRegistryURLServerName">ICPWebRoot</parameter>
        </group>
    </environment>
    <environment key="Level 2 - OBOABAT00001ATJ - ATJ Batch Node" remoteDeploymentGroupName="" remoteDeploymentServers="">
        <group key="Login">
            <parameter key="winServiceIdentity">ATOTNETPRDCT\ServiceCores</parameter>
            <parameter key="PsiDeploymentStatusEmailAddress">DCRTEnvironments2@ato.gov.au</parameter>
        </group>
        <group key="Database Setup">
            <parameter key="DALC_Server">MSQSSQLA1G2AT\sql001</parameter>
            <parameter key="DALC_Database">OutboundATJ</parameter>
            <parameter key="SQLServer">SYD02H805FV\SQL001</parameter>
            <parameter key="Database">BETIDTrackingATJ</parameter>
        </group>
        <group key="Deployment">
            <parameter key="Environment">ATJ</parameter>
            <parameter key="QueueManager">CGS_3_01</parameter>
            <parameter key="ChannelName">OUT.CGS01</parameter>
            <parameter key="CCDTSourcePath">${InstallDrive}\EAI\CCDT</parameter>
            <parameter key="CCDTFile">${Environment}.OUT.TAB</parameter>
            <parameter key="MQSeries.hostName">10.7.141.151</parameter>
            <parameter key="MQSeries.port">1415</parameter>
            <parameter key="MQSeries.isServer">FALSE</parameter>
            <parameter key="MQServer.Channel.Cleanup">FALSE</parameter>
            <parameter key="SearchMaintainURLServerName">OTBWebRoot</parameter>
            <parameter key="ClientRegistryURLServerName">ICPWebRoot</parameter>
        </group>
    </environment>
    <environment key="Level 2 - XSUPWEBZ0068AT - ATL Batch Node" remoteDeploymentGroupName="" remoteDeploymentServers="">
        <group key="Login">
            <parameter key="winServiceIdentity">ATOTNETPRDCT\ServiceCores</parameter>
            <parameter key="PsiDeploymentStatusEmailAddress">DCRTEnvironments2@ato.gov.au</parameter>
        </group>
        <group key="Database Setup">
            <parameter key="DALC_Server">MSQSSQLA1G2AT\sql001</parameter>
            <parameter key="DALC_Database">OutboundATL</parameter>
            <parameter key="SQLServer">SYD02H805FV\sql001</parameter>
            <parameter key="Database">BETIDTrackingATL</parameter>
        </group>
        <group key="Deployment">
            <parameter key="Environment">ATL</parameter>
            <parameter key="QueueManager">CGS_I_01</parameter>
            <parameter key="ChannelName">OUT.CGS01</parameter>
            <parameter key="CCDTSourcePath">${InstallDrive}\EAI\CCDT</parameter>
            <parameter key="CCDTFile">${Environment}.OUT.TAB</parameter>
            <parameter key="MQSeries.hostName">10.192.46.36</parameter>
            <parameter key="MQSeries.port">1414</parameter>
            <parameter key="MQSeries.isServer">FALSE</parameter>
            <parameter key="MQServer.Channel.Cleanup">FALSE</parameter>
            <parameter key="SearchMaintainURLServerName">OTBWebRoot</parameter>
            <parameter key="ClientRegistryURLServerName">ICPWebRoot</parameter>
        </group>
    </environment>
    <environment key="Level 2 - OBOABAT00001ATN - ATN Batch Node" remoteDeploymentGroupName="" remoteDeploymentServers="">
        <group key="Login">
            <parameter key="winServiceIdentity">ATOTNETPRDCT\ServiceCores</parameter>
            <parameter key="PsiDeploymentStatusEmailAddress">DCRTEnvironments2@ato.gov.au</parameter>
        </group>
        <group key="Database Setup">
            <parameter key="DALC_Server">MSQSSQLA1G2AT\sql001</parameter>
            <parameter key="DALC_Database">OutboundATN</parameter>
            <parameter key="SQLServer">SYD02H805FV\sql001</parameter>
            <parameter key="Database">BETIDTrackingATN</parameter>
        </group>
        <group key="Deployment">
            <parameter key="Environment">ATN</parameter>
            <parameter key="QueueManager">CGS_K_01</parameter>
            <parameter key="ChannelName">OUT.CGS01</parameter>
            <parameter key="CCDTSourcePath">${InstallDrive}\EAI\CCDT</parameter>
            <parameter key="CCDTFile">${Environment}.OUT.TAB</parameter>
            <parameter key="MQSeries.hostName">10.192.46.36</parameter>
            <parameter key="MQSeries.port">1415</parameter>
            <parameter key="MQSeries.isServer">FALSE</parameter>
            <parameter key="MQServer.Channel.Cleanup">FALSE</parameter>
            <parameter key="SearchMaintainURLServerName">OTBWebRoot</parameter>
            <parameter key="ClientRegistryURLServerName">ICPWebRoot</parameter>
        </group>
    </environment>
    <environment key="Level 2 - OUTBBAT00001ATW - ATW Batch Node" remoteDeploymentGroupName="" remoteDeploymentServers="">
        <group key="Login">
            <parameter key="winServiceIdentity">ATOTNETPRDCT\ServiceCores</parameter>
            <parameter key="PsiDeploymentStatusEmailAddress">DCRTEnvironments2@ato.gov.au</parameter>
        </group>
        <group key="Database Setup">
            <parameter key="DALC_Server">MSQSSQLA1G2AT\SQL001</parameter>
            <parameter key="DALC_Database">OutboundATW</parameter>
            <parameter key="SQLServer">SYD02H805FV\SQL001</parameter>
            <parameter key="Database">BETIDTrackingATW</parameter>
        </group>
        <group key="Deployment">
            <parameter key="Environment">ATW</parameter>
            <parameter key="QueueManager">CGS_2C01</parameter>
            <parameter key="ChannelName">OUT.CGS01</parameter>
            <parameter key="CCDTSourcePath">${InstallDrive}\EAI\CCDT</parameter>
            <parameter key="CCDTFile">${Environment}.OUT.TAB</parameter>
            <parameter key="MQSeries.hostName">10.192.63.108</parameter>
            <parameter key="MQSeries.port">1414</parameter>
            <parameter key="MQSeries.isServer">FALSE</parameter>
            <parameter key="MQServer.Channel.Cleanup">FALSE</parameter>
            <parameter key="SearchMaintainURLServerName">OTBWebRoot</parameter>
            <parameter key="ClientRegistryURLServerName">ICPWebRoot</parameter>
        </group>
    </environment>
    <environment key="Level 2 - OUTBBAT00001ATA - ATA Batch Node" remoteDeploymentGroupName="" remoteDeploymentServers="">
        <group key="Login">
            <parameter key="winServiceIdentity">ATOTNETPRDCT\ServiceCores</parameter>
            <parameter key="PsiDeploymentStatusEmailAddress">DCRTEnvironments2@ato.gov.au</parameter>
        </group>
        <group key="Database Setup">
            <parameter key="DALC_Server">OUTBSQL00001ATS\SQL001</parameter>
            <parameter key="DALC_Database">OutboundATA</parameter>
            <parameter key="SQLServer">TECXSQL00003ATS\SQL001</parameter>
            <parameter key="Database">BETIDTrackingATA</parameter>
        </group>
        <group key="Deployment">
            <parameter key="Environment">ATA</parameter>
            <parameter key="QueueManager">CGS_2B01</parameter>
            <parameter key="ChannelName">OUT.CGS01</parameter>
            <parameter key="CCDTSourcePath">${InstallDrive}\EAI\CCDT</parameter>
            <parameter key="CCDTFile">${Environment}.OUT.TAB</parameter>
            <parameter key="MQSeries.hostName">10.195.104.55</parameter>
            <parameter key="MQSeries.port">1414</parameter>
            <parameter key="MQSeries.isServer">FALSE</parameter>
            <parameter key="MQServer.Channel.Cleanup">FALSE</parameter>
            <parameter key="SearchMaintainURLServerName">OTBWebRoot</parameter>
            <parameter key="ClientRegistryURLServerName">ICPWebRoot</parameter>
        </group>
    </environment>
    <environment key="Level 2 - OUTBBAT00001ATB - ATB Batch Node" remoteDeploymentGroupName="" remoteDeploymentServers="">
        <group key="Login">
            <parameter key="winServiceIdentity">ATOTNETPRDCT\ServiceCores</parameter>
            <parameter key="PsiDeploymentStatusEmailAddress">DCRTEnvironments2@ato.gov.au</parameter>
        </group>
        <group key="Database Setup">
            <parameter key="DALC_Server">OUTBSQL00001ATS\SQL001</parameter>
            <parameter key="DALC_Database">OutboundATB</parameter>
            <parameter key="SQLServer">TECXSQL00003ATS\SQL001</parameter>
            <parameter key="Database">BETIDTrackingATB</parameter>
        </group>
        <group key="Deployment">
            <parameter key="Environment">ATB</parameter>
            <parameter key="QueueManager">CGS_2A01</parameter>
            <parameter key="ChannelName">OUT.CGS01</parameter>
            <parameter key="CCDTSourcePath">${InstallDrive}\EAI\CCDT</parameter>
            <parameter key="CCDTFile">${Environment}.OUT.TAB</parameter>
            <parameter key="MQSeries.hostName">10.195.104.196</parameter>
            <parameter key="MQSeries.port">1414</parameter>
            <parameter key="MQSeries.isServer">FALSE</parameter>
            <parameter key="MQServer.Channel.Cleanup">FALSE</parameter>
            <parameter key="SearchMaintainURLServerName">OTBWebRoot</parameter>
            <parameter key="ClientRegistryURLServerName">ICPWebRoot</parameter>
        </group>
    </environment>
    <environment key="Level 2 - OUTBBAT00001ATM - ATM Batch Node" remoteDeploymentGroupName="" remoteDeploymentServers="">
        <group key="Login">
            <parameter key="winServiceIdentity">ATOTNETPRDCT\ServiceCores</parameter>
            <parameter key="PsiDeploymentStatusEmailAddress">DCRTEnvironments2@ato.gov.au</parameter>
        </group>
        <group key="Database Setup">
            <parameter key="DALC_Server">OUTBSQL00001ATS\SQL001</parameter>
            <parameter key="DALC_Database">OutboundATM</parameter>
            <parameter key="SQLServer">TECXSQL00003ATS\SQL001</parameter>
            <parameter key="Database">BETIDTrackingATM</parameter>
        </group>
        <group key="Deployment">
            <parameter key="Environment">ATM</parameter>
            <parameter key="QueueManager">CGS_2_01</parameter>
            <parameter key="ChannelName">OUT.CGS01</parameter>
            <parameter key="CCDTSourcePath">${InstallDrive}\EAI\CCDT</parameter>
            <parameter key="CCDTFile">${Environment}.OUT.TAB</parameter>
            <parameter key="MQSeries.hostName">10.195.104.252</parameter>
            <parameter key="MQSeries.port">1414</parameter>
            <parameter key="MQSeries.isServer">FALSE</parameter>
            <parameter key="MQServer.Channel.Cleanup">FALSE</parameter>
            <parameter key="SearchMaintainURLServerName">OTBWebRoot</parameter>
            <parameter key="ClientRegistryURLServerName">ICPWebRoot</parameter>
        </group>
    </environment>
    <environment key="Level 3 - OUTBBAT00001PTE - PTE, Batch Node" remoteDeploymentGroupName="" remoteDeploymentServers="">
        <group key="Login">
            <parameter key="winServiceIdentity">ATOTNETINTGRT\ServiceCores</parameter>
            <parameter key="PsiDeploymentStatusEmailAddress">DCRTEnvironments2@ato.gov.au</parameter>
        </group>
        <group key="Database Setup">
            <parameter key="DALC_Server">MSQSSQLA1G3PT\SQL001</parameter>
            <parameter key="DALC_Database">OutboundPTE</parameter>
            <parameter key="SQLServer">SYD02H555IV\sql001</parameter>
            <parameter key="Database">BETIDTrackingPTE</parameter>
        </group>
        <group key="Deployment">
            <parameter key="Environment">PTE</parameter>
            <parameter key="QueueManager">CGS_3F01</parameter>
            <parameter key="ChannelName">OUT.CGS01</parameter>
            <parameter key="CCDTSourcePath">${InstallDrive}\EAI\CCDT</parameter>
            <parameter key="CCDTFile">${Environment}.OUT.TAB</parameter>
            <parameter key="MQSeries.hostName">10.7.12.95</parameter>
            <parameter key="MQSeries.port">1415</parameter>
            <parameter key="MQSeries.isServer">FALSE</parameter>
            <parameter key="MQServer.Channel.Cleanup">FALSE</parameter>
            <parameter key="SearchMaintainURLServerName">interviewpte.integrate.atotnet.gov.au/OutboundWeb</parameter>
            <parameter key="ClientRegistryURLServerName">icppte.integrate.atotnet.gov.au/ICPWeb</parameter>
        </group>
    </environment>
    <environment key="Level 3 - OBUIBAT00001PTG - PTG, Batch Node" remoteDeploymentGroupName="" remoteDeploymentServers="">
        <group key="Login">
            <parameter key="winServiceIdentity">ATOTNETINTGRT\ServiceCores</parameter>
            <parameter key="PsiDeploymentStatusEmailAddress">DCRTEnvironments2@ato.gov.au</parameter>
        </group>
        <group key="Database Setup">
            <parameter key="DALC_Server">MSQSSQLA1G3PT\SQL001</parameter>
            <parameter key="DALC_Database">OutboundPTG</parameter>
            <parameter key="SQLServer">SYD02H555IV\sql001</parameter>
            <parameter key="Database">BETIDTrackingPTG</parameter>
        </group>
        <group key="Deployment">
            <parameter key="Environment">PTG</parameter>
            <parameter key="QueueManager">CGS_C_01</parameter>
            <parameter key="ChannelName">OUT.CGS01</parameter>
            <parameter key="CCDTSourcePath">${InstallDrive}\EAI\CCDT</parameter>
            <parameter key="CCDTFile">${Environment}.OUT.TAB</parameter>
            <parameter key="MQSeries.hostName">10.7.12.95</parameter>
            <parameter key="MQSeries.port">1416</parameter>
            <parameter key="MQSeries.isServer">FALSE</parameter>
            <parameter key="MQServer.Channel.Cleanup">FALSE</parameter>
            <parameter key="SearchMaintainURLServerName">interviewptg.integrate.atotnet.gov.au/OutboundWeb</parameter>
            <parameter key="ClientRegistryURLServerName">icpptg.integrate.atotnet.gov.au/ICPWeb</parameter>
        </group>
    </environment>
    <environment key="Level 3 - OAXXAPP00001PT - PTH Batch Node" remoteDeploymentGroupName="" remoteDeploymentServers="">
        <group key="Login">
            <parameter key="winServiceIdentity">ATOTNETINTGRT\ServiceCores</parameter>
            <parameter key="PsiDeploymentStatusEmailAddress">DCRTEnvironments2@ato.gov.au</parameter>
        </group>
        <group key="Database Setup">
            <parameter key="DALC_Server">MSQSSQLA1G3PT\sql001</parameter>
            <parameter key="DALC_Database">OutboundPTH</parameter>
            <parameter key="SQLServer">SYD02H555IV\sql001</parameter>
            <parameter key="Database">BETIDTrackingPTH</parameter>
        </group>
        <group key="Deployment">
            <parameter key="Environment">PTH</parameter>
            <parameter key="QueueManager">CGS_Q_01</parameter>
            <parameter key="ChannelName">OUT.CGS01</parameter>
            <parameter key="CCDTSourcePath">${InstallDrive}\EAI\CCDT</parameter>
            <parameter key="CCDTFile">${Environment}.OUT.TAB</parameter>
            <parameter key="MQSeries.hostName">10.7.12.95</parameter>
            <parameter key="MQSeries.port">1417</parameter>
            <parameter key="MQSeries.isServer">FALSE</parameter>
            <parameter key="MQServer.Channel.Cleanup">FALSE</parameter>
            <parameter key="SearchMaintainURLServerName">interviewpth.integrate.atotnet.gov.au/OutboundWeb</parameter>
            <parameter key="ClientRegistryURLServerName">icppth.integrate.atotnet.gov.au/ICPWeb</parameter>
        </group>
    </environment>
    <environment key="Level 3 - OUTCBAT01G3PTI - PTI Batch Node" remoteDeploymentGroupName="" remoteDeploymentServers="">
        <group key="Login">
            <parameter key="winServiceIdentity">ATOTNETINTGRT\ServiceCores</parameter>
            <parameter key="PsiDeploymentStatusEmailAddress">DCRTEnvironments2@ato.gov.au</parameter>
        </group>
        <group key="Database Setup">
            <parameter key="DALC_Server">MSQSSQLA1G3PT\sql001</parameter>
            <parameter key="DALC_Database">OutboundPTI</parameter>
            <parameter key="SQLServer">SYD02H555IV\SQL001</parameter>
            <parameter key="Database">BETIDTrackingPTI</parameter>
        </group>
        <group key="Deployment">
            <parameter key="Environment">PTI</parameter>
            <parameter key="QueueManager">CGS_G_01</parameter>
            <parameter key="ChannelName">OUT.CGS01</parameter>
            <parameter key="CCDTSourcePath">${InstallDrive}\EAI\CCDT</parameter>
            <parameter key="CCDTFile">${Environment}.OUT.TAB</parameter>
            <parameter key="MQSeries.hostName">10.7.12.95</parameter>
            <parameter key="MQSeries.port">1414</parameter>
            <parameter key="MQSeries.isServer">FALSE</parameter>
            <parameter key="MQServer.Channel.Cleanup">FALSE</parameter>
            <parameter key="SearchMaintainURLServerName">interviewpti.integrate.atotnet.gov.au/OutboundWeb</parameter>
            <parameter key="ClientRegistryURLServerName">icppti.integrate.atotnet.gov.au/ICPWeb</parameter>
        </group>
    </environment>
    <environment key="Level 3 - OBOABAT00002PTR - PTR Batch Node" remoteDeploymentGroupName="" remoteDeploymentServers="">
        <group key="Login">
            <parameter key="winServiceIdentity">ATOTNETINTGRT\ServiceCores</parameter>
            <parameter key="PsiDeploymentStatusEmailAddress">DCRTEnvironments2@ato.gov.au</parameter>
        </group>
        <group key="Database Setup">
            <parameter key="DALC_Server">MSQSSQLA1G3PT\sql001</parameter>
            <parameter key="DALC_Database">OutboundPTR</parameter>
            <parameter key="SQLServer">SYD02H555IV\SQL001</parameter>
            <parameter key="Database">BETIDTrackingPTR</parameter>
        </group>
        <group key="Deployment">
            <parameter key="Environment">PTR</parameter>
            <parameter key="QueueManager">CGS_3A01</parameter>
            <parameter key="ChannelName">OUT.CGS01</parameter>
            <parameter key="CCDTSourcePath">${InstallDrive}\EAI\CCDT</parameter>
            <parameter key="CCDTFile">${Environment}.OUT.TAB</parameter>
            <parameter key="MQSeries.hostName">10.192.16.50</parameter>
            <parameter key="MQSeries.port">1414</parameter>
            <parameter key="MQSeries.isServer">FALSE</parameter>
            <parameter key="MQServer.Channel.Cleanup">FALSE</parameter>
            <parameter key="SearchMaintainURLServerName">interviewtptr.integrate.atotnet.gov.au/OutboundWeb</parameter>
            <parameter key="ClientRegistryURLServerName">icpptr.integrate.atotnet.gov.au/ICPWeb</parameter>
        </group>
    </environment>
    <environment key="Level 3 - OBOABAT00001PT - PTF Batch Node" remoteDeploymentGroupName="" remoteDeploymentServers="">
        <group key="Login">
            <parameter key="winServiceIdentity">ATOTNETINTGRT\ServiceCores</parameter>
            <parameter key="PsiDeploymentStatusEmailAddress">DCRTEnvironments2@ato.gov.au</parameter>
        </group>
        <group key="Database Setup">
            <parameter key="DALC_Server">MSQSSQLA1G3PT\sql001</parameter>
            <parameter key="DALC_Database">OutboundPTF</parameter>
            <parameter key="SQLServer">SYD02H555IV\sql001</parameter>
            <parameter key="Database">BETIDTrackingPTF</parameter>
        </group>
        <group key="Deployment">
            <parameter key="Environment">PTF</parameter>
            <parameter key="QueueManager">GSUBAT3Q1</parameter>
            <parameter key="ChannelName"></parameter>
            <parameter key="CCDTSourcePath">${InstallDrive}\EAI\CCDT</parameter>
            <parameter key="CCDTFile">${Environment}.OUT.TAB</parameter>
            <parameter key="MQSeries.hostName"></parameter>
            <parameter key="MQSeries.port"></parameter>
            <parameter key="MQSeries.isServer">TRUE</parameter>
            <parameter key="MQServer.Channel.Cleanup">TRUE</parameter>
            <parameter key="SearchMaintainURLServerName">interviewptf.integrate.atotnet.gov.au/OutboundWeb</parameter>
            <parameter key="ClientRegistryURLServerName">icpptf.integrate.atotnet.gov.au/ICPWeb</parameter>
        </group>
    </environment>
    <environment key="Level 3 - OUTBBAT00002PTA - PTA Batch Node" remoteDeploymentGroupName="" remoteDeploymentServers="">
        <group key="Login">
            <parameter key="winServiceIdentity">ATOTNETINTGRT\ServiceCores</parameter>
            <parameter key="PsiDeploymentStatusEmailAddress">DCRTEnvironments2@ato.gov.au</parameter>
        </group>
        <group key="Database Setup">
            <parameter key="DALC_Server">OUTBSQL00002PTS.integrate.atotnet.gov.au\SQL001</parameter>
            <parameter key="DALC_Database">OutboundPTA</parameter>
            <parameter key="SQLServer">TECXSQL00001PTS.integrate.atotnet.gov.au\SQL001</parameter>
            <parameter key="Database">BETIDTrackingPTA</parameter>
        </group>
        <group key="Deployment">
            <parameter key="Environment">PTA</parameter>
            <parameter key="QueueManager">CGS_3C01</parameter>
            <parameter key="ChannelName">OUT.CGS01</parameter>
            <parameter key="CCDTSourcePath">${InstallDrive}\EAI\CCDT</parameter>
            <parameter key="CCDTFile">${Environment}.OUT.TAB</parameter>
            <parameter key="MQSeries.hostName">10.195.112.35</parameter>
            <parameter key="MQSeries.port">1414</parameter>
            <parameter key="MQSeries.isServer">FALSE</parameter>
            <parameter key="MQServer.Channel.Cleanup">FALSE</parameter>
            <parameter key="SearchMaintainURLServerName">interviewpta.integrate.atotnet.gov.au/OutboundWeb</parameter>
            <parameter key="ClientRegistryURLServerName">icppta.integrate.atotnet.gov.au/ICPWeb</parameter>
        </group>
    </environment>
    <environment key="Level 3 - OUTBBAT00001PTB - PTB Batch Node" remoteDeploymentGroupName="" remoteDeploymentServers="">
        <group key="Login">
            <parameter key="winServiceIdentity">ATOTNETINTGRT\ServiceCores</parameter>
            <parameter key="PsiDeploymentStatusEmailAddress">DCRTEnvironments2@ato.gov.au</parameter>
        </group>
        <group key="Database Setup">
            <parameter key="DALC_Server">OUTBSQL00002PTS.integrate.atotnet.gov.au\SQL001</parameter>
            <parameter key="DALC_Database">OutboundPTB</parameter>
            <parameter key="SQLServer">TECXSQL00001PTS.integrate.atotnet.gov.au\SQL001</parameter>
            <parameter key="Database">BETIDTrackingPTB</parameter>
        </group>
        <group key="Deployment">
            <parameter key="Environment">PTB</parameter>
            <parameter key="QueueManager">CGS_3G01</parameter>
            <parameter key="ChannelName">OUT.CGS01</parameter>
            <parameter key="CCDTSourcePath">${InstallDrive}\EAI\CCDT</parameter>
            <parameter key="CCDTFile">${Environment}.OUT.TAB</parameter>
            <parameter key="MQSeries.hostName">10.195.112.90</parameter>
            <parameter key="MQSeries.port">1414</parameter>
            <parameter key="MQSeries.isServer">FALSE</parameter>
            <parameter key="MQServer.Channel.Cleanup">FALSE</parameter>
            <parameter key="SearchMaintainURLServerName">interviewptb.integrate.atotnet.gov.au/OutboundWeb</parameter>
            <parameter key="ClientRegistryURLServerName">icpptb.integrate.atotnet.gov.au/ICPWeb</parameter>
        </group>
    </environment>
    <environment key="Level 3 - OUTBBAT00001PTW  - PTW Batch Node" remoteDeploymentGroupName="" remoteDeploymentServers="">
        <group key="Login">
            <parameter key="winServiceIdentity">ATOTNETINTGRT\ServiceCores</parameter>
            <parameter key="PsiDeploymentStatusEmailAddress">DCRTEnvironments2@ato.gov.au</parameter>
        </group>
        <group key="Database Setup">
            <parameter key="DALC_Server">MSQSSQLA1G3PT.integrate.atotnet.gov.au\SQL001</parameter>
            <parameter key="DALC_Database">OutboundPTW</parameter>
            <parameter key="SQLServer">SYD02H555IV.integrate.atotnet.gov.au\SQL001</parameter>
            <parameter key="Database">BETIDTrackingPTW</parameter>
        </group>
        <group key="Deployment">
            <parameter key="Environment">PTW</parameter>
            <parameter key="QueueManager">CGS_3I01</parameter>
            <parameter key="ChannelName">OUT.CGS01</parameter>
            <parameter key="CCDTSourcePath">${InstallDrive}\EAI\CCDT</parameter>
            <parameter key="CCDTFile">${Environment}.OUT.TAB</parameter>
            <parameter key="MQSeries.hostName">10.192.71.69</parameter>
            <parameter key="MQSeries.port">1414</parameter>
            <parameter key="MQSeries.isServer">FALSE</parameter>
            <parameter key="MQServer.Channel.Cleanup">FALSE</parameter>
            <parameter key="SearchMaintainURLServerName">interviewptw.integrate.atotnet.gov.au/OutboundWeb</parameter>
            <parameter key="ClientRegistryURLServerName">icpptw.integrate.atotnet.gov.au/ICPWeb</parameter>
        </group>
    </environment>
    <environment key="Level 3 - OUTBBAT00001PTM - PTM Batch Node" remoteDeploymentGroupName="" remoteDeploymentServers="">
        <group key="Login">
            <parameter key="winServiceIdentity">ATOTNETINTGRT\ServiceCores</parameter>
            <parameter key="PsiDeploymentStatusEmailAddress">DCRTEnvironments2@ato.gov.au</parameter>
        </group>
        <group key="Database Setup">
            <parameter key="DALC_Server">OUTBSQL00002PTS.integrate.atotnet.gov.au\SQL001</parameter>
            <parameter key="DALC_Database">OutboundPTM</parameter>
            <parameter key="SQLServer">TECXSQL00001PTS.integrate.atotnet.gov.au\SQL001</parameter>
            <parameter key="Database">BETIDTrackingPTM</parameter>
        </group>
        <group key="Deployment">
            <parameter key="Environment">PTM</parameter>
            <parameter key="QueueManager">CGS_3N01</parameter>
            <parameter key="ChannelName">OUT.CGS01</parameter>
            <parameter key="CCDTSourcePath">${InstallDrive}\EAI\CCDT</parameter>
            <parameter key="CCDTFile">${Environment}.OUT.TAB</parameter>
            <parameter key="MQSeries.hostName">10.195.112.117</parameter>
            <parameter key="MQSeries.port">1414</parameter>
            <parameter key="MQSeries.isServer">FALSE</parameter>
            <parameter key="MQServer.Channel.Cleanup">FALSE</parameter>
            <parameter key="SearchMaintainURLServerName">interviewptm.integrate.atotnet.gov.au/OutboundWeb</parameter>
            <parameter key="ClientRegistryURLServerName">icpptm.integrate.atotnet.gov.au/ICPWeb</parameter>
        </group>
    </environment>
    <environment key="Level 4 - SYD02I427UV - Efix Batch Node" remoteDeploymentGroupName="" remoteDeploymentServers="">
        <group key="Login">
            <parameter key="winServiceIdentity">ATOQNETUAT\ServiceCores</parameter>
            <parameter key="PsiDeploymentStatusEmailAddress">DCRTEnvironments2@ato.gov.au</parameter>
        </group>
        <group key="Database Setup">
            <parameter key="DALC_Server">MSQSSQLDPG4UAT\SQL001</parameter>
            <parameter key="DALC_Database">OutboundEFIX</parameter>
            <parameter key="SQLServer">MSQSSQLAZG4UAT.uat.atoqnet.gov.au,61301</parameter>
            <parameter key="Database">BETIDTrackingEfix</parameter>
        </group>
        <group key="Deployment">
            <parameter key="Environment">EFIX</parameter>
            <parameter key="QueueManager">CGS_X_01</parameter>
            <parameter key="ChannelName">OUT.CGS01</parameter>
            <parameter key="CCDTSourcePath">${InstallDrive}\EAI\CCDT</parameter>
            <parameter key="CCDTFile">${Environment}.OUT.TAB</parameter>
            <parameter key="MQSeries.hostName">10.6.156.201</parameter>
            <parameter key="MQSeries.port">1415</parameter>
            <parameter key="MQSeries.isServer">FALSE</parameter>
            <parameter key="MQServer.Channel.Cleanup">FALSE</parameter>
            <parameter key="SearchMaintainURLServerName">interviewefix.uat.atoqnet.gov.au/OutboundWeb</parameter>
            <parameter key="ClientRegistryURLServerName">icpefix.uat.atoqnet.gov.au/ICPWeb</parameter>
        </group>
    </environment>
    <environment key="Level 4 - SYD02I588UV - UATI (GSU), Batch Node" remoteDeploymentGroupName="" remoteDeploymentServers="">
        <group key="Login">
            <parameter key="winServiceIdentity">ATOQNETUAT\ServiceCores</parameter>
            <parameter key="PsiDeploymentStatusEmailAddress">DCRTEnvironments2@ato.gov.au</parameter>
        </group>
        <group key="Database Setup">
            <parameter key="DALC_Server">MSQSSQLDPG4UAT\SQL001</parameter>
            <parameter key="DALC_Database">OutboundUATI</parameter>
            <parameter key="SQLServer">MSQSSQLAZG4UAT.uat.atoqnet.gov.au,61301</parameter>
            <parameter key="Database">BETIDTrackingUATI</parameter>
        </group>
        <group key="Deployment">
            <parameter key="Environment">UATI</parameter>
            <parameter key="QueueManager">CGS_8_01</parameter>
            <parameter key="ChannelName">OUT.CGS01</parameter>
            <parameter key="CCDTSourcePath">${InstallDrive}\EAI\CCDT</parameter>
            <parameter key="CCDTFile">${Environment}.OUT.TAB</parameter>
            <parameter key="MQSeries.hostName">10.6.156.227</parameter>
            <parameter key="MQSeries.port">1414</parameter>
            <parameter key="MQSeries.isServer">FALSE</parameter>
            <parameter key="MQServer.Channel.Cleanup">FALSE</parameter>
            <parameter key="SearchMaintainURLServerName">interviewuati.uat.atoqnet.gov.au/OutboundWeb</parameter>
            <parameter key="ClientRegistryURLServerName">icpuati.uat.atoqnet.gov.au/ICPWeb</parameter>
        </group>
    </environment>
    <environment key="Level 4 - OBOABAT00001UAK - UATK (GSU), Batch Node" remoteDeploymentGroupName="" remoteDeploymentServers="">
        <group key="Login">
            <parameter key="winServiceIdentity">ATOQNETUAT\ServiceCores</parameter>
            <parameter key="PsiDeploymentStatusEmailAddress">DCRTEnvironments2@ato.gov.au</parameter>
        </group>
        <group key="Database Setup">
            <parameter key="DALC_Server">MSQSSQLDPG4UAT\SQL001</parameter>
            <parameter key="DALC_Database">OutboundUATK</parameter>
            <parameter key="SQLServer">MSQSSQLAZG4UAT.uat.atoqnet.gov.au,61301</parameter>
            <parameter key="Database">BETIDTrackingUATK</parameter>
        </group>
        <group key="Deployment">
            <parameter key="Environment">UATK</parameter>
            <parameter key="QueueManager">CGS_9_01</parameter>
            <parameter key="ChannelName">OUT.CGS01</parameter>
            <parameter key="CCDTSourcePath">${InstallDrive}\EAI\CCDT</parameter>
            <parameter key="CCDTFile">${Environment}.OUT.TAB</parameter>
            <parameter key="MQSeries.hostName">10.6.136.49</parameter>
            <parameter key="MQSeries.port">1414</parameter>
            <parameter key="MQSeries.isServer">FALSE</parameter>
            <parameter key="MQServer.Channel.Cleanup">FALSE</parameter>
            <parameter key="SearchMaintainURLServerName">interviewuatk.uat.atoqnet.gov.au/OutboundWeb</parameter>
            <parameter key="ClientRegistryURLServerName">icpuatk.uat.atoqnet.gov.au/ICPWeb</parameter>
        </group>
    </environment>
    <environment key="Level 4 - OUIXWKF01G4UCTC- UCTC (GSU), Batch Node 1 - Default" remoteDeploymentGroupName="" remoteDeploymentServers="">
        <group key="Login">
            <parameter key="winServiceIdentity">ATOQNETUAT\ServiceCores</parameter>
            <parameter key="PsiDeploymentStatusEmailAddress">DCRTEnvironments2@ato.gov.au</parameter>
        </group>
        <group key="Database Setup">
            <parameter key="DALC_Server">MSQSSQLDPG4UAT\SQL001</parameter>
            <parameter key="DALC_Database">OutboundUCTC</parameter>
            <parameter key="SQLServer">MSQSSQL00002UCD.uat.atoqnet.gov.au,61301</parameter>
            <parameter key="Database">BETIDTrackingUCTC</parameter>
        </group>
        <group key="Deployment">
            <parameter key="Environment">UCTC</parameter>
            <parameter key="QueueManager">CGS_B_01</parameter>
            <parameter key="ChannelName">OUT.CGS01</parameter>
            <parameter key="CCDTSourcePath">${InstallDrive}\EAI\CCDT</parameter>
            <parameter key="CCDTFile">${Environment}.OUT.TAB</parameter>
            <parameter key="MQSeries.hostName">10.6.136.49</parameter>
            <parameter key="MQSeries.port">1415</parameter>
            <parameter key="MQSeries.isServer">FALSE</parameter>
            <parameter key="MQServer.Channel.Cleanup">FALSE</parameter>
            <parameter key="SearchMaintainURLServerName">interviewuctcgsu.uat.atoqnet.gov.au/OutboundWeb</parameter>
            <parameter key="ClientRegistryURLServerName">icpuctc.uat.atoqnet.gov.au/ICPWeb</parameter>
        </group>
    </environment>
    <environment key="Level 4 - OUTBBAT00004UCD- UCTD (GSU), Batch Node 1 - Default" remoteDeploymentGroupName="" remoteDeploymentServers="">
        <group key="Login">
            <parameter key="winServiceIdentity">ATOQNETUAT\ServiceCores</parameter>
            <parameter key="PsiDeploymentStatusEmailAddress">DCRTEnvironments2@ato.gov.au</parameter>
        </group>
        <group key="Database Setup">
            <parameter key="DALC_Server">MSQSSQLDPG4UAT\SQL001</parameter>
            <parameter key="DALC_Database">OutboundUCTD</parameter>
            <parameter key="SQLServer">MSQSSQL00002UCD.uat.atoqnet.gov.au,61301</parameter>
            <parameter key="Database">BETIDTrackingUCTD</parameter>
        </group>
        <group key="Deployment">
            <parameter key="Environment">UCTD</parameter>
            <parameter key="QueueManager">CGS_R_01</parameter>
            <parameter key="ChannelName">OUT.CGS01</parameter>
            <parameter key="CCDTSourcePath">${InstallDrive}\EAI\CCDT</parameter>
            <parameter key="CCDTFile">${Environment}.OUT.TAB</parameter>
            <parameter key="MQSeries.hostName">10.6.156.201</parameter>
            <parameter key="MQSeries.port">1414</parameter>
            <parameter key="MQSeries.isServer">FALSE</parameter>
            <parameter key="MQServer.Channel.Cleanup">FALSE</parameter>
            <parameter key="SearchMaintainURLServerName">interviewuctdgsu.uat.atoqnet.gov.au/OutboundWeb</parameter>
            <parameter key="ClientRegistryURLServerName">icpuctd.uat.atoqnet.gov.au/ICPWeb</parameter>
        </group>
    </environment>
    <environment key="Level 4 - OUTCBAT01APPRFB, NEWCBAT01APPRFB - PERF B Batch Node 1" remoteDeploymentGroupName="" remoteDeploymentServers="">
        <group key="Login">
            <parameter key="winServiceIdentity">ATOQNETPERF\ServiceCores</parameter>
            <parameter key="PsiDeploymentStatusEmailAddress">DCRTEnvironments2@ato.gov.au</parameter>
        </group>
        <group key="Database Setup">
            <parameter key="DALC_Server">MSQSSQLAPAPPRF.perf.atoqnet.gov.au\SQL001</parameter>
            <parameter key="DALC_Database">OutboundPRFB</parameter>
            <parameter key="SQLServer">MSQSSQLAZGPPRFE.perf.atoqnet.gov.au\SQL001</parameter>
            <parameter key="Database">BETIDTrackingPRFB</parameter>
        </group>
        <group key="Deployment">
            <parameter key="Environment">PRFB</parameter>
            <parameter key="QueueManager">CGS_W_03</parameter>
            <parameter key="ChannelName">OUT.CGS03</parameter>
            <parameter key="CCDTSourcePath">${InstallDrive}\EAI\CCDT</parameter>
            <parameter key="CCDTFile">${Environment}.OUT.TAB</parameter>
            <parameter key="MQSeries.hostName">10.10.161.38</parameter>
            <parameter key="MQSeries.port">1414</parameter>
            <parameter key="MQSeries.isServer">FALSE</parameter>
            <parameter key="MQServer.Channel.Cleanup">FALSE</parameter>
            <parameter key="SearchMaintainURLServerName">interviewprfb.perf.atoqnet.gov.au/OutboundWeb</parameter>
            <parameter key="ClientRegistryURLServerName">icpprfb.perf.atoqnet.gov.au/ICPWeb</parameter>
        </group>
    </environment>
    <environment key="Level 4 - SYD02H542LVA1, NEW02H542LVA1 - PERF E Batch Node 1" remoteDeploymentGroupName="" remoteDeploymentServers="">
        <group key="Login">
            <parameter key="winServiceIdentity">ATOQNETPERF\ServiceCores</parameter>
            <parameter key="PsiDeploymentStatusEmailAddress">DCRTEnvironments2@ato.gov.au</parameter>
        </group>
        <group key="Database Setup">
            <parameter key="DALC_Server">MSQSSQLCPGPPRFE.perf.atoqnet.gov.au\SQL001</parameter>
            <parameter key="DALC_Database">OutboundPRFE</parameter>
            <parameter key="SQLServer">MSQSSQLAZGPPRFE.perf.atoqnet.gov.au\SQL001</parameter>
            <parameter key="Database">BETIDTrackingPRFE</parameter>
        </group>
        <group key="Deployment">
            <parameter key="Environment">PRFE</parameter>
            <parameter key="QueueManager">CGS_U_03</parameter>
            <parameter key="ChannelName">OUT.CGS03</parameter>
            <parameter key="CCDTSourcePath">${InstallDrive}\EAI\CCDT</parameter>
            <parameter key="CCDTFile">${Environment}.OUT.TAB</parameter>
            <parameter key="MQSeries.hostName">10.10.161.41</parameter>
            <parameter key="MQSeries.port">1414</parameter>
            <parameter key="MQSeries.isServer">FALSE</parameter>
            <parameter key="MQServer.Channel.Cleanup">FALSE</parameter>
            <parameter key="SearchMaintainURLServerName">interviewprfe.perf.atoqnet.gov.au/OutboundWeb</parameter>
            <parameter key="ClientRegistryURLServerName">icpprfe.perf.atoqnet.gov.au/ICPWeb</parameter>
        </group>
    </environment>
    <environment key="Level 4 - OUTCBAT01GPPRFG - PERFG" remoteDeploymentGroupName="" remoteDeploymentServers="">
        <group key="Login">
            <parameter key="winServiceIdentity">ATOQNETPERF\ServiceCores</parameter>
            <parameter key="PsiDeploymentStatusEmailAddress">DCRTEnvironments2@ato.gov.au</parameter>
        </group>
        <group key="Database Setup">
            <parameter key="DALC_Server">MSQSSQLAPAPPRF.perf.atoqnet.gov.au\SQL001</parameter>
            <parameter key="DALC_Database">OutboundPRFG</parameter>
            <parameter key="SQLServer">MSQSSQLAZGPPRFE.perf.atoqnet.gov.au\SQL001</parameter>
            <parameter key="Database">BETIDTrackingPRFG</parameter>
        </group>
        <group key="Deployment">
            <parameter key="Environment">PRFG</parameter>
            <parameter key="QueueManager">CGS_S_01</parameter>
            <parameter key="ChannelName">OUT.CGS01</parameter>
            <parameter key="CCDTSourcePath">${InstallDrive}\EAI\CCDT</parameter>
            <parameter key="CCDTFile">${Environment}.OUT.TAB</parameter>
            <parameter key="MQSeries.hostName">10.10.160.203</parameter>
            <parameter key="MQSeries.port">1414</parameter>
            <parameter key="MQSeries.isServer">FALSE</parameter>
            <parameter key="MQServer.Channel.Cleanup">FALSE</parameter>
            <parameter key="SearchMaintainURLServerName">interviewprfg.perf.atoqnet.gov.au/OutboundWeb</parameter>
            <parameter key="ClientRegistryURLServerName">icpprfg.perf.atoqnet.gov.au/ICPWeb</parameter>
        </group>
    </environment>
    <environment key="Level 5 - SYD02H490PPA1, NEW02H490PPA1 - PROD Batch Node" remoteDeploymentGroupName="" remoteDeploymentServers="">
        <group key="Login">
            <parameter key="winServiceIdentity">ATONET\ServiceCores</parameter>
            <parameter key="PsiDeploymentStatusEmailAddress">DCRTEnvironments2@ato.gov.au</parameter>
        </group>
        <group key="Database Setup">
            <parameter key="DALC_Server">MSQSSQLDPG5\SQL001</parameter>
            <parameter key="DALC_Database">OutboundCorrogen_R3Prod</parameter>
            <parameter key="SQLServer">MSQSSQLAZG5\SQL001</parameter>
            <parameter key="Database">BETIDTracking</parameter>
        </group>
        <group key="Deployment">
            <parameter key="Environment">PROD</parameter>
            <parameter key="QueueManager">CGS_P_05</parameter>
            <parameter key="ChannelName">OUT.CGS05</parameter>
            <parameter key="CCDTSourcePath">${InstallDrive}\EAI\CCDT</parameter>
            <parameter key="CCDTFile">${Environment}.OUT.TAB</parameter>
            <parameter key="MQSeries.hostName">10.6.3.92</parameter>
            <parameter key="MQSeries.port">1414</parameter>
            <parameter key="MQSeries.isServer">FALSE</parameter>
            <parameter key="MQServer.Channel.Cleanup">FALSE</parameter>
            <parameter key="SearchMaintainURLServerName">interviewprod.prod.atonet.gov.au/OutboundWeb</parameter>
            <parameter key="ClientRegistryURLServerName">icp.prod.atonet.gov.au/ICPWeb</parameter>
        </group>
    </environment>
</environments>
