<?xml version="1.0" encoding="utf-8"?>
<!-- ******************************************************* -->
<!-- !!!!! NEVER UPDATE THIS ENVIRONMENT FILE DIRECTLY !!!!! -->
<!--                                                         -->
<!-- ALWAYS use the Excel environment file editor to update  -->
<!-- and then generate the environment file.                 -->
<!-- ******************************************************* -->
<environments applicationName="DCS" roleName="Exstream=Exstream" securityCode="2700">
    <environment key="Cloud - MyMachine - Default" remoteDeploymentGroupName="" remoteDeploymentServers="">
        <group key="Deployment">
            <parameter key="LegacyEnv"></parameter>
            <parameter key="Environment"></parameter>
            <parameter key="DCSExstreamSharedLocation">\\fileShareDT.dcs.DevTest.atohdtnet.gov.au\DE</parameter>
            <parameter key="FTPChannelName">local_file_folder</parameter>
            <parameter key="FTPHostName">localhost</parameter>
            <parameter key="LiveCloseRedirectURL"></parameter>
            <parameter key="ClientInteractionsOneToOneSubmit"></parameter>
            <parameter key="NetworkDir">${DCSExstreamSharedLocation}\${Environment}</parameter>
            <parameter key="TargetDir"></parameter>
            <parameter key="FolderUserPermissions"></parameter>
            <parameter key="PsiDeploymentStatusEmailAddress">DCRTEnvironments2@ato.gov.au</parameter>
            <parameter key="OnlineServicesDomain">localhost</parameter>
        </group>
        <group key="EAIDeliverySettings">
            <parameter key="JMSQueueName">HPE.5465.SAVEDOC.JREQUEST</parameter>
            <parameter key="JMSQueueName1">HPE.5098.SAVEDOC.JREQUEST</parameter>
            <parameter key="JMSQueueNameBDE">HPE._BMD.BDEMSGDELIVERY.JREQUEST</parameter>
        </group>
        <instance key="DEVTEST">
            <parameter key="LegacyEnv">DEVTEST</parameter>
            <parameter key="LiveCloseRedirectURL">https://mydcsDEVTEST.dcs.devtest.atohdtnet.gov.au/clientinteractions/confirmation?</parameter>
            <parameter key="ClientInteractionsOneToOneSubmit">https://mydcsDEVTEST.dcs.devtest.atohdtnet.gov.au/services/one-to-one/fulfilment.svc</parameter>
        </instance>
        <instance key="DEA">
            <parameter key="LegacyEnv">DEA</parameter>
            <parameter key="Environment">DEA</parameter>
            <parameter key="LiveCloseRedirectURL">https://mydcsDEA.dcs.devtest.atohdtnet.gov.au/clientinteractions/confirmation?</parameter>
            <parameter key="ClientInteractionsOneToOneSubmit">https://mydcsDEA.dcs.devtest.atohdtnet.gov.au/services/one-to-one/fulfilment.svc</parameter>
            <parameter key="TargetDir">${InstallDrive}\DE\${Environment}</parameter>
            <parameter key="FolderUserPermissions">devtest\SVC_DCSCORRES_DE;devtest\RES_DO_DCS_ADMIN_LG;devtest\RES_DCS_SYSDEV_LG;devtest\RES_DCS_TEST_LG;devtest\RES_DCS_TEMPLATE_LG</parameter>
        </instance>
        <instance key="DEB">
            <parameter key="LegacyEnv">DEB</parameter>
            <parameter key="Environment">DEB</parameter>
            <parameter key="LiveCloseRedirectURL">https://mydcsDEB.dcs.devtest.atohdtnet.gov.au/clientinteractions/confirmation?</parameter>
            <parameter key="ClientInteractionsOneToOneSubmit">https://mydcsDEB.dcs.devtest.atohdtnet.gov.au/services/one-to-one/fulfilment.svc</parameter>
            <parameter key="TargetDir">${InstallDrive}\DE\${Environment}</parameter>
            <parameter key="FolderUserPermissions">devtest\SVC_DCSCORRES_DE;devtest\RES_DO_DCS_ADMIN_LG;devtest\RES_DCS_SYSDEV_LG;devtest\RES_DCS_TEST_LG;devtest\RES_DCS_TEMPLATE_LG</parameter>
        </instance>
        <instance key="DEE">
            <parameter key="LegacyEnv">DEE</parameter>
            <parameter key="Environment">DEE</parameter>
            <parameter key="LiveCloseRedirectURL">https://mydcsDEE.dcs.devtest.atohdtnet.gov.au/clientinteractions/confirmation?</parameter>
            <parameter key="ClientInteractionsOneToOneSubmit">https://mydcsDEE.dcs.devtest.atohdtnet.gov.au/services/one-to-one/fulfilment.svc</parameter>
            <parameter key="TargetDir">${InstallDrive}\DE\${Environment}</parameter>
            <parameter key="FolderUserPermissions">devtest\SVC_DCSCORRES_DE;devtest\RES_DO_DCS_ADMIN_LG;devtest\RES_DCS_SYSDEV_LG;devtest\RES_DCS_TEST_LG;devtest\RES_DCS_TEMPLATE_LG</parameter>
        </instance>
        <instance key="DEH">
            <parameter key="LegacyEnv">DEH</parameter>
            <parameter key="Environment">DEH</parameter>
            <parameter key="LiveCloseRedirectURL">https://mydcsDEH.dcs.devtest.atohdtnet.gov.au/clientinteractions/confirmation?</parameter>
            <parameter key="ClientInteractionsOneToOneSubmit">https://mydcsDEH.dcs.devtest.atohdtnet.gov.au/services/one-to-one/fulfilment.svc</parameter>
            <parameter key="TargetDir">${InstallDrive}\DE\${Environment}</parameter>
            <parameter key="FolderUserPermissions">devtest\SVC_DCSCORRES_DE;devtest\RES_DO_DCS_ADMIN_LG;devtest\RES_DCS_SYSDEV_LG;devtest\RES_DCS_TEST_LG;devtest\RES_DCS_TEMPLATE_LG</parameter>
        </instance>
        <instance key="DEM">
            <parameter key="LegacyEnv">DEM</parameter>
            <parameter key="Environment">DEM</parameter>
            <parameter key="LiveCloseRedirectURL">https://mydcsDEM.dcs.devtest.atohdtnet.gov.au/clientinteractions/confirmation?</parameter>
            <parameter key="ClientInteractionsOneToOneSubmit">https://mydcsDEM.dcs.devtest.atohdtnet.gov.au/services/one-to-one/fulfilment.svc</parameter>
            <parameter key="TargetDir">${InstallDrive}\DE\${Environment}</parameter>
            <parameter key="FolderUserPermissions">devtest\SVC_DCSCORRES_DE;devtest\RES_DO_DCS_ADMIN_LG;devtest\RES_DCS_SYSDEV_LG;devtest\RES_DCS_TEST_LG;devtest\RES_DCS_TEMPLATE_LG</parameter>
        </instance>
        <instance key="DEK">
            <parameter key="LegacyEnv">DEVK</parameter>
            <parameter key="Environment">DEK</parameter>
            <parameter key="LiveCloseRedirectURL">https://mydcsDEK.dcs.devtest.atohdtnet.gov.au/clientinteractions/confirmation?</parameter>
            <parameter key="ClientInteractionsOneToOneSubmit">https://mydcsDEK.dcs.devtest.atohdtnet.gov.au/services/one-to-one/fulfilment.svc</parameter>
            <parameter key="TargetDir">${InstallDrive}\DE\${Environment}</parameter>
            <parameter key="FolderUserPermissions">devtest\SVC_DCSCORRES_DE;devtest\RES_DO_DCS_ADMIN_LG;devtest\RES_DCS_SYSDEV_LG;devtest\RES_DCS_TEST_LG;devtest\RES_DCS_TEMPLATE_LG</parameter>
        </instance>
        <instance key="DEQ">
            <parameter key="LegacyEnv">DEQ</parameter>
            <parameter key="Environment">DEQ</parameter>
            <parameter key="LiveCloseRedirectURL">https://mydcsDEQ.dcs.devtest.atohdtnet.gov.au/clientinteractions/confirmation?</parameter>
            <parameter key="ClientInteractionsOneToOneSubmit">https://mydcsDEQ.dcs.devtest.atohdtnet.gov.au/services/one-to-one/fulfilment.svc</parameter>
            <parameter key="TargetDir">${InstallDrive}\DE\${Environment}</parameter>
            <parameter key="FolderUserPermissions">devtest\SVC_DCSCORRES_DE;devtest\RES_DO_DCS_ADMIN_LG;devtest\RES_DCS_SYSDEV_LG;devtest\RES_DCS_TEST_LG;devtest\RES_DCS_TEMPLATE_LG</parameter>
        </instance>
        <instance key="DEW">
            <parameter key="LegacyEnv">DEW</parameter>
            <parameter key="Environment">DEW</parameter>
            <parameter key="LiveCloseRedirectURL">https://mydcsDEW.dcs.devtest.atohdtnet.gov.au/clientinteractions/confirmation?</parameter>
            <parameter key="ClientInteractionsOneToOneSubmit">https://mydcsDEW.dcs.devtest.atohdtnet.gov.au/services/one-to-one/fulfilment.svc</parameter>
            <parameter key="TargetDir">${InstallDrive}\DE\${Environment}</parameter>
            <parameter key="FolderUserPermissions">devtest\SVC_DCSCORRES_DE;devtest\RES_DO_DCS_ADMIN_LG;devtest\RES_DCS_SYSDEV_LG;devtest\RES_DCS_TEST_LG;devtest\RES_DCS_TEMPLATE_LG</parameter>
        </instance>
        <instance key="ATA">
            <parameter key="LegacyEnv">ATA</parameter>
            <parameter key="Environment">ATA</parameter>
            <parameter key="DCSExstreamSharedLocation">\\fileShareDT.dcs.DevTest.atohdtnet.gov.au\AT</parameter>
            <parameter key="LiveCloseRedirectURL">https://mydcsATA.dcs.devtest.atohdtnet.gov.au/clientinteractions/confirmation?</parameter>
            <parameter key="ClientInteractionsOneToOneSubmit">https://mydcsATA.dcs.devtest.atohdtnet.gov.au/services/one-to-one/fulfilment.svc</parameter>
            <parameter key="TargetDir">${InstallDrive}\AT\${Environment}</parameter>
            <parameter key="FolderUserPermissions">devtest\SVC_DCSCORRES_AT;devtest\RES_DO_DCS_ADMIN_LG;devtest\RES_DCS_SYSDEV_LG;devtest\RES_DCS_TEST_LG;devtest\RES_DCS_TEMPLATE_LG</parameter>
            <parameter key="JMSQueueName">HPE.5465.SAVEDOC.JREQUEST</parameter>
            <parameter key="JMSQueueName1">HPE.5098.SAVEDOC.JREQUEST</parameter>
            <parameter key="JMSQueueNameBDE">HPE._BMD.BDEMSGDELIVERY.JREQUEST</parameter>
        </instance>
        <instance key="ATB">
            <parameter key="LegacyEnv">ATB</parameter>
            <parameter key="Environment">ATB</parameter>
            <parameter key="DCSExstreamSharedLocation">\\fileShareDT.dcs.DevTest.atohdtnet.gov.au\AT</parameter>
            <parameter key="LiveCloseRedirectURL">https://mydcsATB.dcs.devtest.atohdtnet.gov.au/clientinteractions/confirmation?</parameter>
            <parameter key="ClientInteractionsOneToOneSubmit">https://mydcsATB.dcs.devtest.atohdtnet.gov.au/services/one-to-one/fulfilment.svc</parameter>
            <parameter key="TargetDir">${InstallDrive}\AT\${Environment}</parameter>
            <parameter key="FolderUserPermissions">devtest\SVC_DCSCORRES_AT;devtest\RES_DO_DCS_ADMIN_LG;devtest\RES_DCS_SYSDEV_LG;devtest\RES_DCS_TEST_LG;devtest\RES_DCS_TEMPLATE_LG</parameter>
            <parameter key="JMSQueueName">HPE.5465.SAVEDOC.JREQUEST</parameter>
            <parameter key="JMSQueueName1">HPE.5098.SAVEDOC.JREQUEST</parameter>
            <parameter key="JMSQueueNameBDE">HPE._BMD.BDEMSGDELIVERY.JREQUEST</parameter>
        </instance>
        <instance key="ATJ">
            <parameter key="LegacyEnv">ATJ</parameter>
            <parameter key="Environment">ATJ</parameter>
            <parameter key="DCSExstreamSharedLocation">\\fileShareDT.dcs.DevTest.atohdtnet.gov.au\AT</parameter>
            <parameter key="LiveCloseRedirectURL">https://mydcsATJ.dcs.devtest.atohdtnet.gov.au/clientinteractions/confirmation?</parameter>
            <parameter key="ClientInteractionsOneToOneSubmit">https://mydcsATJ.dcs.devtest.atohdtnet.gov.au/services/one-to-one/fulfilment.svc</parameter>
            <parameter key="TargetDir">${InstallDrive}\AT\${Environment}</parameter>
            <parameter key="FolderUserPermissions">devtest\SVC_DCSCORRES_AT;devtest\RES_DO_DCS_ADMIN_LG;devtest\RES_DCS_SYSDEV_LG;devtest\RES_DCS_TEST_LG;devtest\RES_DCS_TEMPLATE_LG</parameter>
            <parameter key="JMSQueueName">HPE.5465.SAVEDOC.JREQUEST</parameter>
            <parameter key="JMSQueueName1">HPE.5098.SAVEDOC.JREQUEST</parameter>
            <parameter key="JMSQueueNameBDE">HPE._BMD.BDEMSGDELIVERY.JREQUEST</parameter>
        </instance>
        <instance key="ATG">
            <parameter key="LegacyEnv">ATG</parameter>
            <parameter key="Environment">ATG</parameter>
            <parameter key="DCSExstreamSharedLocation">\\fileShareDT.dcs.DevTest.atohdtnet.gov.au\AT</parameter>
            <parameter key="LiveCloseRedirectURL">https://mydcsATG.dcs.devtest.atohdtnet.gov.au/clientinteractions/confirmation?</parameter>
            <parameter key="ClientInteractionsOneToOneSubmit">https://mydcsATG.dcs.devtest.atohdtnet.gov.au/services/one-to-one/fulfilment.svc</parameter>
            <parameter key="TargetDir">${InstallDrive}\AT\${Environment}</parameter>
            <parameter key="FolderUserPermissions">devtest\SVC_DCSCORRES_AT;devtest\RES_DO_DCS_ADMIN_LG;devtest\RES_DCS_SYSDEV_LG;devtest\RES_DCS_TEST_LG;devtest\RES_DCS_TEMPLATE_LG</parameter>
            <parameter key="JMSQueueName">HPE.5465.SAVEDOC.JREQUEST</parameter>
            <parameter key="JMSQueueName1">HPE.5098.SAVEDOC.JREQUEST</parameter>
            <parameter key="JMSQueueNameBDE">HPE._BMD.BDEMSGDELIVERY.JREQUEST</parameter>
        </instance>
        <instance key="ATH">
            <parameter key="LegacyEnv">ATH</parameter>
            <parameter key="Environment">ATH</parameter>
            <parameter key="DCSExstreamSharedLocation">\\fileShareDT.dcs.DevTest.atohdtnet.gov.au\AT</parameter>
            <parameter key="LiveCloseRedirectURL">https://mydcsATH.dcs.devtest.atohdtnet.gov.au/clientinteractions/confirmation?</parameter>
            <parameter key="ClientInteractionsOneToOneSubmit">https://mydcsATH.dcs.devtest.atohdtnet.gov.au/services/one-to-one/fulfilment.svc</parameter>
            <parameter key="TargetDir">${InstallDrive}\AT\${Environment}</parameter>
            <parameter key="FolderUserPermissions">devtest\SVC_DCSCORRES_AT;devtest\RES_DO_DCS_ADMIN_LG;devtest\RES_DCS_SYSDEV_LG;devtest\RES_DCS_TEST_LG;devtest\RES_DCS_TEMPLATE_LG</parameter>
            <parameter key="JMSQueueName">HPE.5465.SAVEDOC.JREQUEST</parameter>
            <parameter key="JMSQueueName1">HPE.5098.SAVEDOC.JREQUEST</parameter>
            <parameter key="JMSQueueNameBDE">HPE._BMD.BDEMSGDELIVERY.JREQUEST</parameter>
        </instance>
        <instance key="ATL">
            <parameter key="LegacyEnv">ATL</parameter>
            <parameter key="Environment">ATL</parameter>
            <parameter key="DCSExstreamSharedLocation">\\fileShareDT.dcs.DevTest.atohdtnet.gov.au\AT</parameter>
            <parameter key="LiveCloseRedirectURL">https://mydcsATL.dcs.devtest.atohdtnet.gov.au/clientinteractions/confirmation?</parameter>
            <parameter key="ClientInteractionsOneToOneSubmit">https://mydcsATL.dcs.devtest.atohdtnet.gov.au/services/one-to-one/fulfilment.svc</parameter>
            <parameter key="TargetDir">${InstallDrive}\AT\${Environment}</parameter>
            <parameter key="FolderUserPermissions">devtest\SVC_DCSCORRES_AT;devtest\RES_DO_DCS_ADMIN_LG;devtest\RES_DCS_SYSDEV_LG;devtest\RES_DCS_TEST_LG;devtest\RES_DCS_TEMPLATE_LG</parameter>
            <parameter key="JMSQueueName">HPE.5465.SAVEDOC.JREQUEST</parameter>
            <parameter key="JMSQueueName1">HPE.5098.SAVEDOC.JREQUEST</parameter>
            <parameter key="JMSQueueNameBDE">HPE._BMD.BDEMSGDELIVERY.JREQUEST</parameter>
        </instance>
        <instance key="ATM">
            <parameter key="LegacyEnv">ATM</parameter>
            <parameter key="Environment">ATM</parameter>
            <parameter key="DCSExstreamSharedLocation">\\fileShareDT.dcs.DevTest.atohdtnet.gov.au\AT</parameter>
            <parameter key="LiveCloseRedirectURL">https://mydcsATM.dcs.devtest.atohdtnet.gov.au/clientinteractions/confirmation?</parameter>
            <parameter key="ClientInteractionsOneToOneSubmit">https://mydcsATM.dcs.devtest.atohdtnet.gov.au/services/one-to-one/fulfilment.svc</parameter>
            <parameter key="TargetDir">${InstallDrive}\AT\${Environment}</parameter>
            <parameter key="FolderUserPermissions">devtest\SVC_DCSCORRES_AT;devtest\RES_DO_DCS_ADMIN_LG;devtest\RES_DCS_SYSDEV_LG;devtest\RES_DCS_TEST_LG;devtest\RES_DCS_TEMPLATE_LG</parameter>
            <parameter key="JMSQueueName">HPE.5465.SAVEDOC.JREQUEST</parameter>
            <parameter key="JMSQueueName1">HPE.5098.SAVEDOC.JREQUEST</parameter>
            <parameter key="JMSQueueNameBDE">HPE._BMD.BDEMSGDELIVERY.JREQUEST</parameter>
        </instance>
        <instance key="ATN">
            <parameter key="LegacyEnv">ATN</parameter>
            <parameter key="Environment">ATN</parameter>
            <parameter key="DCSExstreamSharedLocation">\\fileShareDT.dcs.DevTest.atohdtnet.gov.au\AT</parameter>
            <parameter key="LiveCloseRedirectURL">https://mydcs${Environment}.dcs.devtest.atohdtnet.gov.au/clientinteractions/confirmation?</parameter>
            <parameter key="ClientInteractionsOneToOneSubmit">https://mydcs${Environment}.dcs.devtest.atohdtnet.gov.au/services/one-to-one/fulfilment.svc</parameter>
            <parameter key="TargetDir">${InstallDrive}\AT\${Environment}</parameter>
            <parameter key="FolderUserPermissions">devtest\SVC_DCSCORRES_AT;devtest\RES_DO_DCS_ADMIN_LG;devtest\RES_DCS_SYSDEV_LG;devtest\RES_DCS_TEST_LG;devtest\RES_DCS_TEMPLATE_LG</parameter>
            <parameter key="JMSQueueName">HPE.5465.SAVEDOC.JREQUEST</parameter>
            <parameter key="JMSQueueName1">HPE.5098.SAVEDOC.JREQUEST</parameter>
            <parameter key="JMSQueueNameBDE">HPE._BMD.BDEMSGDELIVERY.JREQUEST</parameter>
        </instance>
        <instance key="ATQ">
            <parameter key="LegacyEnv">ATQ</parameter>
            <parameter key="Environment">ATQ</parameter>
            <parameter key="DCSExstreamSharedLocation">\\fileShareDT.dcs.DevTest.atohdtnet.gov.au\AT</parameter>
            <parameter key="LiveCloseRedirectURL">https://mydcsATQ.dcs.devtest.atohdtnet.gov.au/clientinteractions/confirmation?</parameter>
            <parameter key="ClientInteractionsOneToOneSubmit">https://mydcsATQ.dcs.devtest.atohdtnet.gov.au/services/one-to-one/fulfilment.svc</parameter>
            <parameter key="TargetDir">${InstallDrive}\AT\${Environment}</parameter>
            <parameter key="FolderUserPermissions">devtest\SVC_DCSCORRES_AT;devtest\RES_DO_DCS_ADMIN_LG;devtest\RES_DCS_SYSDEV_LG;devtest\RES_DCS_TEST_LG;devtest\RES_DCS_TEMPLATE_LG</parameter>
            <parameter key="JMSQueueName">HPE.5465.SAVEDOC.JREQUEST</parameter>
            <parameter key="JMSQueueName1">HPE.5098.SAVEDOC.JREQUEST</parameter>
            <parameter key="JMSQueueNameBDE">HPE._BMD.BDEMSGDELIVERY.JREQUEST</parameter>
        </instance>
        <instance key="PTA">
            <parameter key="LegacyEnv">PTA</parameter>
            <parameter key="Environment">PTA</parameter>
            <parameter key="DCSExstreamSharedLocation">\\fileShareDT.dcs.DevTest.atohdtnet.gov.au\PT</parameter>
            <parameter key="LiveCloseRedirectURL">https://mydcsPTA.dcs.devtest.atohdtnet.gov.au/clientinteractions/confirmation?</parameter>
            <parameter key="ClientInteractionsOneToOneSubmit">https://mydcsPTA.dcs.devtest.atohdtnet.gov.au/services/one-to-one/fulfilment.svc</parameter>
            <parameter key="TargetDir">${InstallDrive}\PT\${Environment}</parameter>
            <parameter key="FolderUserPermissions">devtest\SVC_DCSCORRES_PT;devtest\RES_DO_DCS_ADMIN_LG;devtest\RES_DCS_SYSDEV_LG;devtest\RES_DCS_TEST_LG;devtest\RES_DCS_TEMPLATE_LG</parameter>
        </instance>
        <instance key="PTB">
            <parameter key="LegacyEnv">PTB</parameter>
            <parameter key="Environment">PTB</parameter>
            <parameter key="DCSExstreamSharedLocation">\\fileShareDT.dcs.DevTest.atohdtnet.gov.au\PT</parameter>
            <parameter key="LiveCloseRedirectURL">https://mydcsPTB.dcs.devtest.atohdtnet.gov.au/clientinteractions/confirmation?</parameter>
            <parameter key="ClientInteractionsOneToOneSubmit">https://mydcsPTB.dcs.devtest.atohdtnet.gov.au/services/one-to-one/fulfilment.svc</parameter>
            <parameter key="TargetDir">${InstallDrive}\PT\${Environment}</parameter>
            <parameter key="FolderUserPermissions">devtest\SVC_DCSCORRES_PT;devtest\RES_DO_DCS_ADMIN_LG;devtest\RES_DCS_SYSDEV_LG;devtest\RES_DCS_TEST_LG;devtest\RES_DCS_TEMPLATE_LG</parameter>
        </instance>
        <instance key="PTE">
            <parameter key="LegacyEnv">PTE</parameter>
            <parameter key="Environment">PTE</parameter>
            <parameter key="DCSExstreamSharedLocation">\\fileShareDT.dcs.DevTest.atohdtnet.gov.au\PT</parameter>
            <parameter key="LiveCloseRedirectURL">https://mydcsPTE.dcs.devtest.atohdtnet.gov.au/clientinteractions/confirmation?</parameter>
            <parameter key="ClientInteractionsOneToOneSubmit">https://mydcsPTE.dcs.devtest.atohdtnet.gov.au/services/one-to-one/fulfilment.svc</parameter>
            <parameter key="TargetDir">${InstallDrive}\PT\${Environment}</parameter>
            <parameter key="FolderUserPermissions">devtest\SVC_DCSCORRES_PT;devtest\RES_DO_DCS_ADMIN_LG;devtest\RES_DCS_SYSDEV_LG;devtest\RES_DCS_TEST_LG;devtest\RES_DCS_TEMPLATE_LG</parameter>
        </instance>
        <instance key="PTF">
            <parameter key="LegacyEnv">PTF</parameter>
            <parameter key="Environment">PTF</parameter>
            <parameter key="DCSExstreamSharedLocation">\\fileShareDT.dcs.DevTest.atohdtnet.gov.au\PT</parameter>
            <parameter key="LiveCloseRedirectURL">https://mydcsPTF.dcs.devtest.atohdtnet.gov.au/clientinteractions/confirmation?</parameter>
            <parameter key="ClientInteractionsOneToOneSubmit">https://mydcsPTF.dcs.devtest.atohdtnet.gov.au/services/one-to-one/fulfilment.svc</parameter>
            <parameter key="TargetDir">${InstallDrive}\PT\${Environment}</parameter>
            <parameter key="FolderUserPermissions">devtest\SVC_DCSCORRES_PT;devtest\RES_DO_DCS_ADMIN_LG;devtest\RES_DCS_SYSDEV_LG;devtest\RES_DCS_TEST_LG;devtest\RES_DCS_TEMPLATE_LG</parameter>
        </instance>
        <instance key="PTG">
            <parameter key="LegacyEnv">PTG</parameter>
            <parameter key="Environment">PTG</parameter>
            <parameter key="DCSExstreamSharedLocation">\\fileShareDT.dcs.DevTest.atohdtnet.gov.au\PT</parameter>
            <parameter key="LiveCloseRedirectURL">https://mydcsPTG.dcs.devtest.atohdtnet.gov.au/clientinteractions/confirmation?</parameter>
            <parameter key="ClientInteractionsOneToOneSubmit">https://mydcsPTG.dcs.devtest.atohdtnet.gov.au/services/one-to-one/fulfilment.svc</parameter>
            <parameter key="TargetDir">${InstallDrive}\PT\${Environment}</parameter>
            <parameter key="FolderUserPermissions">devtest\SVC_DCSCORRES_PT;devtest\RES_DO_DCS_ADMIN_LG;devtest\RES_DCS_SYSDEV_LG;devtest\RES_DCS_TEST_LG;devtest\RES_DCS_TEMPLATE_LG</parameter>
        </instance>
        <instance key="PTH">
            <parameter key="LegacyEnv">PTH</parameter>
            <parameter key="Environment">PTH</parameter>
            <parameter key="DCSExstreamSharedLocation">\\fileShareDT.dcs.DevTest.atohdtnet.gov.au\PT</parameter>
            <parameter key="LiveCloseRedirectURL">https://mydcsPTH.dcs.devtest.atohdtnet.gov.au/clientinteractions/confirmation?</parameter>
            <parameter key="ClientInteractionsOneToOneSubmit">https://mydcsPTH.dcs.devtest.atohdtnet.gov.au/services/one-to-one/fulfilment.svc</parameter>
            <parameter key="TargetDir">${InstallDrive}\PT\${Environment}</parameter>
            <parameter key="FolderUserPermissions">devtest\SVC_DCSCORRES_PT;devtest\RES_DO_DCS_ADMIN_LG;devtest\RES_DCS_SYSDEV_LG;devtest\RES_DCS_TEST_LG;devtest\RES_DCS_TEMPLATE_LG</parameter>
        </instance>
        <instance key="PTI">
            <parameter key="LegacyEnv">PTI</parameter>
            <parameter key="Environment">PTI</parameter>
            <parameter key="DCSExstreamSharedLocation">\\fileShareDT.dcs.DevTest.atohdtnet.gov.au\PT</parameter>
            <parameter key="LiveCloseRedirectURL">https://mydcsPTI.dcs.devtest.atohdtnet.gov.au/clientinteractions/confirmation?</parameter>
            <parameter key="ClientInteractionsOneToOneSubmit">https://mydcsPTI.dcs.devtest.atohdtnet.gov.au/services/one-to-one/fulfilment.svc</parameter>
            <parameter key="TargetDir">${InstallDrive}\PT\${Environment}</parameter>
            <parameter key="FolderUserPermissions">devtest\SVC_DCSCORRES_PT;devtest\RES_DO_DCS_ADMIN_LG;devtest\RES_DCS_SYSDEV_LG;devtest\RES_DCS_TEST_LG;devtest\RES_DCS_TEMPLATE_LG</parameter>
        </instance>
        <instance key="PTJ">
            <parameter key="LegacyEnv">PTJ</parameter>
            <parameter key="Environment">PTJ</parameter>
            <parameter key="DCSExstreamSharedLocation">\\fileShareDT.dcs.DevTest.atohdtnet.gov.au\PT</parameter>
            <parameter key="LiveCloseRedirectURL">https://mydcsPTJ.dcs.devtest.atohdtnet.gov.au/clientinteractions/confirmation?</parameter>
            <parameter key="ClientInteractionsOneToOneSubmit">https://mydcsPTJ.dcs.devtest.atohdtnet.gov.au/services/one-to-one/fulfilment.svc</parameter>
            <parameter key="TargetDir">${InstallDrive}\PT\${Environment}</parameter>
            <parameter key="FolderUserPermissions">devtest\SVC_DCSCORRES_PT;devtest\RES_DO_DCS_ADMIN_LG;devtest\RES_DCS_SYSDEV_LG;devtest\RES_DCS_TEST_LG;devtest\RES_DCS_TEMPLATE_LG</parameter>
        </instance>
        <instance key="PTK">
            <parameter key="LegacyEnv">PTK</parameter>
            <parameter key="Environment">PTK</parameter>
            <parameter key="DCSExstreamSharedLocation">\\fileShareDT.dcs.DevTest.atohdtnet.gov.au\PT</parameter>
            <parameter key="LiveCloseRedirectURL">https://mydcsPTK.dcs.devtest.atohdtnet.gov.au/clientinteractions/confirmation?</parameter>
            <parameter key="ClientInteractionsOneToOneSubmit">https://mydcsPTK.dcs.devtest.atohdtnet.gov.au/services/one-to-one/fulfilment.svc</parameter>
            <parameter key="TargetDir">${InstallDrive}\PT\${Environment}</parameter>
            <parameter key="FolderUserPermissions">devtest\SVC_DCSCORRES_PT;devtest\RES_DO_DCS_ADMIN_LG;devtest\RES_DCS_SYSDEV_LG;devtest\RES_DCS_TEST_LG;devtest\RES_DCS_TEMPLATE_LG</parameter>
        </instance>
        <instance key="PTM">
            <parameter key="LegacyEnv">PTM</parameter>
            <parameter key="Environment">PTM</parameter>
            <parameter key="DCSExstreamSharedLocation">\\fileShareDT.dcs.DevTest.atohdtnet.gov.au\PT</parameter>
            <parameter key="LiveCloseRedirectURL">https://mydcsPTM.dcs.devtest.atohdtnet.gov.au/clientinteractions/confirmation?</parameter>
            <parameter key="ClientInteractionsOneToOneSubmit">https://mydcsPTM.dcs.devtest.atohdtnet.gov.au/services/one-to-one/fulfilment.svc</parameter>
            <parameter key="TargetDir">${InstallDrive}\PT\${Environment}</parameter>
            <parameter key="FolderUserPermissions">devtest\SVC_DCSCORRES_PT;devtest\RES_DO_DCS_ADMIN_LG;devtest\RES_DCS_SYSDEV_LG;devtest\RES_DCS_TEST_LG;devtest\RES_DCS_TEMPLATE_LG</parameter>
        </instance>
        <instance key="PTE">
            <parameter key="LegacyEnv">PTE</parameter>
            <parameter key="Environment">PTE</parameter>
            <parameter key="DCSExstreamSharedLocation">\\fileShareDT.dcs.DevTest.atohdtnet.gov.au\PT</parameter>
            <parameter key="LiveCloseRedirectURL">https://mydcsPTE.dcs.devtest.atohdtnet.gov.au/clientinteractions/confirmation?</parameter>
            <parameter key="ClientInteractionsOneToOneSubmit">https://mydcsPTE.dcs.devtest.atohdtnet.gov.au/services/one-to-one/fulfilment.svc</parameter>
            <parameter key="TargetDir">${InstallDrive}\PT\${Environment}</parameter>
            <parameter key="FolderUserPermissions">devtest\SVC_DCSCORRES_PT;devtest\RES_DO_DCS_ADMIN_LG;devtest\RES_DCS_SYSDEV_LG;devtest\RES_DCS_TEST_LG;devtest\RES_DCS_TEMPLATE_LG</parameter>
        </instance>
        <instance key="PTQ">
            <parameter key="LegacyEnv">PTQ</parameter>
            <parameter key="Environment">PTQ</parameter>
            <parameter key="DCSExstreamSharedLocation">\\fileShareDT.dcs.DevTest.atohdtnet.gov.au\PT</parameter>
            <parameter key="LiveCloseRedirectURL">https://mydcsPTQ.dcs.devtest.atohdtnet.gov.au/clientinteractions/confirmation?</parameter>
            <parameter key="ClientInteractionsOneToOneSubmit">https://mydcsPTQ.dcs.devtest.atohdtnet.gov.au/services/one-to-one/fulfilment.svc</parameter>
            <parameter key="TargetDir">${InstallDrive}\PT\${Environment}</parameter>
            <parameter key="FolderUserPermissions">devtest\SVC_DCSCORRES_PT;devtest\RES_DO_DCS_ADMIN_LG;devtest\RES_DCS_SYSDEV_LG;devtest\RES_DCS_TEST_LG;devtest\RES_DCS_TEMPLATE_LG</parameter>
        </instance>
        <instance key="PTR">
            <parameter key="LegacyEnv">PTR</parameter>
            <parameter key="Environment">PTR</parameter>
            <parameter key="DCSExstreamSharedLocation">\\fileShareDT.dcs.DevTest.atohdtnet.gov.au\PT</parameter>
            <parameter key="LiveCloseRedirectURL">https://mydcsPTR.dcs.devtest.atohdtnet.gov.au/clientinteractions/confirmation?</parameter>
            <parameter key="ClientInteractionsOneToOneSubmit">https://mydcsPTR.dcs.devtest.atohdtnet.gov.au/services/one-to-one/fulfilment.svc</parameter>
            <parameter key="TargetDir">${InstallDrive}\PT\${Environment}</parameter>
            <parameter key="FolderUserPermissions">devtest\SVC_DCSCORRES_PT;devtest\RES_DO_DCS_ADMIN_LG;devtest\RES_DCS_SYSDEV_LG;devtest\RES_DCS_TEST_LG;devtest\RES_DCS_TEMPLATE_LG</parameter>
        </instance>
        <instance key="PTW">
            <parameter key="LegacyEnv">PTW</parameter>
            <parameter key="Environment">PTW</parameter>
            <parameter key="DCSExstreamSharedLocation">\\fileShareDT.dcs.DevTest.atohdtnet.gov.au\PT</parameter>
            <parameter key="LiveCloseRedirectURL">https://mydcsPTW.dcs.devtest.atohdtnet.gov.au/clientinteractions/confirmation?</parameter>
            <parameter key="ClientInteractionsOneToOneSubmit">https://mydcsPTW.dcs.devtest.atohdtnet.gov.au/services/one-to-one/fulfilment.svc</parameter>
            <parameter key="TargetDir">${InstallDrive}\PT\${Environment}</parameter>
            <parameter key="FolderUserPermissions">devtest\SVC_DCSCORRES_PT;devtest\RES_DO_DCS_ADMIN_LG;devtest\RES_DCS_SYSDEV_LG;devtest\RES_DCS_TEST_LG;devtest\RES_DCS_TEMPLATE_LG</parameter>
        </instance>
        <instance key="PFB">
            <parameter key="LegacyEnv">PRFB</parameter>
            <parameter key="Environment">PFB</parameter>
            <parameter key="DCSExstreamSharedLocation">\\filesharepp.dcs.preprod.atohppnet.gov.au\PF</parameter>
            <parameter key="LiveCloseRedirectURL">https://mydcsPFB.dcs.preprod.atohppnet.gov.au/clientinteractions/confirmation?</parameter>
            <parameter key="ClientInteractionsOneToOneSubmit">https://mydcsPFB.dcs.preprod.atohppnet.gov.au/services/one-to-one/fulfilment.svc</parameter>
            <parameter key="TargetDir">${InstallDrive}\PF\${Environment}</parameter>
            <parameter key="FolderUserPermissions">PREPRODHPPNET\SVC_DCSCORRES_PF;PREPRODHPPNET\RES_DO_DCS_ADMIN_LG;PREPRODHPPNET\RES_DCS_SYSDEV_LG;PREPRODHPPNET\RES_DCS_TEST_LG;PREPRODHPPNET\RES_DCS_TEMPLATE_LG</parameter>
        </instance>
        <instance key="PFE">
            <parameter key="LegacyEnv">PRFE</parameter>
            <parameter key="Environment">PFE</parameter>
            <parameter key="DCSExstreamSharedLocation">\\filesharepp.dcs.preprod.atohppnet.gov.au\PF</parameter>
            <parameter key="LiveCloseRedirectURL">https://mydcsPFE.dcs.preprod.atohppnet.gov.au/clientinteractions/confirmation?</parameter>
            <parameter key="ClientInteractionsOneToOneSubmit">https://mydcsPFE.dcs.preprod.atohppnet.gov.au/services/one-to-one/fulfilment.svc</parameter>
            <parameter key="TargetDir">${InstallDrive}\PF\${Environment}</parameter>
            <parameter key="FolderUserPermissions">PREPRODHPPNET\SVC_DCSCORRES_PF;PREPRODHPPNET\RES_DO_DCS_ADMIN_LG;PREPRODHPPNET\RES_DCS_SYSDEV_LG;PREPRODHPPNET\RES_DCS_TEST_LG;PREPRODHPPNET\RES_DCS_TEMPLATE_LG</parameter>
        </instance>
        <instance key="EFX">
            <parameter key="LegacyEnv">EFIX</parameter>
            <parameter key="Environment">EFX</parameter>
            <parameter key="DCSExstreamSharedLocation">\\filesharepp.dcs.preprod.atohppnet.gov.au\EF</parameter>
            <parameter key="LiveCloseRedirectURL">https://mydcsEFX.dcs.preprod.atohppnet.gov.au/clientinteractions/confirmation?</parameter>
            <parameter key="ClientInteractionsOneToOneSubmit">https://mydcsEFX.dcs.preprod.atohppnet.gov.au/services/one-to-one/fulfilment.svc</parameter>
            <parameter key="TargetDir">${InstallDrive}\EF\${Environment}</parameter>
            <parameter key="FolderUserPermissions">PREPRODHPPNET\SVC_DCSCORRES_EF;PREPRODHPPNET\RES_DO_DCS_ADMIN_LG;PREPRODHPPNET\RES_DCS_SYSDEV_LG;PREPRODHPPNET\RES_DCS_TEST_LG;PREPRODHPPNET\RES_DCS_TEMPLATE_LG</parameter>
        </instance>
        <instance key="UCD">
            <parameter key="LegacyEnv">UCTD</parameter>
            <parameter key="Environment">UCD</parameter>
            <parameter key="DCSExstreamSharedLocation">\\filesharepp.dcs.preprod.atohppnet.gov.au\UA</parameter>
            <parameter key="LiveCloseRedirectURL">https://mydcsUCD.dcs.preprod.atohppnet.gov.au/clientinteractions/confirmation?</parameter>
            <parameter key="ClientInteractionsOneToOneSubmit">https://mydcsUCD.dcs.preprod.atohppnet.gov.au/services/one-to-one/fulfilment.svc</parameter>
            <parameter key="TargetDir">${InstallDrive}\UA\${Environment}</parameter>
            <parameter key="FolderUserPermissions">PREPRODHPPNET\SVC_DCSCORRES_UA;PREPRODHPPNET\SVC_DCSCORRES_EF;PREPRODHPPNET\RES_DO_DCS_ADMIN_LG;PREPRODHPPNET\RES_DCS_SYSDEV_LG;PREPRODHPPNET\RES_DCS_TEST_LG;PREPRODHPPNET\RES_DCS_TEMPLATE_LG</parameter>
        </instance>
        <instance key="UAB">
            <parameter key="LegacyEnv">UAB</parameter>
            <parameter key="Environment">UAB</parameter>
            <parameter key="DCSExstreamSharedLocation">\\filesharepp.dcs.preprod.atohppnet.gov.au\UA</parameter>
            <parameter key="LiveCloseRedirectURL">https://mydcsUAB.dcs.preprod.atohppnet.gov.au/clientinteractions/confirmation?</parameter>
            <parameter key="ClientInteractionsOneToOneSubmit">https://mydcsUAB.dcs.preprod.atohppnet.gov.au/services/one-to-one/fulfilment.svc</parameter>
            <parameter key="TargetDir">${InstallDrive}\UA\${Environment}</parameter>
            <parameter key="FolderUserPermissions">PREPRODHPPNET\SVC_DCSCORRES_UA;PREPRODHPPNET\SVC_DCSCORRES_EF;PREPRODHPPNET\RES_DO_DCS_ADMIN_LG;PREPRODHPPNET\RES_DCS_SYSDEV_LG;PREPRODHPPNET\RES_DCS_TEST_LG;PREPRODHPPNET\RES_DCS_TEMPLATE_LG</parameter>
        </instance>
        <instance key="UAI">
            <parameter key="LegacyEnv">UATI</parameter>
            <parameter key="Environment">UAI</parameter>
            <parameter key="DCSExstreamSharedLocation">\\filesharepp.dcs.preprod.atohppnet.gov.au\UA</parameter>
            <parameter key="LiveCloseRedirectURL">https://mydcsUAI.dcs.preprod.atohppnet.gov.au/clientinteractions/confirmation?</parameter>
            <parameter key="ClientInteractionsOneToOneSubmit">https://mydcsUAI.dcs.preprod.atohppnet.gov.au/services/one-to-one/fulfilment.svc</parameter>
            <parameter key="TargetDir">${InstallDrive}\UA\${Environment}</parameter>
            <parameter key="FolderUserPermissions">PREPRODHPPNET\SVC_DCSCORRES_UA;PREPRODHPPNET\SVC_DCSCORRES_EF;PREPRODHPPNET\RES_DO_DCS_ADMIN_LG;PREPRODHPPNET\RES_DCS_SYSDEV_LG;PREPRODHPPNET\RES_DCS_TEST_LG;PREPRODHPPNET\RES_DCS_TEMPLATE_LG</parameter>
        </instance>
        <instance key="UAK">
            <parameter key="LegacyEnv">UATK</parameter>
            <parameter key="Environment">UAK</parameter>
            <parameter key="DCSExstreamSharedLocation">\\filesharepp.dcs.preprod.atohppnet.gov.au\UA</parameter>
            <parameter key="LiveCloseRedirectURL">https://mydcsUAK.dcs.preprod.atohppnet.gov.au/clientinteractions/confirmation?</parameter>
            <parameter key="ClientInteractionsOneToOneSubmit">https://mydcsUAK.dcs.preprod.atohppnet.gov.au/services/one-to-one/fulfilment.svc</parameter>
            <parameter key="TargetDir">${InstallDrive}\UA\${Environment}</parameter>
            <parameter key="FolderUserPermissions">PREPRODHPPNET\SVC_DCSCORRES_UA;PREPRODHPPNET\SVC_DCSCORRES_EF;PREPRODHPPNET\RES_DO_DCS_ADMIN_LG;PREPRODHPPNET\RES_DCS_SYSDEV_LG;PREPRODHPPNET\RES_DCS_TEST_LG;PREPRODHPPNET\RES_DCS_TEMPLATE_LG</parameter>
        </instance>
        <instance key="PRD">
            <parameter key="LegacyEnv">PROD</parameter>
            <parameter key="Environment">PRD</parameter>
            <parameter key="DCSExstreamSharedLocation">\\filesharePR.dcs.prod.atohnet.gov.au\PR</parameter>
            <parameter key="LiveCloseRedirectURL">https://mydcs.dcs.prod.atohnet.gov.au/clientinteractions/confirmation?</parameter>
            <parameter key="ClientInteractionsOneToOneSubmit">https://mydcs.dcs.prod.atohnet.gov.au/services/one-to-one/fulfilment.svc</parameter>
            <parameter key="TargetDir">${InstallDrive}\PR\${Environment}</parameter>
            <parameter key="FolderUserPermissions">PRODHNET\SVC_DCSCORRES_PR;PRODHNET\RES_DO_DCS_ADMIN_LG;PRODHNET\RES_DCS_SYSDEV_LG;PRODHNET\RES_DCS_TEST_LG;PRODHNET\RES_DCS_TEMPLATE_LG</parameter>
        </instance>
    </environment>
</environments>
