<?xml version="1.0" encoding="utf-8"?>
<!-- ******************************************************* -->
<!-- !!!!! NEVER UPDATE THIS ENVIRONMENT FILE DIRECTLY !!!!! -->
<!--                                                         -->
<!-- ALWAYS use the Excel environment file editor to update  -->
<!-- and then generate the environment file.                 -->
<!-- ******************************************************* -->
<environments applicationName="DCS" roleName="Receive=Receive" securityCode="3000">
    <environment key="Level 1 - OBOAWEB00002DEW - DEVW" remoteDeploymentGroupName="" remoteDeploymentServers="">
        <group key="Deployment">
            <parameter key="winServiceIdentity">DEVELOPER\SVC_HPEXSTREAM_DEVEL</parameter>
            <parameter key="Environment">DEVW</parameter>
            <parameter key="OutBoundCorroGen.SQLInstance">MSQSSQLA1G2AT.product.atotnet.gov.au\SQL001</parameter>
            <parameter key="OutBoundCorroGen.Database.Name">Outbound${Environment}</parameter>
            <parameter key="Hangfire.SQLInstance">DCSXSQL01G1DEV.developer.atodnet.gov.au\SQL001</parameter>
            <parameter key="Hangfire.DatabaseName">Hangfire${Environment}</parameter>
            <parameter key="EventLog.Sink.Source">DCSReceive${Environment}</parameter>
            <parameter key="CCDTSourcePath">${InstallDrive}\EAI\CCDT</parameter>
            <parameter key="CCDTFile">${Environment}.OUT.TAB</parameter>
            <parameter key="QueueManager">CGS_1L01</parameter>
            <parameter key="ChannelName">OUT.CGS01</parameter>
            <parameter key="MQSeries.hostName">10.192.57.216</parameter>
            <parameter key="MQSeries.port">1416</parameter>
            <parameter key="MQSeries.isServer">FALSE</parameter>
            <parameter key="MQServer.Channel.Cleanup">FALSE</parameter>
            <parameter key="Logging.Enabled">false</parameter>
            <parameter key="PsiDeploymentStatusEmailAddress">DCRTEnvironments2@ato.gov.au</parameter>
        </group>
        <group key="Command Centre">
            <parameter key="CCServerName">DCSXAPP01G1DEV.developer.atodnet.gov.au</parameter>
            <parameter key="CCPortNumber">8081</parameter>
            <parameter key="CCEngineName">Engine8-6-106</parameter>
            <parameter key="VarSetDir">\\${CCServerName}\DCSExstream\Workspaces\myDCS_${Environment}\var\varsets</parameter>
        </group>
    </environment>
    <environment key="Level 1 - OBOAWEB00001DEH - DEVH" remoteDeploymentGroupName="" remoteDeploymentServers="">
        <group key="Deployment">
            <parameter key="winServiceIdentity">DEVELOPER\SVC_HPEXSTREAM_DEVEL</parameter>
            <parameter key="Environment">DEVH</parameter>
            <parameter key="OutBoundCorroGen.SQLInstance">MSQSSQLA1G2AT.product.atotnet.gov.au\SQL001</parameter>
            <parameter key="OutBoundCorroGen.Database.Name">Outbound${Environment}</parameter>
            <parameter key="Hangfire.SQLInstance">DCSXSQL01G1DEV.developer.atodnet.gov.au\SQL001</parameter>
            <parameter key="Hangfire.DatabaseName">Hangfire${Environment}</parameter>
            <parameter key="EventLog.Sink.Source">DCSReceive${Environment}</parameter>
            <parameter key="CCDTSourcePath">${InstallDrive}\EAI\CCDT</parameter>
            <parameter key="CCDTFile">${Environment}.OUT.TAB</parameter>
            <parameter key="QueueManager">CGS_1_01</parameter>
            <parameter key="ChannelName">OUT.CGS01</parameter>
            <parameter key="MQSeries.hostName">10.192.57.216</parameter>
            <parameter key="MQSeries.port">1417</parameter>
            <parameter key="MQSeries.isServer">FALSE</parameter>
            <parameter key="MQServer.Channel.Cleanup">FALSE</parameter>
            <parameter key="Logging.Enabled">false</parameter>
            <parameter key="PsiDeploymentStatusEmailAddress">DCRTEnvironments2@ato.gov.au</parameter>
        </group>
        <group key="Command Centre">
            <parameter key="CCServerName">DCSXAPP01G1DEV.developer.atodnet.gov.au</parameter>
            <parameter key="CCPortNumber">8081</parameter>
            <parameter key="CCEngineName">Engine8-6-106</parameter>
            <parameter key="VarSetDir">\\${CCServerName}\DCSExstream\Workspaces\myDCS_${Environment}\var\varsets</parameter>
        </group>
    </environment>
    <environment key="Level 1 - OBOAWEB00001DEI - DEVI" remoteDeploymentGroupName="" remoteDeploymentServers="">
        <group key="Deployment">
            <parameter key="winServiceIdentity">DEVELOPER\SVC_HPEXSTREAM_DEVEL</parameter>
            <parameter key="Environment">DEVI</parameter>
            <parameter key="OutBoundCorroGen.SQLInstance">MSQSSQLA1G2AT.product.atotnet.gov.au\SQL001</parameter>
            <parameter key="OutBoundCorroGen.Database.Name">Outbound${Environment}</parameter>
            <parameter key="Hangfire.SQLInstance">DCSXSQL01G1DEV.developer.atodnet.gov.au\SQL001</parameter>
            <parameter key="Hangfire.DatabaseName">Hangfire${Environment}</parameter>
            <parameter key="EventLog.Sink.Source">DCSReceive${Environment}</parameter>
            <parameter key="CCDTSourcePath">${InstallDrive}\EAI\CCDT</parameter>
            <parameter key="CCDTFile">${Environment}.OUT.TAB</parameter>
            <parameter key="QueueManager">CGS_A_01</parameter>
            <parameter key="ChannelName">OUT.CGS01</parameter>
            <parameter key="MQSeries.hostName">10.192.57.216</parameter>
            <parameter key="MQSeries.port">1415</parameter>
            <parameter key="MQSeries.isServer">FALSE</parameter>
            <parameter key="MQServer.Channel.Cleanup">FALSE</parameter>
            <parameter key="Logging.Enabled">false</parameter>
            <parameter key="PsiDeploymentStatusEmailAddress">DCRTEnvironments2@ato.gov.au</parameter>
        </group>
        <group key="Command Centre">
            <parameter key="CCServerName">DCSXAPP01G1DEV.developer.atodnet.gov.au</parameter>
            <parameter key="CCPortNumber">8081</parameter>
            <parameter key="CCEngineName">Engine8-6-106</parameter>
            <parameter key="VarSetDir">\\${CCServerName}\DCSExstream\Workspaces\myDCS_${Environment}\var\varsets</parameter>
        </group>
    </environment>
    <environment key="Level 1 - XSUPWEBZ0041AT - DEVK" remoteDeploymentGroupName="" remoteDeploymentServers="">
        <group key="Deployment">
            <parameter key="winServiceIdentity">DEVELOPER\SVC_HPEXSTREAM_DEVEL</parameter>
            <parameter key="Environment">DEVK</parameter>
            <parameter key="OutBoundCorroGen.SQLInstance">MSQSSQLA1G2AT.product.atotnet.gov.au\SQL001</parameter>
            <parameter key="OutBoundCorroGen.Database.Name">Outbound${Environment}</parameter>
            <parameter key="Hangfire.SQLInstance">DCSXSQL01G1DEV.developer.atodnet.gov.au\SQL001</parameter>
            <parameter key="Hangfire.DatabaseName">Hangfire${Environment}</parameter>
            <parameter key="EventLog.Sink.Source">DCSReceive${Environment}</parameter>
            <parameter key="CCDTSourcePath">${InstallDrive}\EAI\CCDT</parameter>
            <parameter key="CCDTFile">${Environment}.OUT.TAB</parameter>
            <parameter key="QueueManager">CGS_T_01</parameter>
            <parameter key="ChannelName">OUT.CGS01</parameter>
            <parameter key="MQSeries.hostName">10.192.57.216</parameter>
            <parameter key="MQSeries.port">1414</parameter>
            <parameter key="MQSeries.isServer">FALSE</parameter>
            <parameter key="MQServer.Channel.Cleanup">FALSE</parameter>
            <parameter key="Logging.Enabled">false</parameter>
            <parameter key="PsiDeploymentStatusEmailAddress">DCRTEnvironments2@ato.gov.au</parameter>
        </group>
        <group key="Command Centre">
            <parameter key="CCServerName">DCSXAPP01G1DEV.developer.atodnet.gov.au</parameter>
            <parameter key="CCPortNumber">8081</parameter>
            <parameter key="CCEngineName">Engine8-6-106</parameter>
            <parameter key="VarSetDir">\\${CCServerName}\DCSExstream\Workspaces\myDCS_${Environment}\var\varsets</parameter>
        </group>
    </environment>
    <environment key="Level 1 - OBOAWEB00002DEQ - DEVQ" remoteDeploymentGroupName="" remoteDeploymentServers="">
        <group key="Deployment">
            <parameter key="winServiceIdentity">DEVELOPER\SVC_HPEXSTREAM_DEVEL</parameter>
            <parameter key="Environment">DEVQ</parameter>
            <parameter key="OutBoundCorroGen.SQLInstance">MSQSSQLA1G2AT.product.atotnet.gov.au\SQL001</parameter>
            <parameter key="OutBoundCorroGen.Database.Name">Outbound${Environment}</parameter>
            <parameter key="Hangfire.SQLInstance">DCSXSQL01G1DEV.developer.atodnet.gov.au\SQL001</parameter>
            <parameter key="Hangfire.DatabaseName">Hangfire${Environment}</parameter>
            <parameter key="EventLog.Sink.Source">DCSReceive${Environment}</parameter>
            <parameter key="CCDTSourcePath">${InstallDrive}\EAI\CCDT</parameter>
            <parameter key="CCDTFile">${Environment}.OUT.TAB</parameter>
            <parameter key="QueueManager">CGS_4_01</parameter>
            <parameter key="ChannelName">OUT.CGS01</parameter>
            <parameter key="MQSeries.hostName">10.7.141.149</parameter>
            <parameter key="MQSeries.port">1415</parameter>
            <parameter key="MQSeries.isServer">FALSE</parameter>
            <parameter key="MQServer.Channel.Cleanup">FALSE</parameter>
            <parameter key="Logging.Enabled">false</parameter>
            <parameter key="PsiDeploymentStatusEmailAddress">DCRTEnvironments2@ato.gov.au</parameter>
        </group>
        <group key="Command Centre">
            <parameter key="CCServerName">DCSXAPP01G1DEV.developer.atodnet.gov.au</parameter>
            <parameter key="CCPortNumber">8081</parameter>
            <parameter key="CCEngineName">Engine8-6-106</parameter>
            <parameter key="VarSetDir">\\${CCServerName}\DCSExstream\Workspaces\myDCS_${Environment}\var\varsets</parameter>
        </group>
    </environment>
    <environment key="Level 1 - OBUIWEB00001DEG - DEVG" remoteDeploymentGroupName="" remoteDeploymentServers="">
        <group key="Deployment">
            <parameter key="winServiceIdentity">DEVELOPER\SVC_HPEXSTREAM_DEVEL</parameter>
            <parameter key="Environment">DEVG</parameter>
            <parameter key="OutBoundCorroGen.SQLInstance">MSQSSQLA1G2AT.product.atotnet.gov.au\SQL001</parameter>
            <parameter key="OutBoundCorroGen.Database.Name">Outbound${Environment}</parameter>
            <parameter key="Hangfire.SQLInstance">DCSXSQL01G1DEV.developer.atodnet.gov.au\SQL001</parameter>
            <parameter key="Hangfire.DatabaseName">Hangfire${Environment}</parameter>
            <parameter key="EventLog.Sink.Source">DCSReceive${Environment}</parameter>
            <parameter key="CCDTSourcePath">${InstallDrive}\EAI\CCDT</parameter>
            <parameter key="CCDTFile">${Environment}.OUT.TAB</parameter>
            <parameter key="QueueManager">CGS_1N01</parameter>
            <parameter key="ChannelName">OUT.CGS01</parameter>
            <parameter key="MQSeries.hostName">10.7.141.149</parameter>
            <parameter key="MQSeries.port">1416</parameter>
            <parameter key="MQSeries.isServer">FALSE</parameter>
            <parameter key="MQServer.Channel.Cleanup">FALSE</parameter>
            <parameter key="Logging.Enabled">false</parameter>
            <parameter key="PsiDeploymentStatusEmailAddress">DCRTEnvironments2@ato.gov.au</parameter>
        </group>
        <group key="Command Centre">
            <parameter key="CCServerName">DCSXAPP01G1DEV.developer.atodnet.gov.au</parameter>
            <parameter key="CCPortNumber">8081</parameter>
            <parameter key="CCEngineName">Engine8-6-106</parameter>
            <parameter key="VarSetDir">\\${CCServerName}\DCSExstream\Workspaces\myDCS_${Environment}\var\varsets</parameter>
        </group>
    </environment>
    <environment key="Level 1 - OUTBWEB00001DEP - DEVP" remoteDeploymentGroupName="" remoteDeploymentServers="">
        <group key="Deployment">
            <parameter key="winServiceIdentity">DEVELOPER\SVC_HPEXSTREAM_DEVEL</parameter>
            <parameter key="Environment">DEVP</parameter>
            <parameter key="OutBoundCorroGen.SQLInstance">MSQSSQLA1G2AT.product.atotnet.gov.au\SQL001</parameter>
            <parameter key="OutBoundCorroGen.Database.Name">Outbound${Environment}</parameter>
            <parameter key="Hangfire.SQLInstance">DCSXSQL01G1DEV.developer.atodnet.gov.au\SQL001</parameter>
            <parameter key="Hangfire.DatabaseName">Hangfire${Environment}</parameter>
            <parameter key="EventLog.Sink.Source">DCSReceive${Environment}</parameter>
            <parameter key="CCDTSourcePath">${InstallDrive}\EAI\CCDT</parameter>
            <parameter key="CCDTFile">${Environment}.OUT.TAB</parameter>
            <parameter key="QueueManager">CGS_7_01</parameter>
            <parameter key="ChannelName">OUT.CGS01</parameter>
            <parameter key="MQSeries.hostName">10.7.141.149</parameter>
            <parameter key="MQSeries.port">1414</parameter>
            <parameter key="MQSeries.isServer">FALSE</parameter>
            <parameter key="MQServer.Channel.Cleanup">FALSE</parameter>
            <parameter key="Logging.Enabled">false</parameter>
            <parameter key="PsiDeploymentStatusEmailAddress">DCRTEnvironments2@ato.gov.au</parameter>
        </group>
        <group key="Command Centre">
            <parameter key="CCServerName">DCSXAPP01G1DEV.developer.atodnet.gov.au</parameter>
            <parameter key="CCPortNumber">8081</parameter>
            <parameter key="CCEngineName">Engine8-6-106</parameter>
            <parameter key="VarSetDir">\\${CCServerName}\DCSExstream\Workspaces\myDCS_${Environment}\var\varsets</parameter>
        </group>
    </environment>
    <environment key="Level 1 - OUTBWEB00001DEA - DEA" remoteDeploymentGroupName="" remoteDeploymentServers="">
        <group key="Deployment">
            <parameter key="winServiceIdentity">DEVELOPER\SVC_HPEXSTREAM_DEVEL</parameter>
            <parameter key="Environment">DEA</parameter>
            <parameter key="OutBoundCorroGen.SQLInstance">OUTBSQL00001DES.product.atotnet.gov.au\SQL001</parameter>
            <parameter key="OutBoundCorroGen.Database.Name">Outbound${Environment}</parameter>
            <parameter key="Hangfire.SQLInstance">DCSXSQL00001ATS.product.atotnet.gov.au\SQL001</parameter>
            <parameter key="Hangfire.DatabaseName">Hangfire${Environment}</parameter>
            <parameter key="EventLog.Sink.Source">DCSReceive${Environment}</parameter>
            <parameter key="CCDTSourcePath">${InstallDrive}\EAI\CCDT</parameter>
            <parameter key="CCDTFile">${Environment}.OUT.TAB</parameter>
            <parameter key="QueueManager">CGS_1A01</parameter>
            <parameter key="ChannelName">OUT.CGS01</parameter>
            <parameter key="MQSeries.hostName">10.195.108.51</parameter>
            <parameter key="MQSeries.port">1414</parameter>
            <parameter key="MQSeries.isServer">FALSE</parameter>
            <parameter key="MQServer.Channel.Cleanup">FALSE</parameter>
            <parameter key="Logging.Enabled">false</parameter>
            <parameter key="PsiDeploymentStatusEmailAddress">DCRTEnvironments2@ato.gov.au</parameter>
        </group>
        <group key="Command Centre">
            <parameter key="CCServerName">DCSXAPP01G1DEV.developer.atodnet.gov.au</parameter>
            <parameter key="CCPortNumber">8081</parameter>
            <parameter key="CCEngineName">Engine8-6-106</parameter>
            <parameter key="VarSetDir">\\${CCServerName}\DCSExstream\Workspaces\myDCS_${Environment}\var\varsets</parameter>
        </group>
    </environment>
    <environment key="Level 1 - OUTBWEB00001DEB - DEB" remoteDeploymentGroupName="" remoteDeploymentServers="">
        <group key="Deployment">
            <parameter key="winServiceIdentity">DEVELOPER\SVC_HPEXSTREAM_DEVEL</parameter>
            <parameter key="Environment">DEB</parameter>
            <parameter key="OutBoundCorroGen.SQLInstance">OUTBSQL00001DES.product.atotnet.gov.au\SQL001</parameter>
            <parameter key="OutBoundCorroGen.Database.Name">Outbound${Environment}</parameter>
            <parameter key="Hangfire.SQLInstance">DCSXSQL00001ATS.product.atotnet.gov.au\SQL001</parameter>
            <parameter key="Hangfire.DatabaseName">Hangfire${Environment}</parameter>
            <parameter key="EventLog.Sink.Source">DCSReceive${Environment}</parameter>
            <parameter key="CCDTSourcePath">${InstallDrive}\EAI\CCDT</parameter>
            <parameter key="CCDTFile">${Environment}.OUT.TAB</parameter>
            <parameter key="QueueManager">CGS_1B01</parameter>
            <parameter key="ChannelName">OUT.CGS01</parameter>
            <parameter key="MQSeries.hostName">10.195.104.171</parameter>
            <parameter key="MQSeries.port">1414</parameter>
            <parameter key="MQSeries.isServer">FALSE</parameter>
            <parameter key="MQServer.Channel.Cleanup">FALSE</parameter>
            <parameter key="Logging.Enabled">false</parameter>
            <parameter key="PsiDeploymentStatusEmailAddress">DCRTEnvironments2@ato.gov.au</parameter>
        </group>
        <group key="Command Centre">
            <parameter key="CCServerName">DCSXAPP01G1DEV.developer.atodnet.gov.au</parameter>
            <parameter key="CCPortNumber">8081</parameter>
            <parameter key="CCEngineName">Engine8-6-106</parameter>
            <parameter key="VarSetDir">\\${CCServerName}\DCSExstream\Workspaces\myDCS_${Environment}\var\varsets</parameter>
        </group>
    </environment>
    <environment key="Level 1 - OUTBWEB00001DEM - DEM" remoteDeploymentGroupName="" remoteDeploymentServers="">
        <group key="Deployment">
            <parameter key="winServiceIdentity">DEVELOPER\SVC_HPEXSTREAM_DEVEL</parameter>
            <parameter key="Environment">DEM</parameter>
            <parameter key="OutBoundCorroGen.SQLInstance">OUTBSQL00001DES.product.atotnet.gov.au\SQL001</parameter>
            <parameter key="OutBoundCorroGen.Database.Name">Outbound${Environment}</parameter>
            <parameter key="Hangfire.SQLInstance">DCSXSQL00001ATS.product.atotnet.gov.au\SQL001</parameter>
            <parameter key="Hangfire.DatabaseName">Hangfire${Environment}</parameter>
            <parameter key="EventLog.Sink.Source">DCSReceive${Environment}</parameter>
            <parameter key="CCDTSourcePath">${InstallDrive}\EAI\CCDT</parameter>
            <parameter key="CCDTFile">${Environment}.OUT.TAB</parameter>
            <parameter key="QueueManager">CGS_1R01</parameter>
            <parameter key="ChannelName">OUT.CGS01</parameter>
            <parameter key="MQSeries.hostName">10.195.104.222</parameter>
            <parameter key="MQSeries.port">1414</parameter>
            <parameter key="MQSeries.isServer">FALSE</parameter>
            <parameter key="MQServer.Channel.Cleanup">FALSE</parameter>
            <parameter key="Logging.Enabled">false</parameter>
            <parameter key="PsiDeploymentStatusEmailAddress">DCRTEnvironments2@ato.gov.au</parameter>
        </group>
        <group key="Command Centre">
            <parameter key="CCServerName">DCSXAPP01G1DEV.developer.atodnet.gov.au</parameter>
            <parameter key="CCPortNumber">8081</parameter>
            <parameter key="CCEngineName">Engine8-6-106</parameter>
            <parameter key="VarSetDir">\\${CCServerName}\DCSExstream\Workspaces\myDCS_${Environment}\var\varsets</parameter>
        </group>
    </environment>
    <environment key="Level 2 - OBOAWEB00001ATH - ATH" remoteDeploymentGroupName="" remoteDeploymentServers="">
        <group key="Deployment">
            <parameter key="winServiceIdentity">ATOTNETPRDCT\SVC_HPEXSTREAM_AT</parameter>
            <parameter key="Environment">ATH</parameter>
            <parameter key="OutBoundCorroGen.SQLInstance">MSQSSQLA1G2AT.product.atotnet.gov.au\SQL001</parameter>
            <parameter key="OutBoundCorroGen.Database.Name">Outbound${Environment}</parameter>
            <parameter key="Hangfire.SQLInstance">DCSXSQL01G2.product.atotnet.gov.au\SQL001</parameter>
            <parameter key="Hangfire.DatabaseName">Hangfire${Environment}</parameter>
            <parameter key="EventLog.Sink.Source">DCSReceive${Environment}</parameter>
            <parameter key="CCDTSourcePath">${InstallDrive}\EAI\CCDT</parameter>
            <parameter key="CCDTFile">${Environment}.OUT.TAB</parameter>
            <parameter key="QueueManager">CGS_E_01</parameter>
            <parameter key="ChannelName">OUT.CGS01</parameter>
            <parameter key="MQSeries.hostName">10.192.46.36</parameter>
            <parameter key="MQSeries.port">1416</parameter>
            <parameter key="MQSeries.isServer">FALSE</parameter>
            <parameter key="MQServer.Channel.Cleanup">FALSE</parameter>
            <parameter key="Logging.Enabled">false</parameter>
            <parameter key="PsiDeploymentStatusEmailAddress">DCRTEnvironments2@ato.gov.au</parameter>
        </group>
        <group key="Command Centre">
            <parameter key="CCServerName">SYD02H077FV.product.atotnet.gov.au</parameter>
            <parameter key="CCPortNumber">8081</parameter>
            <parameter key="CCEngineName">Engine8-6-106</parameter>
            <parameter key="VarSetDir">\\${CCServerName}\DCSExstream\Workspaces\myDCS_${Environment}\var\varsets</parameter>
        </group>
    </environment>
    <environment key="Level 2 - OUTBWEB00001ATA - ATA" remoteDeploymentGroupName="" remoteDeploymentServers="">
        <group key="Deployment">
            <parameter key="winServiceIdentity">ATOTNETPRDCT\SVC_HPEXSTREAM_AT</parameter>
            <parameter key="Environment">ATA</parameter>
            <parameter key="OutBoundCorroGen.SQLInstance">OUTBSQL00001ATS.product.atotnet.gov.au\SQL001</parameter>
            <parameter key="OutBoundCorroGen.Database.Name">Outbound${Environment}</parameter>
            <parameter key="Hangfire.SQLInstance">DCSXSQL00001ATS.product.atotnet.gov.au\SQL001</parameter>
            <parameter key="Hangfire.DatabaseName">Hangfire${Environment}</parameter>
            <parameter key="EventLog.Sink.Source">DCSReceive${Environment}</parameter>
            <parameter key="CCDTSourcePath">${InstallDrive}\EAI\CCDT</parameter>
            <parameter key="CCDTFile">${Environment}.OUT.TAB</parameter>
            <parameter key="QueueManager">CGS_2B01</parameter>
            <parameter key="ChannelName">OUT.CGS01</parameter>
            <parameter key="MQSeries.hostName">10.195.104.55</parameter>
            <parameter key="MQSeries.port">1414</parameter>
            <parameter key="MQSeries.isServer">FALSE</parameter>
            <parameter key="MQServer.Channel.Cleanup">FALSE</parameter>
            <parameter key="Logging.Enabled">false</parameter>
            <parameter key="PsiDeploymentStatusEmailAddress">DCRTEnvironments2@ato.gov.au</parameter>
        </group>
        <group key="Command Centre">
            <parameter key="CCServerName">SYD02H077FV.product.atotnet.gov.au</parameter>
            <parameter key="CCPortNumber">8081</parameter>
            <parameter key="CCEngineName">Engine8-6-106</parameter>
            <parameter key="VarSetDir">\\${CCServerName}\DCSExstream\Workspaces\myDCS_${Environment}\var\varsets</parameter>
        </group>
    </environment>
    <environment key="Level 2 - OUTBWEB00001ATB - ATB" remoteDeploymentGroupName="" remoteDeploymentServers="">
        <group key="Deployment">
            <parameter key="winServiceIdentity">ATOTNETPRDCT\SVC_HPEXSTREAM_AT</parameter>
            <parameter key="Environment">ATB</parameter>
            <parameter key="OutBoundCorroGen.SQLInstance">OUTBSQL00001ATS.product.atotnet.gov.au\SQL001</parameter>
            <parameter key="OutBoundCorroGen.Database.Name">Outbound${Environment}</parameter>
            <parameter key="Hangfire.SQLInstance">DCSXSQL00001ATS.product.atotnet.gov.au\SQL001</parameter>
            <parameter key="Hangfire.DatabaseName">Hangfire${Environment}</parameter>
            <parameter key="EventLog.Sink.Source">DCSReceive${Environment}</parameter>
            <parameter key="CCDTSourcePath">${InstallDrive}\EAI\CCDT</parameter>
            <parameter key="CCDTFile">${Environment}.OUT.TAB</parameter>
            <parameter key="QueueManager">CGS_2A01</parameter>
            <parameter key="ChannelName">OUT.CGS01</parameter>
            <parameter key="MQSeries.hostName">10.195.104.196</parameter>
            <parameter key="MQSeries.port">1414</parameter>
            <parameter key="MQSeries.isServer">FALSE</parameter>
            <parameter key="MQServer.Channel.Cleanup">FALSE</parameter>
            <parameter key="Logging.Enabled">false</parameter>
            <parameter key="PsiDeploymentStatusEmailAddress">DCRTEnvironments2@ato.gov.au</parameter>
        </group>
        <group key="Command Centre">
            <parameter key="CCServerName">SYD02H077FV.product.atotnet.gov.au</parameter>
            <parameter key="CCPortNumber">8081</parameter>
            <parameter key="CCEngineName">Engine8-6-106</parameter>
            <parameter key="VarSetDir">\\${CCServerName}\DCSExstream\Workspaces\myDCS_${Environment}\var\varsets</parameter>
        </group>
    </environment>
    <environment key="Level 2 - OUTBWEB00001ATM - ATM" remoteDeploymentGroupName="" remoteDeploymentServers="">
        <group key="Deployment">
            <parameter key="winServiceIdentity">ATOTNETPRDCT\SVC_HPEXSTREAM_AT</parameter>
            <parameter key="Environment">ATM</parameter>
            <parameter key="OutBoundCorroGen.SQLInstance">OUTBSQL00001ATS.product.atotnet.gov.au\SQL001</parameter>
            <parameter key="OutBoundCorroGen.Database.Name">Outbound${Environment}</parameter>
            <parameter key="Hangfire.SQLInstance">DCSXSQL00001ATS.product.atotnet.gov.au\SQL001</parameter>
            <parameter key="Hangfire.DatabaseName">Hangfire${Environment}</parameter>
            <parameter key="EventLog.Sink.Source">DCSReceive${Environment}</parameter>
            <parameter key="CCDTSourcePath">${InstallDrive}\EAI\CCDT</parameter>
            <parameter key="CCDTFile">${Environment}.OUT.TAB</parameter>
            <parameter key="QueueManager">CGS_2_01</parameter>
            <parameter key="ChannelName">OUT.CGS01</parameter>
            <parameter key="MQSeries.hostName">10.195.104.252</parameter>
            <parameter key="MQSeries.port">1414</parameter>
            <parameter key="MQSeries.isServer">FALSE</parameter>
            <parameter key="MQServer.Channel.Cleanup">FALSE</parameter>
            <parameter key="Logging.Enabled">false</parameter>
            <parameter key="PsiDeploymentStatusEmailAddress">DCRTEnvironments2@ato.gov.au</parameter>
        </group>
        <group key="Command Centre">
            <parameter key="CCServerName">SYD02H077FV.product.atotnet.gov.au</parameter>
            <parameter key="CCPortNumber">8081</parameter>
            <parameter key="CCEngineName">Engine8-6-106</parameter>
            <parameter key="VarSetDir">\\${CCServerName}\DCSExstream\Workspaces\myDCS_${Environment}\var\varsets</parameter>
        </group>
    </environment>
    <environment key="Level 2 - OBOAWEB00001ATJ - ATJ" remoteDeploymentGroupName="" remoteDeploymentServers="">
        <group key="Deployment">
            <parameter key="winServiceIdentity">ATOTNETPRDCT\SVC_HPEXSTREAM_AT</parameter>
            <parameter key="Environment">ATJ</parameter>
            <parameter key="OutBoundCorroGen.SQLInstance">MSQSSQLA1G2AT.product.atotnet.gov.au\SQL001</parameter>
            <parameter key="OutBoundCorroGen.Database.Name">Outbound${Environment}</parameter>
            <parameter key="Hangfire.SQLInstance">DCSXSQL01G2.product.atotnet.gov.au\SQL001</parameter>
            <parameter key="Hangfire.DatabaseName">Hangfire${Environment}</parameter>
            <parameter key="EventLog.Sink.Source">DCSReceive${Environment}</parameter>
            <parameter key="CCDTSourcePath">${InstallDrive}\EAI\CCDT</parameter>
            <parameter key="CCDTFile">${Environment}.OUT.TAB</parameter>
            <parameter key="QueueManager">CGS_3_01</parameter>
            <parameter key="ChannelName">OUT.CGS01</parameter>
            <parameter key="MQSeries.hostName">10.7.141.151</parameter>
            <parameter key="MQSeries.port">1415</parameter>
            <parameter key="MQSeries.isServer">FALSE</parameter>
            <parameter key="MQServer.Channel.Cleanup">FALSE</parameter>
            <parameter key="Logging.Enabled">false</parameter>
            <parameter key="PsiDeploymentStatusEmailAddress">DCRTEnvironments2@ato.gov.au</parameter>
        </group>
        <group key="Command Centre">
            <parameter key="CCServerName">SYD02H077FV.product.atotnet.gov.au</parameter>
            <parameter key="CCPortNumber">8081</parameter>
            <parameter key="CCEngineName">Engine8-6-106</parameter>
            <parameter key="VarSetDir">\\${CCServerName}\DCSExstream\Workspaces\myDCS_${Environment}\var\varsets</parameter>
        </group>
    </environment>
    <environment key="Level 2 - OBUIWEB00001ATG - ATG" remoteDeploymentGroupName="" remoteDeploymentServers="">
        <group key="Deployment">
            <parameter key="winServiceIdentity">ATOTNETPRDCT\SVC_HPEXSTREAM_AT</parameter>
            <parameter key="Environment">ATG</parameter>
            <parameter key="OutBoundCorroGen.SQLInstance">MSQSSQLA1G2AT.product.atotnet.gov.au\SQL001</parameter>
            <parameter key="OutBoundCorroGen.Database.Name">Outbound${Environment}</parameter>
            <parameter key="Hangfire.SQLInstance">DCSXSQL01G2.product.atotnet.gov.au\SQL001</parameter>
            <parameter key="Hangfire.DatabaseName">Hangfire${Environment}</parameter>
            <parameter key="EventLog.Sink.Source">DCSReceive${Environment}</parameter>
            <parameter key="CCDTSourcePath">${InstallDrive}\EAI\CCDT</parameter>
            <parameter key="CCDTFile">${Environment}.OUT.TAB</parameter>
            <parameter key="QueueManager">CGS_2N01</parameter>
            <parameter key="ChannelName">OUT.CGS01</parameter>
            <parameter key="MQSeries.hostName">10.192.46.36</parameter>
            <parameter key="MQSeries.port">1417</parameter>
            <parameter key="MQSeries.isServer">FALSE</parameter>
            <parameter key="MQServer.Channel.Cleanup">FALSE</parameter>
            <parameter key="Logging.Enabled">false</parameter>
            <parameter key="PsiDeploymentStatusEmailAddress">DCRTEnvironments2@ato.gov.au</parameter>
        </group>
        <group key="Command Centre">
            <parameter key="CCServerName">SYD02H077FV.product.atotnet.gov.au</parameter>
            <parameter key="CCPortNumber">8081</parameter>
            <parameter key="CCEngineName">Engine8-6-106</parameter>
            <parameter key="VarSetDir">\\${CCServerName}\DCSExstream\Workspaces\myDCS_${Environment}\var\varsets</parameter>
        </group>
    </environment>
    <environment key="Level 2 - OBOAWEB00001ATN - ATN" remoteDeploymentGroupName="" remoteDeploymentServers="">
        <group key="Deployment">
            <parameter key="winServiceIdentity">ATOTNETPRDCT\SVC_HPEXSTREAM_AT</parameter>
            <parameter key="Environment">ATN</parameter>
            <parameter key="OutBoundCorroGen.SQLInstance">MSQSSQLA1G2AT.product.atotnet.gov.au\SQL001</parameter>
            <parameter key="OutBoundCorroGen.Database.Name">Outbound${Environment}</parameter>
            <parameter key="Hangfire.SQLInstance">DCSXSQL01G2.product.atotnet.gov.au\SQL001</parameter>
            <parameter key="Hangfire.DatabaseName">Hangfire${Environment}</parameter>
            <parameter key="EventLog.Sink.Source">DCSReceive${Environment}</parameter>
            <parameter key="CCDTSourcePath">${InstallDrive}\EAI\CCDT</parameter>
            <parameter key="CCDTFile">${Environment}.OUT.TAB</parameter>
            <parameter key="QueueManager">CGS_K_01</parameter>
            <parameter key="ChannelName">OUT.CGS01</parameter>
            <parameter key="MQSeries.hostName">10.192.46.36</parameter>
            <parameter key="MQSeries.port">1415</parameter>
            <parameter key="MQSeries.isServer">FALSE</parameter>
            <parameter key="MQServer.Channel.Cleanup">FALSE</parameter>
            <parameter key="Logging.Enabled">false</parameter>
            <parameter key="PsiDeploymentStatusEmailAddress">DCRTEnvironments2@ato.gov.au</parameter>
        </group>
        <group key="Command Centre">
            <parameter key="CCServerName">SYD02H077FV.product.atotnet.gov.au</parameter>
            <parameter key="CCPortNumber">8081</parameter>
            <parameter key="CCEngineName">Engine8-6-106</parameter>
            <parameter key="VarSetDir">\\${CCServerName}\DCSExstream\Workspaces\myDCS_${Environment}\var\varsets</parameter>
        </group>
    </environment>
    <environment key="Level 2 - OUTBWEB00001ATW - ATW" remoteDeploymentGroupName="" remoteDeploymentServers="">
        <group key="Deployment">
            <parameter key="winServiceIdentity">ATOTNETPRDCT\SVC_HPEXSTREAM_AT</parameter>
            <parameter key="Environment">ATW</parameter>
            <parameter key="OutBoundCorroGen.SQLInstance">MSQSSQLA1G2AT.product.atotnet.gov.au\SQL001</parameter>
            <parameter key="OutBoundCorroGen.Database.Name">Outbound${Environment}</parameter>
            <parameter key="Hangfire.SQLInstance">DCSXSQL01G2.product.atotnet.gov.au\SQL001</parameter>
            <parameter key="Hangfire.DatabaseName">Hangfire${Environment}</parameter>
            <parameter key="EventLog.Sink.Source">DCSReceive${Environment}</parameter>
            <parameter key="CCDTSourcePath">${InstallDrive}\EAI\CCDT</parameter>
            <parameter key="CCDTFile">${Environment}.OUT.TAB</parameter>
            <parameter key="QueueManager">CGS_2C01</parameter>
            <parameter key="ChannelName">OUT.CGS01</parameter>
            <parameter key="MQSeries.hostName">10.192.63.108</parameter>
            <parameter key="MQSeries.port">1414</parameter>
            <parameter key="MQSeries.isServer">FALSE</parameter>
            <parameter key="MQServer.Channel.Cleanup">FALSE</parameter>
            <parameter key="Logging.Enabled">false</parameter>
            <parameter key="PsiDeploymentStatusEmailAddress">DCRTEnvironments2@ato.gov.au</parameter>
        </group>
        <group key="Command Centre">
            <parameter key="CCServerName">SYD02H077FV.product.atotnet.gov.au</parameter>
            <parameter key="CCPortNumber">8081</parameter>
            <parameter key="CCEngineName">Engine8-6-106</parameter>
            <parameter key="VarSetDir">\\${CCServerName}\DCSExstream\Workspaces\myDCS_${Environment}\var\varsets</parameter>
        </group>
    </environment>
    <environment key="Level 2 - XSUPWEBZ0035AT - ATL" remoteDeploymentGroupName="" remoteDeploymentServers="">
        <group key="Deployment">
            <parameter key="winServiceIdentity">ATOTNETPRDCT\SVC_HPEXSTREAM_AT</parameter>
            <parameter key="Environment">ATL</parameter>
            <parameter key="OutBoundCorroGen.SQLInstance">MSQSSQLA1G2AT.product.atotnet.gov.au\SQL001</parameter>
            <parameter key="OutBoundCorroGen.Database.Name">Outbound${Environment}</parameter>
            <parameter key="Hangfire.SQLInstance">DCSXSQL01G2.product.atotnet.gov.au\SQL001</parameter>
            <parameter key="Hangfire.DatabaseName">Hangfire${Environment}</parameter>
            <parameter key="EventLog.Sink.Source">DCSReceive${Environment}</parameter>
            <parameter key="CCDTSourcePath">${InstallDrive}\EAI\CCDT</parameter>
            <parameter key="CCDTFile">${Environment}.OUT.TAB</parameter>
            <parameter key="QueueManager">CGS_I_01</parameter>
            <parameter key="ChannelName">OUT.CGS01</parameter>
            <parameter key="MQSeries.hostName">10.192.46.36</parameter>
            <parameter key="MQSeries.port">1414</parameter>
            <parameter key="MQSeries.isServer">FALSE</parameter>
            <parameter key="MQServer.Channel.Cleanup">FALSE</parameter>
            <parameter key="Logging.Enabled">false</parameter>
            <parameter key="PsiDeploymentStatusEmailAddress">DCRTEnvironments2@ato.gov.au</parameter>
        </group>
        <group key="Command Centre">
            <parameter key="CCServerName">SYD02H077FV.product.atotnet.gov.au</parameter>
            <parameter key="CCPortNumber">8081</parameter>
            <parameter key="CCEngineName">Engine8-6-106</parameter>
            <parameter key="VarSetDir">\\${CCServerName}\DCSExstream\Workspaces\myDCS_${Environment}\var\varsets</parameter>
        </group>
    </environment>
    <environment key="Level 3 - OBOAWEB00001PTG - PTG" remoteDeploymentGroupName="" remoteDeploymentServers="">
        <group key="Deployment">
            <parameter key="winServiceIdentity">ATOTNETINTGRT\SVC_HPEXSTREAM_PT</parameter>
            <parameter key="Environment">PTG</parameter>
            <parameter key="OutBoundCorroGen.SQLInstance">MSQSSQLA1G3PT.INTEGRATE.ATOTNET.GOV.AU\SQL001</parameter>
            <parameter key="OutBoundCorroGen.Database.Name">Outbound${Environment}</parameter>
            <parameter key="Hangfire.SQLInstance">DCSXSQLAZG3PT.INTEGRATE.ATOTNET.GOV.AU\SQL001</parameter>
            <parameter key="Hangfire.DatabaseName">Hangfire${Environment}</parameter>
            <parameter key="EventLog.Sink.Source">DCSReceive${Environment}</parameter>
            <parameter key="CCDTSourcePath">${InstallDrive}\EAI\CCDT</parameter>
            <parameter key="CCDTFile">${Environment}.OUT.TAB</parameter>
            <parameter key="QueueManager">CGS_C_01</parameter>
            <parameter key="ChannelName">OUT.CGS01</parameter>
            <parameter key="MQSeries.hostName">10.7.12.95</parameter>
            <parameter key="MQSeries.port">1416</parameter>
            <parameter key="MQSeries.isServer">FALSE</parameter>
            <parameter key="MQServer.Channel.Cleanup">FALSE</parameter>
            <parameter key="Logging.Enabled">false</parameter>
            <parameter key="PsiDeploymentStatusEmailAddress">DCRTEnvironments2@ato.gov.au</parameter>
        </group>
        <group key="Command Centre">
            <parameter key="CCServerName">CommandCenterN.integrate.atotnet.gov.au</parameter>
            <parameter key="CCPortNumber">8081</parameter>
            <parameter key="CCEngineName">Engine8-6-106</parameter>
            <parameter key="VarSetDir">\\DCSXAPPANG3PT.integrate.atotnet.gov.au\DCSExstream\Workspaces\myDCS_${Environment}\var\varsets</parameter>
        </group>
    </environment>
    <environment key="Level 3 - OUTBWEB00005PTA - PTA" remoteDeploymentGroupName="" remoteDeploymentServers="">
        <group key="Deployment">
            <parameter key="winServiceIdentity">ATOTNETINTGRT\SVC_HPEXSTREAM_PT</parameter>
            <parameter key="Environment">PTA</parameter>
            <parameter key="OutBoundCorroGen.SQLInstance">OUTBSQL00002PTS.INTEGRATE.ATOTNET.GOV.AU\SQL001</parameter>
            <parameter key="OutBoundCorroGen.Database.Name">Outbound${Environment}</parameter>
            <parameter key="Hangfire.SQLInstance">DCSXSQL00001PTS.integrate.atotnet.gov.au\SQL001</parameter>
            <parameter key="Hangfire.DatabaseName">Hangfire${Environment}</parameter>
            <parameter key="EventLog.Sink.Source">DCSReceive${Environment}</parameter>
            <parameter key="CCDTSourcePath">${InstallDrive}\EAI\CCDT</parameter>
            <parameter key="CCDTFile">${Environment}.OUT.TAB</parameter>
            <parameter key="QueueManager">CGS_3C01</parameter>
            <parameter key="ChannelName">OUT.CGS01</parameter>
            <parameter key="MQSeries.hostName">10.195.112.35</parameter>
            <parameter key="MQSeries.port">1414</parameter>
            <parameter key="MQSeries.isServer">FALSE</parameter>
            <parameter key="MQServer.Channel.Cleanup">FALSE</parameter>
            <parameter key="Logging.Enabled">false</parameter>
            <parameter key="PsiDeploymentStatusEmailAddress">DCRTEnvironments2@ato.gov.au</parameter>
        </group>
        <group key="Command Centre">
            <parameter key="CCServerName">CommandCenterN.integrate.atotnet.gov.au</parameter>
            <parameter key="CCPortNumber">8081</parameter>
            <parameter key="CCEngineName">Engine8-6-106</parameter>
            <parameter key="VarSetDir">\\DCSXAPPANG3PT.integrate.atotnet.gov.au\DCSExstream\Workspaces\myDCS_${Environment}\var\varsets</parameter>
        </group>
    </environment>
    <environment key="Level 3 - OUTBWEB00001PTB - PTB" remoteDeploymentGroupName="" remoteDeploymentServers="">
        <group key="Deployment">
            <parameter key="winServiceIdentity">ATOTNETINTGRT\SVC_HPEXSTREAM_PT</parameter>
            <parameter key="Environment">PTB</parameter>
            <parameter key="OutBoundCorroGen.SQLInstance">OUTBSQL00002PTS.INTEGRATE.ATOTNET.GOV.AU\SQL001</parameter>
            <parameter key="OutBoundCorroGen.Database.Name">Outbound${Environment}</parameter>
            <parameter key="Hangfire.SQLInstance">DCSXSQL00001PTS.integrate.atotnet.gov.au\SQL001</parameter>
            <parameter key="Hangfire.DatabaseName">Hangfire${Environment}</parameter>
            <parameter key="EventLog.Sink.Source">DCSReceive${Environment}</parameter>
            <parameter key="CCDTSourcePath">${InstallDrive}\EAI\CCDT</parameter>
            <parameter key="CCDTFile">${Environment}.OUT.TAB</parameter>
            <parameter key="QueueManager">CGS_3G01</parameter>
            <parameter key="ChannelName">OUT.CGS01</parameter>
            <parameter key="MQSeries.hostName">10.195.112.90</parameter>
            <parameter key="MQSeries.port">1414</parameter>
            <parameter key="MQSeries.isServer">FALSE</parameter>
            <parameter key="MQServer.Channel.Cleanup">FALSE</parameter>
            <parameter key="Logging.Enabled">false</parameter>
            <parameter key="PsiDeploymentStatusEmailAddress">DCRTEnvironments2@ato.gov.au</parameter>
        </group>
        <group key="Command Centre">
            <parameter key="CCServerName">CommandCenterN.integrate.atotnet.gov.au</parameter>
            <parameter key="CCPortNumber">8081</parameter>
            <parameter key="CCEngineName">Engine8-6-106</parameter>
            <parameter key="VarSetDir">\\DCSXAPPANG3PT.integrate.atotnet.gov.au\DCSExstream\Workspaces\myDCS_${Environment}\var\varsets</parameter>
        </group>
    </environment>
    <environment key="Level 3 - OUTBWEB00001PTM - PTM" remoteDeploymentGroupName="" remoteDeploymentServers="">
        <group key="Deployment">
            <parameter key="winServiceIdentity">ATOTNETINTGRT\SVC_HPEXSTREAM_PT</parameter>
            <parameter key="Environment">PTM</parameter>
            <parameter key="OutBoundCorroGen.SQLInstance">OUTBSQL00002PTS.INTEGRATE.ATOTNET.GOV.AU\SQL001</parameter>
            <parameter key="OutBoundCorroGen.Database.Name">Outbound${Environment}</parameter>
            <parameter key="Hangfire.SQLInstance">DCSXSQL00001PTS.integrate.atotnet.gov.au\SQL001</parameter>
            <parameter key="Hangfire.DatabaseName">Hangfire${Environment}</parameter>
            <parameter key="EventLog.Sink.Source">DCSReceive${Environment}</parameter>
            <parameter key="CCDTSourcePath">${InstallDrive}\EAI\CCDT</parameter>
            <parameter key="CCDTFile">${Environment}.OUT.TAB</parameter>
            <parameter key="QueueManager">CGS_3N01</parameter>
            <parameter key="ChannelName">OUT.CGS01</parameter>
            <parameter key="MQSeries.hostName">10.195.112.117</parameter>
            <parameter key="MQSeries.port">1414</parameter>
            <parameter key="MQSeries.isServer">FALSE</parameter>
            <parameter key="MQServer.Channel.Cleanup">FALSE</parameter>
            <parameter key="Logging.Enabled">false</parameter>
            <parameter key="PsiDeploymentStatusEmailAddress">DCRTEnvironments2@ato.gov.au</parameter>
        </group>
        <group key="Command Centre">
            <parameter key="CCServerName">CommandCenterN.integrate.atotnet.gov.au</parameter>
            <parameter key="CCPortNumber">8081</parameter>
            <parameter key="CCEngineName">Engine8-6-106</parameter>
            <parameter key="VarSetDir">\\DCSXAPPANG3PT.integrate.atotnet.gov.au\DCSExstream\Workspaces\myDCS_${Environment}\var\varsets</parameter>
        </group>
    </environment>
    <environment key="Level 3 - OUTBWEB00001PTE - PTE" remoteDeploymentGroupName="" remoteDeploymentServers="">
        <group key="Deployment">
            <parameter key="winServiceIdentity">ATOTNETINTGRT\SVC_HPEXSTREAM_PT</parameter>
            <parameter key="Environment">PTE</parameter>
            <parameter key="OutBoundCorroGen.SQLInstance">MSQSSQLA1G3PT.INTEGRATE.ATOTNET.GOV.AU\SQL001</parameter>
            <parameter key="OutBoundCorroGen.Database.Name">Outbound${Environment}</parameter>
            <parameter key="Hangfire.SQLInstance">DCSXSQLAZG3PT.INTEGRATE.ATOTNET.GOV.AU\SQL001</parameter>
            <parameter key="Hangfire.DatabaseName">Hangfire${Environment}</parameter>
            <parameter key="EventLog.Sink.Source">DCSReceive${Environment}</parameter>
            <parameter key="CCDTSourcePath">${InstallDrive}\EAI\CCDT</parameter>
            <parameter key="CCDTFile">${Environment}.OUT.TAB</parameter>
            <parameter key="QueueManager">CGS_3F01</parameter>
            <parameter key="ChannelName">OUT.CGS01</parameter>
            <parameter key="MQSeries.hostName">10.7.12.95</parameter>
            <parameter key="MQSeries.port">1415</parameter>
            <parameter key="MQSeries.isServer">FALSE</parameter>
            <parameter key="MQServer.Channel.Cleanup">FALSE</parameter>
            <parameter key="Logging.Enabled">false</parameter>
            <parameter key="PsiDeploymentStatusEmailAddress">DCRTEnvironments2@ato.gov.au</parameter>
        </group>
        <group key="Command Centre">
            <parameter key="CCServerName">CommandCenterN.integrate.atotnet.gov.au</parameter>
            <parameter key="CCPortNumber">8081</parameter>
            <parameter key="CCEngineName">Engine8-6-106</parameter>
            <parameter key="VarSetDir">\\DCSXAPPANG3PT.integrate.atotnet.gov.au\DCSExstream\Workspaces\myDCS_${Environment}\var\varsets</parameter>
        </group>
    </environment>
    <environment key="Level 3 - OBOAWEB00002PTR - PTR" remoteDeploymentGroupName="" remoteDeploymentServers="">
        <group key="Deployment">
            <parameter key="winServiceIdentity">ATOTNETINTGRT\SVC_HPEXSTREAM_PT</parameter>
            <parameter key="Environment">PTR</parameter>
            <parameter key="OutBoundCorroGen.SQLInstance">MSQSSQLA1G3PT.INTEGRATE.ATOTNET.GOV.AU\SQL001</parameter>
            <parameter key="OutBoundCorroGen.Database.Name">Outbound${Environment}</parameter>
            <parameter key="Hangfire.SQLInstance">DCSXSQLAZG3PT.INTEGRATE.ATOTNET.GOV.AU\SQL001</parameter>
            <parameter key="Hangfire.DatabaseName">Hangfire${Environment}</parameter>
            <parameter key="EventLog.Sink.Source">DCSReceive${Environment}</parameter>
            <parameter key="CCDTSourcePath">${InstallDrive}\EAI\CCDT</parameter>
            <parameter key="CCDTFile">${Environment}.OUT.TAB</parameter>
            <parameter key="QueueManager">CGS_3A01</parameter>
            <parameter key="ChannelName">OUT.CGS01</parameter>
            <parameter key="MQSeries.hostName">10.192.16.50</parameter>
            <parameter key="MQSeries.port">1414</parameter>
            <parameter key="MQSeries.isServer">FALSE</parameter>
            <parameter key="MQServer.Channel.Cleanup">FALSE</parameter>
            <parameter key="Logging.Enabled">false</parameter>
            <parameter key="PsiDeploymentStatusEmailAddress">DCRTEnvironments2@ato.gov.au</parameter>
        </group>
        <group key="Command Centre">
            <parameter key="CCServerName">CommandCenterN.integrate.atotnet.gov.au</parameter>
            <parameter key="CCPortNumber">8081</parameter>
            <parameter key="CCEngineName">Engine8-6-106</parameter>
            <parameter key="VarSetDir">\\DCSXAPPANG3PT.integrate.atotnet.gov.au\DCSExstream\Workspaces\myDCS_${Environment}\var\varsets</parameter>
        </group>
    </environment>
    <environment key="Level 3 - OBOAWEB00002PT - PTH" remoteDeploymentGroupName="" remoteDeploymentServers="">
        <group key="Deployment">
            <parameter key="winServiceIdentity">ATOTNETINTGRT\SVC_HPEXSTREAM_PT</parameter>
            <parameter key="Environment">PTH</parameter>
            <parameter key="OutBoundCorroGen.SQLInstance">MSQSSQLA1G3PT.INTEGRATE.ATOTNET.GOV.AU\SQL001</parameter>
            <parameter key="OutBoundCorroGen.Database.Name">Outbound${Environment}</parameter>
            <parameter key="Hangfire.SQLInstance">DCSXSQLAZG3PT.INTEGRATE.ATOTNET.GOV.AU\SQL001</parameter>
            <parameter key="Hangfire.DatabaseName">Hangfire${Environment}</parameter>
            <parameter key="EventLog.Sink.Source">DCSReceive${Environment}</parameter>
            <parameter key="CCDTSourcePath">${InstallDrive}\EAI\CCDT</parameter>
            <parameter key="CCDTFile">${Environment}.OUT.TAB</parameter>
            <parameter key="QueueManager">CGS_Q_01</parameter>
            <parameter key="ChannelName">OUT.CGS01</parameter>
            <parameter key="MQSeries.hostName">10.7.12.95</parameter>
            <parameter key="MQSeries.port">1417</parameter>
            <parameter key="MQSeries.isServer">FALSE</parameter>
            <parameter key="MQServer.Channel.Cleanup">FALSE</parameter>
            <parameter key="Logging.Enabled">false</parameter>
            <parameter key="PsiDeploymentStatusEmailAddress">DCRTEnvironments2@ato.gov.au</parameter>
        </group>
        <group key="Command Centre">
            <parameter key="CCServerName">CommandCenterN.integrate.atotnet.gov.au</parameter>
            <parameter key="CCPortNumber">8081</parameter>
            <parameter key="CCEngineName">Engine8-6-106</parameter>
            <parameter key="VarSetDir">\\DCSXAPPANG3PT.integrate.atotnet.gov.au\DCSExstream\Workspaces\myDCS_${Environment}\var\varsets</parameter>
        </group>
    </environment>
    <environment key="Level 3 - OUTBWEB00001PTW - PTW" remoteDeploymentGroupName="" remoteDeploymentServers="">
        <group key="Deployment">
            <parameter key="winServiceIdentity">ATOTNETINTGRT\SVC_HPEXSTREAM_PT</parameter>
            <parameter key="Environment">PTW</parameter>
            <parameter key="OutBoundCorroGen.SQLInstance">MSQSSQLAZG3PT.INTEGRATE.ATOTNET.GOV.AU\SQL001</parameter>
            <parameter key="OutBoundCorroGen.Database.Name">Outbound${Environment}</parameter>
            <parameter key="Hangfire.SQLInstance">DCSXSQLAZG3PT.INTEGRATE.ATOTNET.GOV.AU\SQL001</parameter>
            <parameter key="Hangfire.DatabaseName">Hangfire${Environment}</parameter>
            <parameter key="EventLog.Sink.Source">DCSReceive${Environment}</parameter>
            <parameter key="CCDTSourcePath">${InstallDrive}\EAI\CCDT</parameter>
            <parameter key="CCDTFile">${Environment}.OUT.TAB</parameter>
            <parameter key="QueueManager">CGS_3I01</parameter>
            <parameter key="ChannelName">OUT.CGS01</parameter>
            <parameter key="MQSeries.hostName">10.192.71.69</parameter>
            <parameter key="MQSeries.port">1414</parameter>
            <parameter key="MQSeries.isServer">FALSE</parameter>
            <parameter key="MQServer.Channel.Cleanup">FALSE</parameter>
            <parameter key="Logging.Enabled">false</parameter>
            <parameter key="PsiDeploymentStatusEmailAddress">DCRTEnvironments2@ato.gov.au</parameter>
        </group>
        <group key="Command Centre">
            <parameter key="CCServerName">CommandCenterN.integrate.atotnet.gov.au</parameter>
            <parameter key="CCPortNumber">8081</parameter>
            <parameter key="CCEngineName">Engine8-6-106</parameter>
            <parameter key="VarSetDir">\\DCSXAPPANG3PT.integrate.atotnet.gov.au\DCSExstream\Workspaces\myDCS_${Environment}\var\varsets</parameter>
        </group>
    </environment>
    <environment key="Level 3 - OUIXWEB01G3PTI - PTI" remoteDeploymentGroupName="" remoteDeploymentServers="">
        <group key="Deployment">
            <parameter key="winServiceIdentity">ATOTNETINTGRT\SVC_HPEXSTREAM_PT</parameter>
            <parameter key="Environment">PTI</parameter>
            <parameter key="OutBoundCorroGen.SQLInstance">MSQSSQLA1G3PT.INTEGRATE.ATOTNET.GOV.AU\SQL001</parameter>
            <parameter key="OutBoundCorroGen.Database.Name">Outbound${Environment}</parameter>
            <parameter key="Hangfire.SQLInstance">DCSXSQLAZG3PT.INTEGRATE.ATOTNET.GOV.AU\SQL001</parameter>
            <parameter key="Hangfire.DatabaseName">Hangfire${Environment}</parameter>
            <parameter key="EventLog.Sink.Source">DCSReceive${Environment}</parameter>
            <parameter key="CCDTSourcePath">${InstallDrive}\EAI\CCDT</parameter>
            <parameter key="CCDTFile">${Environment}.OUT.TAB</parameter>
            <parameter key="QueueManager">CGS_G_01</parameter>
            <parameter key="ChannelName">OUT.CGS01</parameter>
            <parameter key="MQSeries.hostName">10.7.12.95</parameter>
            <parameter key="MQSeries.port">1414</parameter>
            <parameter key="MQSeries.isServer">FALSE</parameter>
            <parameter key="MQServer.Channel.Cleanup">FALSE</parameter>
            <parameter key="Logging.Enabled">false</parameter>
            <parameter key="PsiDeploymentStatusEmailAddress">DCRTEnvironments2@ato.gov.au</parameter>
        </group>
        <group key="Command Centre">
            <parameter key="CCServerName">CommandCenterN.integrate.atotnet.gov.au</parameter>
            <parameter key="CCPortNumber">8081</parameter>
            <parameter key="CCEngineName">Engine8-6-106</parameter>
            <parameter key="VarSetDir">\\DCSXAPPANG3PT.integrate.atotnet.gov.au\DCSExstream\Workspaces\myDCS_${Environment}\var\varsets</parameter>
        </group>
    </environment>
    <environment key="Level 4 - SYD02I193UV - EFIX" remoteDeploymentGroupName="" remoteDeploymentServers="">
        <group key="Deployment">
            <parameter key="winServiceIdentity">ATOQNETUAT\SVC_HPEXSTREAM_UAT</parameter>
            <parameter key="Environment">EFIX</parameter>
            <parameter key="OutBoundCorroGen.SQLInstance">MSQSSQLDPG4UAT.uat.atoqnet.gov.au\SQL001</parameter>
            <parameter key="OutBoundCorroGen.Database.Name">Outbound${Environment}</parameter>
            <parameter key="Hangfire.SQLInstance">DCSXSQLAZG4EFIX.uat.atoqnet.gov.au\SQL001</parameter>
            <parameter key="Hangfire.DatabaseName">Hangfire${Environment}</parameter>
            <parameter key="EventLog.Sink.Source">DCSReceive${Environment}</parameter>
            <parameter key="CCDTSourcePath">${InstallDrive}\EAI\CCDT</parameter>
            <parameter key="CCDTFile">${Environment}.OUT.TAB</parameter>
            <parameter key="QueueManager">CGS_X_01</parameter>
            <parameter key="ChannelName">OUT.CGS01</parameter>
            <parameter key="MQSeries.hostName">10.6.156.201</parameter>
            <parameter key="MQSeries.port">1415</parameter>
            <parameter key="MQSeries.isServer">FALSE</parameter>
            <parameter key="MQServer.Channel.Cleanup">FALSE</parameter>
            <parameter key="Logging.Enabled">false</parameter>
            <parameter key="PsiDeploymentStatusEmailAddress">DCRTEnvironments2@ato.gov.au</parameter>
        </group>
        <group key="Command Centre">
            <parameter key="CCServerName">commandcenterEFIX.uat.atoqnet.gov.au</parameter>
            <parameter key="CCPortNumber">8081</parameter>
            <parameter key="CCEngineName">Engine8-6-106</parameter>
            <parameter key="VarSetDir">\\SYD02H644UCA1.uat.atoqnet.gov.au\DCSExstream\Workspaces\Default\var\varsets</parameter>
        </group>
    </environment>
    <environment key="Level 4 - SYD02I194UP - EFIX" remoteDeploymentGroupName="" remoteDeploymentServers="">
        <group key="Deployment">
            <parameter key="winServiceIdentity">ATOQNETUAT\SVC_HPEXSTREAM_UAT</parameter>
            <parameter key="Environment">EFIX</parameter>
            <parameter key="OutBoundCorroGen.SQLInstance">MSQSSQLDPG4UAT.uat.atoqnet.gov.au\SQL001</parameter>
            <parameter key="OutBoundCorroGen.Database.Name">Outbound${Environment}</parameter>
            <parameter key="Hangfire.SQLInstance">DCSXSQLAZG4EFIX.uat.atoqnet.gov.au\SQL001</parameter>
            <parameter key="Hangfire.DatabaseName">Hangfire${Environment}</parameter>
            <parameter key="EventLog.Sink.Source">DCSReceive${Environment}</parameter>
            <parameter key="CCDTSourcePath">${InstallDrive}\EAI\CCDT</parameter>
            <parameter key="CCDTFile">${Environment}.OUT.TAB</parameter>
            <parameter key="QueueManager">CGS_X_02</parameter>
            <parameter key="ChannelName">OUT.CGS02</parameter>
            <parameter key="MQSeries.hostName">10.6.156.202</parameter>
            <parameter key="MQSeries.port">1415</parameter>
            <parameter key="MQSeries.isServer">FALSE</parameter>
            <parameter key="MQServer.Channel.Cleanup">FALSE</parameter>
            <parameter key="Logging.Enabled">false</parameter>
            <parameter key="PsiDeploymentStatusEmailAddress">DCRTEnvironments2@ato.gov.au</parameter>
        </group>
        <group key="Command Centre">
            <parameter key="CCServerName">commandcenterEFIX.uat.atoqnet.gov.au</parameter>
            <parameter key="CCPortNumber">8081</parameter>
            <parameter key="CCEngineName">Engine8-6-106</parameter>
            <parameter key="VarSetDir">\\SYD02H644UCA1.uat.atoqnet.gov.au\DCSExstream\Workspaces\Default\var\varsets</parameter>
        </group>
    </environment>
    <environment key="Level 4 - SYD02I260UV - UATI" remoteDeploymentGroupName="" remoteDeploymentServers="">
        <group key="Deployment">
            <parameter key="winServiceIdentity">ATOQNETUAT\SVC_HPEXSTREAM_UAT</parameter>
            <parameter key="Environment">UATI</parameter>
            <parameter key="OutBoundCorroGen.SQLInstance">MSQSSQLDPG4UAT.uat.atoqnet.gov.au\SQL001</parameter>
            <parameter key="OutBoundCorroGen.Database.Name">Outbound${Environment}</parameter>
            <parameter key="Hangfire.SQLInstance">EXSTSQLAZPPRFE.perf.atoqnet.gov.au\SQL001</parameter>
            <parameter key="Hangfire.DatabaseName">Hangfire${Environment}</parameter>
            <parameter key="EventLog.Sink.Source">DCSReceive${Environment}</parameter>
            <parameter key="CCDTSourcePath">${InstallDrive}\EAI\CCDT</parameter>
            <parameter key="CCDTFile">${Environment}.OUT.TAB</parameter>
            <parameter key="QueueManager">CGS_8_01</parameter>
            <parameter key="ChannelName">OUT.CGS01</parameter>
            <parameter key="MQSeries.hostName">10.6.156.227</parameter>
            <parameter key="MQSeries.port">1414</parameter>
            <parameter key="MQSeries.isServer">FALSE</parameter>
            <parameter key="MQServer.Channel.Cleanup">FALSE</parameter>
            <parameter key="Logging.Enabled">false</parameter>
            <parameter key="PsiDeploymentStatusEmailAddress">DCRTEnvironments2@ato.gov.au</parameter>
        </group>
        <group key="Command Centre">
            <parameter key="CCServerName">commandcenter.uat.atoqnet.gov.au</parameter>
            <parameter key="CCPortNumber">8081</parameter>
            <parameter key="CCEngineName">Engine8-6-106</parameter>
            <parameter key="VarSetDir">\\SYD02H006UCA1.uat.atoqnet.gov.au\DCSExstream\Workspaces\Default\var\varsets</parameter>
        </group>
    </environment>
    <environment key="Level 4 - OUIXWEB01G4UCTC - UCTC" remoteDeploymentGroupName="" remoteDeploymentServers="">
        <group key="Deployment">
            <parameter key="winServiceIdentity">ATOQNETUAT\SVC_HPEXSTREAM_UAT</parameter>
            <parameter key="Environment">UCTC</parameter>
            <parameter key="OutBoundCorroGen.SQLInstance">MSQSSQLD0G4UAT.uat.atoqnet.gov.au\SQL001</parameter>
            <parameter key="OutBoundCorroGen.Database.Name">Outbound${Environment}</parameter>
            <parameter key="Hangfire.SQLInstance">EXSTSQLAZPPRFE.perf.atoqnet.gov.au\SQL001</parameter>
            <parameter key="Hangfire.DatabaseName">Hangfire${Environment}</parameter>
            <parameter key="EventLog.Sink.Source">DCSReceive${Environment}</parameter>
            <parameter key="CCDTSourcePath">${InstallDrive}\EAI\CCDT</parameter>
            <parameter key="CCDTFile">${Environment}.OUT.TAB</parameter>
            <parameter key="QueueManager">CGS_B_01</parameter>
            <parameter key="ChannelName">OUT.CGS01</parameter>
            <parameter key="MQSeries.hostName">10.6.136.49</parameter>
            <parameter key="MQSeries.port">1415</parameter>
            <parameter key="MQSeries.isServer">FALSE</parameter>
            <parameter key="MQServer.Channel.Cleanup">FALSE</parameter>
            <parameter key="Logging.Enabled">false</parameter>
            <parameter key="PsiDeploymentStatusEmailAddress">DCRTEnvironments2@ato.gov.au</parameter>
        </group>
        <group key="Command Centre">
            <parameter key="CCServerName">commandcenter.uat.atoqnet.gov.au</parameter>
            <parameter key="CCPortNumber">8081</parameter>
            <parameter key="CCEngineName">Engine8-6-106</parameter>
            <parameter key="VarSetDir">\\SYD02H006UCA1.uat.atoqnet.gov.au\DCSExstream\Workspaces\myDCS_${Environment}\var\varsets</parameter>
        </group>
    </environment>
    <environment key="Level 4 - OBOAWEB00001UCD - UCTD" remoteDeploymentGroupName="" remoteDeploymentServers="">
        <group key="Deployment">
            <parameter key="winServiceIdentity">ATOQNETUAT\SVC_HPEXSTREAM_UAT</parameter>
            <parameter key="Environment">UCTD</parameter>
            <parameter key="OutBoundCorroGen.SQLInstance">MSQSSQLDPG4UAT.uat.atoqnet.gov.au\SQL001</parameter>
            <parameter key="OutBoundCorroGen.Database.Name">Outbound${Environment}</parameter>
            <parameter key="Hangfire.SQLInstance">EXSTSQLAZPPRFE.perf.atoqnet.gov.au\SQL001</parameter>
            <parameter key="Hangfire.DatabaseName">Hangfire${Environment}</parameter>
            <parameter key="EventLog.Sink.Source">DCSReceive${Environment}</parameter>
            <parameter key="CCDTSourcePath">${InstallDrive}\EAI\CCDT</parameter>
            <parameter key="CCDTFile">${Environment}.OUT.TAB</parameter>
            <parameter key="QueueManager">CGS_R_01</parameter>
            <parameter key="ChannelName">OUT.CGS01</parameter>
            <parameter key="MQSeries.hostName">10.6.156.201</parameter>
            <parameter key="MQSeries.port">1414</parameter>
            <parameter key="MQSeries.isServer">FALSE</parameter>
            <parameter key="MQServer.Channel.Cleanup">FALSE</parameter>
            <parameter key="Logging.Enabled">false</parameter>
            <parameter key="PsiDeploymentStatusEmailAddress">DCRTEnvironments2@ato.gov.au</parameter>
        </group>
        <group key="Command Centre">
            <parameter key="CCServerName">commandcenter.uat.atoqnet.gov.au</parameter>
            <parameter key="CCPortNumber">8081</parameter>
            <parameter key="CCEngineName">Engine8-6-106</parameter>
            <parameter key="VarSetDir">\\SYD02H006UCA1.uat.atoqnet.gov.au\DCSExstream\Workspaces\myDCS_${Environment}\var\varsets</parameter>
        </group>
    </environment>
    <environment key="Level 4 - OBOAWEB00001UAK - UATK" remoteDeploymentGroupName="" remoteDeploymentServers="">
        <group key="Deployment">
            <parameter key="winServiceIdentity">ATOQNETUAT\SVC_HPEXSTREAM_UAT</parameter>
            <parameter key="Environment">UATK</parameter>
            <parameter key="OutBoundCorroGen.SQLInstance">MSQSSQLDPG4UAT.uat.atoqnet.gov.au\SQL001</parameter>
            <parameter key="OutBoundCorroGen.Database.Name">Outbound${Environment}</parameter>
            <parameter key="Hangfire.SQLInstance">EXSTSQLAZPPRFE.perf.atoqnet.gov.au\SQL001</parameter>
            <parameter key="Hangfire.DatabaseName">Hangfire${Environment}</parameter>
            <parameter key="EventLog.Sink.Source">DCSReceive${Environment}</parameter>
            <parameter key="CCDTSourcePath">${InstallDrive}\EAI\CCDT</parameter>
            <parameter key="CCDTFile">${Environment}.OUT.TAB</parameter>
            <parameter key="QueueManager">CGS_9_01</parameter>
            <parameter key="ChannelName">OUT.CGS01</parameter>
            <parameter key="MQSeries.hostName">10.6.136.49</parameter>
            <parameter key="MQSeries.port">1414</parameter>
            <parameter key="MQSeries.isServer">FALSE</parameter>
            <parameter key="MQServer.Channel.Cleanup">FALSE</parameter>
            <parameter key="Logging.Enabled">false</parameter>
            <parameter key="PsiDeploymentStatusEmailAddress">DCRTEnvironments2@ato.gov.au</parameter>
        </group>
        <group key="Command Centre">
            <parameter key="CCServerName">commandcenter.uat.atoqnet.gov.au</parameter>
            <parameter key="CCPortNumber">8081</parameter>
            <parameter key="CCEngineName">Engine8-6-106</parameter>
            <parameter key="VarSetDir">\\SYD02H006UCA1.uat.atoqnet.gov.au\DCSExstream\Workspaces\myDCS_${Environment}\var\varsets</parameter>
        </group>
    </environment>
    <environment key="Level 4 - OUTCWEBA1APPRFB - PRFB Node 1" remoteDeploymentGroupName="" remoteDeploymentServers="">
        <group key="Deployment">
            <parameter key="winServiceIdentity">ATOQNETPERF\SVC_HPEXSTREAM_PERF</parameter>
            <parameter key="Environment">PRFB</parameter>
            <parameter key="OutBoundCorroGen.SQLInstance">MSQSSQLAPAPPRF.perf.atoqnet.gov.au\SQL001</parameter>
            <parameter key="OutBoundCorroGen.Database.Name">Outbound${Environment}</parameter>
            <parameter key="Hangfire.SQLInstance">EXSTSQLAZPPRFE.perf.atoqnet.gov.au\SQL001</parameter>
            <parameter key="Hangfire.DatabaseName">Hangfire${Environment}</parameter>
            <parameter key="EventLog.Sink.Source">DCSReceive${Environment}</parameter>
            <parameter key="CCDTSourcePath">${InstallDrive}\EAI\CCDT</parameter>
            <parameter key="CCDTFile">${Environment}.OUT.TAB</parameter>
            <parameter key="QueueManager">CGS_W_01</parameter>
            <parameter key="ChannelName">OUT.CGS01</parameter>
            <parameter key="MQSeries.hostName">10.6.144.153</parameter>
            <parameter key="MQSeries.port">1414</parameter>
            <parameter key="MQSeries.isServer">FALSE</parameter>
            <parameter key="MQServer.Channel.Cleanup">FALSE</parameter>
            <parameter key="Logging.Enabled">false</parameter>
            <parameter key="PsiDeploymentStatusEmailAddress">DCRTEnvironments2@ato.gov.au</parameter>
        </group>
        <group key="Command Centre">
            <parameter key="CCServerName">commandcenter.perf.atoqnet.gov.au</parameter>
            <parameter key="CCPortNumber">8081</parameter>
            <parameter key="CCEngineName">Engine8-6-106</parameter>
            <parameter key="VarSetDir">\\SYD02H209LCA1.perf.atoqnet.gov.au\DCSExstream\Workspaces\myDCS_${Environment}\var\varsets</parameter>
        </group>
    </environment>
    <environment key="Level 4 - OUTCWEBA2APPRFB - PRFB Node 2" remoteDeploymentGroupName="" remoteDeploymentServers="">
        <group key="Deployment">
            <parameter key="winServiceIdentity">ATOQNETPERF\SVC_HPEXSTREAM_PERF</parameter>
            <parameter key="Environment">PRFB</parameter>
            <parameter key="OutBoundCorroGen.SQLInstance">MSQSSQLAPAPPRF.perf.atoqnet.gov.au\SQL001</parameter>
            <parameter key="OutBoundCorroGen.Database.Name">Outbound${Environment}</parameter>
            <parameter key="Hangfire.SQLInstance">EXSTSQLAZPPRFE.perf.atoqnet.gov.au\SQL001</parameter>
            <parameter key="Hangfire.DatabaseName">Hangfire${Environment}</parameter>
            <parameter key="EventLog.Sink.Source">DCSReceive${Environment}</parameter>
            <parameter key="CCDTSourcePath">${InstallDrive}\EAI\CCDT</parameter>
            <parameter key="CCDTFile">${Environment}.OUT.TAB</parameter>
            <parameter key="QueueManager">CGS_W_02</parameter>
            <parameter key="ChannelName">OUT.CGS02</parameter>
            <parameter key="MQSeries.hostName">10.10.161.37</parameter>
            <parameter key="MQSeries.port">1414</parameter>
            <parameter key="MQSeries.isServer">FALSE</parameter>
            <parameter key="MQServer.Channel.Cleanup">FALSE</parameter>
            <parameter key="Logging.Enabled">false</parameter>
            <parameter key="PsiDeploymentStatusEmailAddress">DCRTEnvironments2@ato.gov.au</parameter>
        </group>
        <group key="Command Centre">
            <parameter key="CCServerName">commandcenter.perf.atoqnet.gov.au</parameter>
            <parameter key="CCPortNumber">8081</parameter>
            <parameter key="CCEngineName">Engine8-6-106</parameter>
            <parameter key="VarSetDir">\\SYD02H209LCA1.perf.atoqnet.gov.au\DCSExstream\Workspaces\myDCS_${Environment}\var\varsets</parameter>
        </group>
    </environment>
    <environment key="Level 4 - SYD02I537LV - PRFE Node 1" remoteDeploymentGroupName="" remoteDeploymentServers="">
        <group key="Deployment">
            <parameter key="winServiceIdentity">ATOQNETPERF\SVC_HPEXSTREAM_PERF</parameter>
            <parameter key="Environment">PRFE</parameter>
            <parameter key="OutBoundCorroGen.SQLInstance">MSQSSQLCPGPPRFE.perf.atoqnet.gov.au\SQL001</parameter>
            <parameter key="OutBoundCorroGen.Database.Name">Outbound${Environment}</parameter>
            <parameter key="Hangfire.SQLInstance">EXSTSQLAZPPRFE.perf.atoqnet.gov.au\SQL001</parameter>
            <parameter key="Hangfire.DatabaseName">Hangfire${Environment}</parameter>
            <parameter key="EventLog.Sink.Source">DCSReceive${Environment}</parameter>
            <parameter key="CCDTSourcePath">${InstallDrive}\EAI\CCDT</parameter>
            <parameter key="CCDTFile">${Environment}.OUT.TAB</parameter>
            <parameter key="QueueManager">CGS_U_01</parameter>
            <parameter key="ChannelName">OUT.CGS01</parameter>
            <parameter key="MQSeries.hostName">10.6.144.155</parameter>
            <parameter key="MQSeries.port">1414</parameter>
            <parameter key="MQSeries.isServer">FALSE</parameter>
            <parameter key="MQServer.Channel.Cleanup">FALSE</parameter>
            <parameter key="Logging.Enabled">false</parameter>
            <parameter key="PsiDeploymentStatusEmailAddress">DCRTEnvironments2@ato.gov.au</parameter>
        </group>
        <group key="Command Centre">
            <parameter key="CCServerName">commandcenter.perf.atoqnet.gov.au</parameter>
            <parameter key="CCPortNumber">8081</parameter>
            <parameter key="CCEngineName">Engine8-6-106</parameter>
            <parameter key="VarSetDir">\\SYD02H209LCA1.perf.atoqnet.gov.au\DCSExstream\Workspaces\myDCS_${Environment}\var\varsets</parameter>
        </group>
    </environment>
    <environment key="Level 4 - SYD02I538LV - PRFE Node 2" remoteDeploymentGroupName="" remoteDeploymentServers="">
        <group key="Deployment">
            <parameter key="winServiceIdentity">ATOQNETPERF\SVC_HPEXSTREAM_PERF</parameter>
            <parameter key="Environment">PRFE</parameter>
            <parameter key="OutBoundCorroGen.SQLInstance">MSQSSQLCPGPPRFE.perf.atoqnet.gov.au\SQL001</parameter>
            <parameter key="OutBoundCorroGen.Database.Name">Outbound${Environment}</parameter>
            <parameter key="Hangfire.SQLInstance">EXSTSQLAZPPRFE.perf.atoqnet.gov.au\SQL001</parameter>
            <parameter key="Hangfire.DatabaseName">Hangfire${Environment}</parameter>
            <parameter key="EventLog.Sink.Source">DCSReceive${Environment}</parameter>
            <parameter key="CCDTSourcePath">${InstallDrive}\EAI\CCDT</parameter>
            <parameter key="CCDTFile">${Environment}.OUT.TAB</parameter>
            <parameter key="QueueManager">CGS_U_02</parameter>
            <parameter key="ChannelName">OUT.CGS02</parameter>
            <parameter key="MQSeries.hostName">10.10.161.44</parameter>
            <parameter key="MQSeries.port">1414</parameter>
            <parameter key="MQSeries.isServer">FALSE</parameter>
            <parameter key="MQServer.Channel.Cleanup">FALSE</parameter>
            <parameter key="Logging.Enabled">false</parameter>
            <parameter key="PsiDeploymentStatusEmailAddress">DCRTEnvironments2@ato.gov.au</parameter>
        </group>
        <group key="Command Centre">
            <parameter key="CCServerName">commandcenter.perf.atoqnet.gov.au</parameter>
            <parameter key="CCPortNumber">8081</parameter>
            <parameter key="CCEngineName">Engine8-6-106</parameter>
            <parameter key="VarSetDir">\\SYD02H209LCA1.perf.atoqnet.gov.au\DCSExstream\Workspaces\myDCS_${Environment}\var\varsets</parameter>
        </group>
    </environment>
    <environment key="Level 4 - OTBDWEBA1GPPRFG - PRFG Node 1" remoteDeploymentGroupName="" remoteDeploymentServers="">
        <group key="Deployment">
            <parameter key="winServiceIdentity">ATOQNETPERF\SVC_HPEXSTREAM_PERF</parameter>
            <parameter key="Environment">PRFG</parameter>
            <parameter key="OutBoundCorroGen.SQLInstance">MSQSSQLAPAPPRF.perf.atoqnet.gov.au\SQL001</parameter>
            <parameter key="OutBoundCorroGen.Database.Name">Outbound${Environment}</parameter>
            <parameter key="Hangfire.SQLInstance">EXSTSQLAZPPRFE.perf.atoqnet.gov.au\SQL001</parameter>
            <parameter key="Hangfire.DatabaseName">Hangfire${Environment}</parameter>
            <parameter key="EventLog.Sink.Source">DCSReceive${Environment}</parameter>
            <parameter key="CCDTSourcePath">${InstallDrive}\EAI\CCDT</parameter>
            <parameter key="CCDTFile">${Environment}.OUT.TAB</parameter>
            <parameter key="QueueManager">CGS_S_01</parameter>
            <parameter key="ChannelName">OUT.CGS01</parameter>
            <parameter key="MQSeries.hostName">10.10.160.203</parameter>
            <parameter key="MQSeries.port">1414</parameter>
            <parameter key="MQSeries.isServer">FALSE</parameter>
            <parameter key="MQServer.Channel.Cleanup">FALSE</parameter>
            <parameter key="Logging.Enabled">false</parameter>
            <parameter key="PsiDeploymentStatusEmailAddress">DCRTEnvironments2@ato.gov.au</parameter>
        </group>
        <group key="Command Centre">
            <parameter key="CCServerName">commandcenter.perf.atoqnet.gov.au</parameter>
            <parameter key="CCPortNumber">8081</parameter>
            <parameter key="CCEngineName">Engine8-6-106</parameter>
            <parameter key="VarSetDir">\\SYD02H209LCA1.perf.atoqnet.gov.au\DCSExstream\Workspaces\myDCS_${Environment}\var\varsets</parameter>
        </group>
    </environment>
    <environment key="Level 4 - OTBDWEBA2GPPRFG - PRFG Node 2" remoteDeploymentGroupName="" remoteDeploymentServers="">
        <group key="Deployment">
            <parameter key="winServiceIdentity">ATOQNETPERF\SVC_HPEXSTREAM_PERF</parameter>
            <parameter key="Environment">PRFG</parameter>
            <parameter key="OutBoundCorroGen.SQLInstance">MSQSSQLAPAPPRF.perf.atoqnet.gov.au\SQL001</parameter>
            <parameter key="OutBoundCorroGen.Database.Name">Outbound${Environment}</parameter>
            <parameter key="Hangfire.SQLInstance">EXSTSQLAZPPRFE.perf.atoqnet.gov.au\SQL001</parameter>
            <parameter key="Hangfire.DatabaseName">Hangfire${Environment}</parameter>
            <parameter key="EventLog.Sink.Source">DCSReceive${Environment}</parameter>
            <parameter key="CCDTSourcePath">${InstallDrive}\EAI\CCDT</parameter>
            <parameter key="CCDTFile">${Environment}.OUT.TAB</parameter>
            <parameter key="QueueManager">CGS_S_02</parameter>
            <parameter key="ChannelName">OUT.CGS02</parameter>
            <parameter key="MQSeries.hostName">10.10.160.204</parameter>
            <parameter key="MQSeries.port">1414</parameter>
            <parameter key="MQSeries.isServer">FALSE</parameter>
            <parameter key="MQServer.Channel.Cleanup">FALSE</parameter>
            <parameter key="Logging.Enabled">false</parameter>
            <parameter key="PsiDeploymentStatusEmailAddress">DCRTEnvironments2@ato.gov.au</parameter>
        </group>
        <group key="Command Centre">
            <parameter key="CCServerName">commandcenter.perf.atoqnet.gov.au</parameter>
            <parameter key="CCPortNumber">8081</parameter>
            <parameter key="CCEngineName">Engine8-6-106</parameter>
            <parameter key="VarSetDir">\\SYD02H209LCA1.perf.atoqnet.gov.au\DCSExstream\Workspaces\myDCS_${Environment}\var\varsets</parameter>
        </group>
    </environment>
    <environment key="Level 5 - SYD02I404PV - Default" remoteDeploymentGroupName="" remoteDeploymentServers="">
        <group key="Deployment">
            <parameter key="winServiceIdentity">ATONET\Service_HPExstream</parameter>
            <parameter key="Environment">PROD</parameter>
            <parameter key="OutBoundCorroGen.SQLInstance">MSQSSQLDPG5.PROD.ATONET.GOV.AU\SQL001</parameter>
            <parameter key="OutBoundCorroGen.Database.Name">OutboundCorrogen_R3Prod</parameter>
            <parameter key="Hangfire.SQLInstance">DCSXSQLAZG5.prod.atonet.gov.au\SQL001</parameter>
            <parameter key="Hangfire.DatabaseName">Hangfire</parameter>
            <parameter key="EventLog.Sink.Source">DCSReceive</parameter>
            <parameter key="CCDTSourcePath">${InstallDrive}\EAI\CCDT</parameter>
            <parameter key="CCDTFile">${Environment}.OUT.TAB</parameter>
            <parameter key="QueueManager">CGS_P_01</parameter>
            <parameter key="ChannelName">OUT.CGS01</parameter>
            <parameter key="MQSeries.hostName">10.10.8.116</parameter>
            <parameter key="MQSeries.port">1414</parameter>
            <parameter key="MQSeries.isServer">FALSE</parameter>
            <parameter key="MQServer.Channel.Cleanup">FALSE</parameter>
            <parameter key="Logging.Enabled">false</parameter>
            <parameter key="PsiDeploymentStatusEmailAddress">DCRTEnvironments2@ato.gov.au</parameter>
        </group>
        <group key="Command Centre">
            <parameter key="CCServerName">commandcenter.prod.atonet.gov.au</parameter>
            <parameter key="CCPortNumber">8081</parameter>
            <parameter key="CCEngineName">Engine8-6-106</parameter>
            <parameter key="VarSetDir">\\SYD02H575PCA1.prod.atonet.gov.au\DCSExstream\Workspaces\Default\var\varsets</parameter>
        </group>
    </environment>
    <environment key="Level 5 - SYD02I405PV - Default" remoteDeploymentGroupName="" remoteDeploymentServers="">
        <group key="Deployment">
            <parameter key="winServiceIdentity">ATONET\Service_HPExstream</parameter>
            <parameter key="Environment">PROD</parameter>
            <parameter key="OutBoundCorroGen.SQLInstance">MSQSSQLDPG5.PROD.ATONET.GOV.AU\SQL001</parameter>
            <parameter key="OutBoundCorroGen.Database.Name">OutboundCorrogen_R3Prod</parameter>
            <parameter key="Hangfire.SQLInstance">DCSXSQLAZG5.prod.atonet.gov.au\SQL001</parameter>
            <parameter key="Hangfire.DatabaseName">Hangfire</parameter>
            <parameter key="EventLog.Sink.Source">DCSReceive</parameter>
            <parameter key="CCDTSourcePath">${InstallDrive}\EAI\CCDT</parameter>
            <parameter key="CCDTFile">${Environment}.OUT.TAB</parameter>
            <parameter key="QueueManager">CGS_P_02</parameter>
            <parameter key="ChannelName">OUT.CGS02</parameter>
            <parameter key="MQSeries.hostName">10.10.8.117</parameter>
            <parameter key="MQSeries.port">1414</parameter>
            <parameter key="MQSeries.isServer">FALSE</parameter>
            <parameter key="MQServer.Channel.Cleanup">FALSE</parameter>
            <parameter key="Logging.Enabled">false</parameter>
            <parameter key="PsiDeploymentStatusEmailAddress">DCRTEnvironments2@ato.gov.au</parameter>
        </group>
        <group key="Command Centre">
            <parameter key="CCServerName">commandcenter.prod.atonet.gov.au</parameter>
            <parameter key="CCPortNumber">8081</parameter>
            <parameter key="CCEngineName">Engine8-6-106</parameter>
            <parameter key="VarSetDir">\\SYD02H575PCA1.prod.atonet.gov.au\DCSExstream\Workspaces\Default\var\varsets</parameter>
        </group>
    </environment>
    <environment key="Level 5 - SYD02I677PV - Default" remoteDeploymentGroupName="" remoteDeploymentServers="">
        <group key="Deployment">
            <parameter key="winServiceIdentity">ATONET\Service_HPExstream</parameter>
            <parameter key="Environment">PROD</parameter>
            <parameter key="OutBoundCorroGen.SQLInstance">MSQSSQLDPG5.PROD.ATONET.GOV.AU\SQL001</parameter>
            <parameter key="OutBoundCorroGen.Database.Name">OutboundCorrogen_R3Prod</parameter>
            <parameter key="Hangfire.SQLInstance">DCSXSQLAZG5.prod.atonet.gov.au\SQL001</parameter>
            <parameter key="Hangfire.DatabaseName">Hangfire</parameter>
            <parameter key="EventLog.Sink.Source">DCSReceive</parameter>
            <parameter key="CCDTSourcePath">${InstallDrive}\EAI\CCDT</parameter>
            <parameter key="CCDTFile">${Environment}.OUT.TAB</parameter>
            <parameter key="QueueManager">CGS_P_03</parameter>
            <parameter key="ChannelName">OUT.CGS03</parameter>
            <parameter key="MQSeries.hostName">10.6.3.90</parameter>
            <parameter key="MQSeries.port">1414</parameter>
            <parameter key="MQSeries.isServer">FALSE</parameter>
            <parameter key="MQServer.Channel.Cleanup">FALSE</parameter>
            <parameter key="Logging.Enabled">false</parameter>
            <parameter key="PsiDeploymentStatusEmailAddress">DCRTEnvironments2@ato.gov.au</parameter>
        </group>
        <group key="Command Centre">
            <parameter key="CCServerName">commandcenter.prod.atonet.gov.au</parameter>
            <parameter key="CCPortNumber">8081</parameter>
            <parameter key="CCEngineName">Engine8-6-106</parameter>
            <parameter key="VarSetDir">\\SYD02H575PCA1.prod.atonet.gov.au\DCSExstream\Workspaces\Default\var\varsets</parameter>
        </group>
    </environment>
</environments>
