<?xml version="1.0"?>
<doc>
    <assembly>
        <name>DCS.Composition.Services.DataRetrieve</name>
    </assembly>
    <members>
        <member name="M:DCS.Composition.Services.DataRetrieve.Common.DataRetrieve.#ctor(Microsoft.Extensions.Logging.ILogger,Microsoft.Extensions.Logging.ILogger)">
            <summary>
            Constructor to setup the database connection and the logging infrastructure
            </summary>
            <param name="jobLogger">A ILogger object that has been initialised. This is so that</param>
        </member>
        <member name="M:DCS.Composition.Services.DataRetrieve.Common.DataRetrieve.ExecuteDataRetrieve(DCS.Composition.Services.Shared.Contracts.CompositionMsg,System.Boolean)">
            <summary>
            Method to actually do the DataRetrieve
            </summary>
            <param name="dra">The parsed parameters</param>
            <returns>A completed Task</returns>
        </member>
        <member name="M:DCS.Composition.Services.DataRetrieve.Common.DataRetrieve.ProcessDriver(System.String,System.String,System.Int32,System.Text.StringBuilder,System.Text.StringBuilder,System.Collections.Generic.List{System.Int64})">
            <summary>
            Generates 'Old' style driver file. The final XML is NOT wrapped in a Customers tag so that the PUB files can process the driver as a plain text file.
            </summary>
            <param name="driverOutputFile">The full name and path to the final driver file</param>
            <param name="batchId">The BatchID to retrieve the correspondence for.</param>
            <param name="csvBuilder">The full name and path of the file that holds the batchID|BETID list. THis file is used in later orchestration steps</param>
            <param name="corresList">The list of CorresId's that will be processed.</param>
            <returns>The count of records that were written to the <paramref name="driverOutputFile"/></returns>
            <remarks>Any exceptions that occur in this method will be thrown and it is the responsibility of the calling method to handle the exception.
            THis method will flush every OutputChunkLimit (from Configuration) or 1000 if not supplied in configuration. 
            </remarks>
        </member>
        <member name="M:DCS.Composition.Services.DataRetrieve.Common.DataRetrieve.ProcessNewDriver(System.String,System.String,System.Int32,System.Text.StringBuilder,System.Collections.Generic.List{System.Int64})">
            <summary>
            Generates 'New' style driver file. The final XML is wrapped in a Customers tag so that the PUB files can process the driver as an XML file as opposed to a plain text file
            </summary>
            <param name="driverOutputFile">The full name and path to the final driver file</param>
            <param name="batchId">The BatchID to retrieve the correspondence for.</param>
            <param name="csvBuilder">The full name and path of the file that holds the batchID|BETID list. THis file is used in later orchestration steps</param>
            <param name="corresList">The list of CorresId's that will be processed.</param>
            <returns>The count of records that were written to the <paramref name="driverOutputFile"/></returns>
            <remarks>Any exceptions that occur in this method will be thrown and it is the responsibility of the calling method to handle the exception.
            THis method will flush every OutputChunkLimit (from Configuration) or 1000 if not supplied in configuration. 
            </remarks>
        </member>
        <member name="M:DCS.Composition.Services.DataRetrieve.Common.DataRetrieve.ProcessLetter(DCS.Shared.DataAccess.Outbound.Documents.CorresRequestForDataRetrieve)">
            <summary>
            Method to generate the DPID for the client based ont he DPI, CorresId and the RUCExceptionCode for a piece of correspondence.
            </summary>
            <param name="corresToProcess">A populated <seealso cref="T:DCS.Shared.DataAccess.Outbound.Documents.CorresRequestForDataRetrieve"/></param>
            <returns><para>The modified <paramref name="corresToProcess"/> parameter. The following parts of the PasthrougMetadataTxt fields are modified by this method</para>
            <list type="table">
            <item>Removes spaces from the empty GeographicAddrDeliveryPointID tag if it exists</item>
            <item>Replaces an empty GeographicAddrDeliveryPointID with a start and end GeographicAddrDeliveryPointID tag</item>
            <item>Replaces an empty GeographicAddrDeliveryPointID with a start and end GeographicAddrDeliveryPointID tag</item>
            <item>Places a GeographicAddrDeliveryPointID tag with the DPID and spaces removed</item>
            </list>
            </returns>
            <remarks>Example of before and after tags:
            </remarks>
        </member>
        <member name="M:DCS.Composition.Services.DataRetrieve.Common.DataRetrieve.GenerateBarcodeString(System.String,System.String,System.String)">
            <summary>
            Generates the barcode string using the dpid, bet and ruc exception code
            </summary>
            <param name="dpid">The delivery point id of the address</param>
            <param name="BET">The Business Event Tracking number</param>
            <param name="RucExceptionCode">The Return Unclaimed Exception Code associtated with the template in the db</param>
            <returns>A string representing the barcode. If an exception is thrown by Ato.CD.Outbound.CorroGen.RS.RS.BuildUpBarcodeString, it will need to be handled by the calling code.</returns>
            <remarks>This calls the Ato.CD.Outbound.CorroGen.RS.RS.BuildUpBarcodString to generate the barcode from the parameters.</remarks>
        </member>
        <member name="T:DCS.Composition.Services.DataRetrieve.Common.DataRetrieveArguments">
            <summary>
            Class to contain the arguments that DataRetrieve is expecting. This class will Pipe separated string that is received from the calling application
            </summary>
            <remarks>
            All arguments are required and are positional:
              0 - BatchId
              1 - OutputPath - the full path where the driver and data files will be placed
              2 - NatCds - the comma seperated lsit of NatCds that are being processed. This is so that the determination can be made as to whether the driver is a New driver (and as such is enclosed in a Customers XML tag)
                            or an Old driver (where the XML document is NOT enclosed in a Customers tag). Older style templates do not parse the XML as an XML document, so do not require to be enclosed in a root element
            </remarks>
        </member>
        <member name="M:DCS.Composition.Services.DataRetrieve.Common.DataRetrieveArguments.#ctor(System.String,System.Collections.Generic.List{System.String})">
            <summary>
            Constructor to parse the arguments passed to the service from HangFire
            </summary>
            <param name="args">The message sent to HangFire. e.g. 123456|C:\someoutput[ath</param>
            <param name="templateConfig">The loaded tempaltes.config values. This is used to set the WrapDriverWithCustomerTag to False for those legacy templates that do not know how to handle the Customers root node of the XML driver created.</param>
            <remarks>
            This does NOT throw any exceptions. It will handle ALL exceptions internally. As such, calling methods need to check the ParseErrorFound to see if any parse errors occured.
            </remarks>
        </member>
        <member name="M:DCS.Composition.Services.DataRetrieve.Common.DataRetrieveImplementation.#ctor(Microsoft.Extensions.Logging.ILogger{DCS.Composition.Services.DataRetrieve.Common.DataRetrieveImplementation})">
            <summary>
            Constructor that sets up the initial object
            </summary>
            <remarks>
            The following objects are created/managed in this constructor:
              The configuration is read from the appsettings.json file
              The Serilog Event Log logger is set up to write overall service messages to the event log
              Reads the tempaltes.config file and stores in a cached object. This cached object will be re-loaded based on a config value, and can also be reloaded from a message sent from HangFire
                OpMode=ReloadTemplatesConfig
                OpMode=ReloadConfig
            </remarks>
        </member>
        <member name="M:DCS.Composition.Services.DataRetrieve.Common.DataRetrieveImplementation.Start(DCS.Composition.Services.Shared.Contracts.CompositionMsg,Hangfire.Server.PerformContext)">
            <summary>
            Method to stasrt the DataRetreive process in response to a message received from HangFire on the dataretrieve_read_queue
            </summary>
            <param name="message">The message to process. For DataRetreive this is composed of:
              BatchId
              Output Folder Path
              Comma seperate list of NatDins to be processed
            </param>
            <remarks>
            This methid will write to the Application Event Log when an Exception occurs. This will be sent back to HangFire as a failed job, which will then be managed by the orchestrator
            It will also write to a log file in the specified Job folder
            </remarks>
        </member>
        <member name="M:DCS.Composition.Services.DataRetrieve.Common.DataRetrieveImplementation.DoDataRetrieve(DCS.Composition.Services.Shared.Contracts.CompositionMsg,Hangfire.Server.PerformContext)">
            <summary>
            
            </summary>
            <param name="message"></param>
            <param name="context"></param>
        </member>
        <member name="M:DCS.Composition.Services.DataRetrieve.Common.DataRetrieveImplementation.SendResponse(System.String)">
            <summary>
            Method to send a response back to HangFire on the dataretrieve_response_queue queue
            </summary>
            <param name="message">The message to send back</param>
        </member>
        <member name="T:DCS.Composition.Services.DataRetrieve.Common.StringWriterWithEncoding">
            <summary>
            Class to wrap the .NET StringWriter class so that we can use a specific encoding. By default a StringBuilder will use UTF-16. If this is
            used to write to an XSML file, the XML will be written with a UTF-16 which will cause downstream issues
            </summary>
        </member>
        <member name="M:DCS.Composition.Services.DataRetrieve.Controllers.DataRetrieveController.GetCurrentConfig">
            <summary>
            Method to get the current config entries for the application. Returns as a string.
            </summary>
            <returns></returns>
        </member>
        <member name="M:DCS.Composition.DataRetrieve.Startup.Configure(Microsoft.AspNetCore.Builder.IApplicationBuilder,Microsoft.AspNetCore.Hosting.IWebHostEnvironment)">
            <summary>
            This method gets called by the runtime. Use this method to configure the HTTP request pipeline.
            </summary>
            <param name="app"></param>
            <param name="env"></param>
        </member>
    </members>
</doc>
