<?xml version="1.0"?>
<configuration>
  <configurationChanges>
    <!-- Server Host-->
    <configurationChange>
      <file>${targetdir}\Ato.CD.Outbound.PortalChannelDeliveryUI.Web\web.config</file>
      <nodeChanges>
        <!--Testing Settings-->
	  	  <nodeChange action="update">
          <xpath>/configuration/appSettings/add[@key='LogTestAutomationSwitch']/@value</xpath>
          <value>${LogTestAutomationSwitch}</value>
        </nodeChange>
        <nodeChange action="update">
          <xpath>/configuration/appSettings/add[@key='LogMQGetMailboxIDRequestSwitch']/@value</xpath>
          <value>${LogMQGetMailboxIDRequestSwitch}</value>
        </nodeChange>
        <nodeChange action="update">
          <xpath>/configuration/appSettings/add[@key='LogMQGetMailboxIDResponseSwitch']/@value</xpath>
          <value>${LogMQGetMailboxIDResponseSwitch}</value>
        </nodeChange>
        <nodeChange action="update">
          <xpath>/configuration/appSettings/add[@key='LogWSCGetXMLRequestSwitch']/@value</xpath>
          <value>${LogWSCGetXMLRequestSwitch}</value>
        </nodeChange>
        <nodeChange action="update">
          <xpath>/configuration/appSettings/add[@key='LogWSCGetXMLResponseSwitch']/@value</xpath>
          <value>${LogWSCGetXMLResponseSwitch}</value>
        </nodeChange>
        <nodeChange action="update">
          <xpath>/configuration/appSettings/add[@key='LogMQGenerateCorrespondenceRequestSwitch']/@value</xpath>
          <value>${LogMQGenerateCorrespondenceRequestSwitch}</value>
        </nodeChange>
		    <nodeChange action="update">
          <xpath>/configuration/appSettings/add[@key='LogTestAutomationLocation']/@value</xpath>
          <value>${AtoApplicationDir}\AppLogs\PortalChannelDeliveryUI\${InstanceKey}\</value>
        </nodeChange>
        <nodeChange action="update">
          <xpath>/configuration/appSettings/add[@key='serverbindings']/@value</xpath>
          <value>${serverbindings}</value>
        </nodeChange>
        <nodeChange action="update">
          <xpath>/configuration/appSettings/add[@key='WSCLogXmlLocation']/@value</xpath>
          <value>${targetdir}\Ato.CD.Outbound.PortalChannelDeliveryUI.Web\Logs</value>
        </nodeChange>
        <nodeChange action="update">
          <xpath>/configuration/appSettings/add[@key='PortalMessageExchangeLogXmlLocation']/@value</xpath>
          <value>${targetdir}\Ato.CD.Outbound.PortalChannelDeliveryUI.Web\Logs</value>
        </nodeChange>
        <!--WSC URL-->
        <nodeChange action="update">
          <xpath>/configuration/appSettings/add[@key='WorkSpaceController.Application']/@value</xpath>
          <value>${WSCURL}</value>
        </nodeChange>
        <!--File System Specific Paths-->
        <nodeChange action="update">
          <xpath>/configuration/appSettings/add[@key='ReplySchemaLocation']/@value</xpath>
          <value>${targetdir}\Ato.CD.Outbound.PortalChannelDeliveryUI.Web\Schemas\EAIOutboundMailboxReplyXMLSchema.xsd</value>
        </nodeChange>
        <nodeChange action="update">
          <xpath>/configuration/appSettings/add[@key='TranslationXsl']/@value</xpath>
          <value>${targetdir}\Ato.CD.Outbound.PortalChannelDeliveryUI.Web\Transforms\SiebelToCanonical.xsl</value>
        </nodeChange>
        <!--Debug Setting-->
        <nodeChange action="update">
          <xpath>/configuration/system.web/compilation/@debug</xpath>
          <value>${Debug}</value>
        </nodeChange>
        <!--MQ Config-->
        <nodeChange action="update" runapp="NOT ${MQServer.Channel.Cleanup}">
          <xpath>/configuration/Ato.EN.ApplicationServices.MQ/@ccdt</xpath>
          <value>${CCDTSourcePath}\${CCDTFile}</value>
        </nodeChange>
        <nodeChange action="update" runapp="NOT ${MQServer.Channel.Cleanup}">
          <xpath>/configuration/Ato.EN.ApplicationServices.MQ/transports/transport[@name='MQSeries']/@channel</xpath>
          <value>${ChannelName}.SVRCONN</value>
        </nodeChange>
        <nodeChange action="update" runapp="NOT ${MQServer.Channel.Cleanup}">
          <xpath>/configuration/Ato.EN.ApplicationServices.MQ/transports/transport[@name='MQSeries']/@hostName</xpath>
          <value>${MQSeries.hostName}</value>
        </nodeChange>
        <nodeChange action="update" runapp="NOT ${MQServer.Channel.Cleanup}">
          <xpath>/configuration/Ato.EN.ApplicationServices.MQ/transports/transport[@name='MQSeries']/@port</xpath>
          <value>${MQSeries.port}</value>
        </nodeChange>
        <nodeChange action="delete" runapp="${MQServer.Channel.Cleanup}">
          <xpath>/configuration/Ato.EN.ApplicationServices.MQ/transports/transport[@name='MQSeries']</xpath>
          <xmlattribute name="channel" />
        </nodeChange>
        <nodeChange action="delete" runapp="${MQServer.Channel.Cleanup}">
          <xpath>/configuration/Ato.EN.ApplicationServices.MQ/transports/transport[@name='MQSeries']</xpath>
          <xmlattribute name="hostName" />
        </nodeChange>
        <nodeChange action="delete" runapp="${MQServer.Channel.Cleanup}">
          <xpath>/configuration/Ato.EN.ApplicationServices.MQ/transports/transport[@name='MQSeries']</xpath>
          <xmlattribute name="port" />
        </nodeChange>
        <nodeChange action="update" runapp="${MQServer.Channel.Cleanup}">
          <xpath>/configuration/Ato.EN.ApplicationServices.MQ/transports/transport[@name='MQSeries']/@isServerConnection</xpath>
          <value>${MQSeries.isServer}</value>
        </nodeChange>
        <!--EAI Configuration-->
        <nodeChange action="update">
          <xpath>/configuration/Ato.EN.ApplicationServices.MQ/eaiServices/eaiService[@name='Staging']/inwardBound/endpoint/@uri</xpath>
          <value>WMQ://${QueueManager}/OTB.GENERIC.ERROR</value>
        </nodeChange>
        <nodeChange action="update">
          <xpath>/configuration/Ato.EN.ApplicationServices.MQ/eaiServices/eaiService[@name='Staging']/outwardBound/endpoint/@uri</xpath>
          <value>WMQ://${QueueManager}/OTB.GENERIC.ERROR</value>
        </nodeChange>
        <nodeChange action="update">
          <xpath>/configuration/Ato.EN.ApplicationServices.MQ/eaiServices/eaiService[@name='OutboundPortalService']/inwardBound/endpoint/@uri</xpath>
          <value>WMQ://${QueueManager}/OTB.GETMAILBOXID.REPLY.H</value>
        </nodeChange>
        <nodeChange action="update">
          <xpath>/configuration/Ato.EN.ApplicationServices.MQ/eaiServices/eaiService[@name='OutboundPortalService']/outwardBound/endpoint/@uri</xpath>
          <value>WMQ://${QueueManager}/OTB.GETMAILBOXID.REQUEST.H</value>
        </nodeChange>
        <nodeChange action="update">
          <xpath>/configuration/Ato.EN.ApplicationServices.MQ/eaiServices/eaiService[@name='OutboundPortalService']/error/endpoint/@uri</xpath>
          <value>WMQ://${QueueManager}/OTB.GENERIC.ERROR</value>
        </nodeChange>
        <nodeChange action="update">
          <xpath>/configuration/Ato.EN.ApplicationServices.MQ/eaiServices/eaiService[@name='OutboundCorroGenService']/inwardBound/endpoint/@uri</xpath>
          <value>WMQ://${QueueManager}/OTB.GENERIC.ERROR</value>
        </nodeChange>
        <nodeChange action="update">
          <xpath>/configuration/Ato.EN.ApplicationServices.MQ/eaiServices/eaiService[@name='OutboundCorroGenService']/outwardBound/endpoint/@uri</xpath>
          <value>WMQ://${QueueManager}/OTB.GENERATECORRESPONDENCE.REQUEST</value>
        </nodeChange>
        <nodeChange action="update">
          <xpath>/configuration/Ato.EN.ApplicationServices.MQ/eaiServices/eaiService[@name='OutboundCorroGenService']/error/endpoint/@uri</xpath>
          <value>WMQ://${QueueManager}/OTB.GENERIC.ERROR</value>
        </nodeChange>
        <nodeChange action="update">
          <xpath>/configuration/loggingConfiguration/listeners/add[@name='Formatted EventLog TraceListener']/@source</xpath>
          <value>Ato.CD.Outbound.PortalChannelDeliveryUI.${InstanceKey}</value>
        </nodeChange>
      </nodeChanges>
    </configurationChange>
  </configurationChanges>
</configuration>