<?xml version="1.0" encoding="utf-8"?>
<!-- ******************************************************* -->
<!-- !!!!! NEVER UPDATE THIS ENVIRONMENT FILE DIRECTLY !!!!! -->
<!--                                                         -->
<!-- ALWAYS use the Excel environment file editor to update  -->
<!-- and then generate the environment file.                 -->
<!-- ******************************************************* -->
<environments applicationName="LettersGeneration" roleName="LettersGeneration=WinSvc" securityCode="9386">
    <environment key="Level 1 - OBOAWEB00001DEH - DEVH Web" remoteDeploymentGroupName="" remoteDeploymentServers="">
        <group key="Queue parameter">
            <parameter key="QueueManager">CGS_1_01</parameter>
            <parameter key="CCDTSourcePath">${InstallDrive}\EAI\CCDT</parameter>
            <parameter key="CCDTFile">DEVH.OUT.TAB</parameter>
            <parameter key="ChannelName">OUT.CGS01</parameter>
            <parameter key="MQSeries.hostName">10.192.57.216</parameter>
            <parameter key="MQSeries.port">1417</parameter>
            <parameter key="MQSeries.isServer">FALSE</parameter>
            <parameter key="MQServer.Channel.Cleanup">FALSE</parameter>
            <parameter key="PsiDeploymentStatusEmailAddress">DCRTEnvironments2@ato.gov.au</parameter>
        </group>
        <group key="Application parameter">
            <parameter key="winServiceIdentity">ATOTNETPRDCT\ServiceCorat</parameter>
            <parameter key="DeleteInstances">true</parameter>
            <parameter key="InstrumentationLogging">0</parameter>
        </group>
    </environment>
    <environment key="Level 1 - OBOAWEB00001DEI - DEVI Web" remoteDeploymentGroupName="" remoteDeploymentServers="">
        <group key="Queue parameter">
            <parameter key="QueueManager">CGS_A_01</parameter>
            <parameter key="CCDTSourcePath">${InstallDrive}\EAI\CCDT</parameter>
            <parameter key="CCDTFile">DEVI.OUT.TAB</parameter>
            <parameter key="ChannelName">OUT.CGS01</parameter>
            <parameter key="MQSeries.hostName">10.192.57.216</parameter>
            <parameter key="MQSeries.port">1415</parameter>
            <parameter key="MQSeries.isServer">FALSE</parameter>
            <parameter key="MQServer.Channel.Cleanup">FALSE</parameter>
            <parameter key="PsiDeploymentStatusEmailAddress">DCRTEnvironments2@ato.gov.au</parameter>
        </group>
        <group key="Application parameter">
            <parameter key="winServiceIdentity">ATOTNETPRDCT\ServiceCorat</parameter>
            <parameter key="DeleteInstances">true</parameter>
            <parameter key="InstrumentationLogging">0</parameter>
        </group>
    </environment>
    <environment key="Level 1 - OUTBWEB00001DEA - DEA Web" remoteDeploymentGroupName="" remoteDeploymentServers="">
        <group key="Queue parameter">
            <parameter key="QueueManager">CGS_1A01</parameter>
            <parameter key="CCDTSourcePath">${InstallDrive}\EAI\CCDT</parameter>
            <parameter key="CCDTFile">DEA.OUT.TAB</parameter>
            <parameter key="ChannelName">OUT.CGS01</parameter>
            <parameter key="MQSeries.hostName">10.195.108.51</parameter>
            <parameter key="MQSeries.port">1414</parameter>
            <parameter key="MQSeries.isServer">FALSE</parameter>
            <parameter key="MQServer.Channel.Cleanup">FALSE</parameter>
            <parameter key="PsiDeploymentStatusEmailAddress">DCRTEnvironments2@ato.gov.au</parameter>
        </group>
        <group key="Application parameter">
            <parameter key="winServiceIdentity">ATOTNETPRDCT\ServiceCorat</parameter>
            <parameter key="DeleteInstances">true</parameter>
            <parameter key="InstrumentationLogging">0</parameter>
        </group>
    </environment>
    <environment key="Level 1 - OUTBWEB00001DEB - DEB Web" remoteDeploymentGroupName="" remoteDeploymentServers="">
        <group key="Queue parameter">
            <parameter key="QueueManager">CGS_1B01</parameter>
            <parameter key="CCDTSourcePath">${InstallDrive}\EAI\CCDT</parameter>
            <parameter key="CCDTFile">DEB.OUT.TAB</parameter>
            <parameter key="ChannelName">OUT.CGS01</parameter>
            <parameter key="MQSeries.hostName">10.195.104.171</parameter>
            <parameter key="MQSeries.port">1414</parameter>
            <parameter key="MQSeries.isServer">FALSE</parameter>
            <parameter key="MQServer.Channel.Cleanup">FALSE</parameter>
            <parameter key="PsiDeploymentStatusEmailAddress">DCRTEnvironments2@ato.gov.au</parameter>
        </group>
        <group key="Application parameter">
            <parameter key="winServiceIdentity">ATOTNETPRDCT\ServiceCorat</parameter>
            <parameter key="DeleteInstances">true</parameter>
            <parameter key="InstrumentationLogging">0</parameter>
        </group>
    </environment>
    <environment key="Level 1 - OUTBWEB00001DEM - DEM Web" remoteDeploymentGroupName="" remoteDeploymentServers="">
        <group key="Queue parameter">
            <parameter key="QueueManager">CGS_1R01</parameter>
            <parameter key="CCDTSourcePath">${InstallDrive}\EAI\CCDT</parameter>
            <parameter key="CCDTFile">DEM.OUT.TAB</parameter>
            <parameter key="ChannelName">OUT.CGS01</parameter>
            <parameter key="MQSeries.hostName">10.195.104.222</parameter>
            <parameter key="MQSeries.port">1414</parameter>
            <parameter key="MQSeries.isServer">FALSE</parameter>
            <parameter key="MQServer.Channel.Cleanup">FALSE</parameter>
            <parameter key="PsiDeploymentStatusEmailAddress">DCRTEnvironments2@ato.gov.au</parameter>
        </group>
        <group key="Application parameter">
            <parameter key="winServiceIdentity">ATOTNETPRDCT\ServiceCorat</parameter>
            <parameter key="DeleteInstances">true</parameter>
            <parameter key="InstrumentationLogging">0</parameter>
        </group>
    </environment>
    <environment key="Level 1 - XSUPWEBZ0041AT - DEVK Web" remoteDeploymentGroupName="" remoteDeploymentServers="">
        <group key="Queue parameter">
            <parameter key="QueueManager">CGS_T_01</parameter>
            <parameter key="CCDTSourcePath">${InstallDrive}\EAI\CCDT</parameter>
            <parameter key="CCDTFile">DEVK.OUT.TAB</parameter>
            <parameter key="ChannelName">OUT.CGS01</parameter>
            <parameter key="MQSeries.hostName">10.192.57.216</parameter>
            <parameter key="MQSeries.port">1414</parameter>
            <parameter key="MQSeries.isServer">FALSE</parameter>
            <parameter key="MQServer.Channel.Cleanup">FALSE</parameter>
            <parameter key="PsiDeploymentStatusEmailAddress">DCRTEnvironments2@ato.gov.au</parameter>
        </group>
        <group key="Application parameter">
            <parameter key="winServiceIdentity">ATOTNETPRDCT\ServiceCorat</parameter>
            <parameter key="DeleteInstances">true</parameter>
            <parameter key="InstrumentationLogging">0</parameter>
        </group>
    </environment>
    <environment key="Level 1 - OUTBWEB00001DEP - DEVP Web" remoteDeploymentGroupName="" remoteDeploymentServers="">
        <group key="Queue parameter">
            <parameter key="QueueManager">CGS_7_01</parameter>
            <parameter key="CCDTSourcePath">${InstallDrive}\EAI\CCDT</parameter>
            <parameter key="CCDTFile">DEVP.OUT.TAB</parameter>
            <parameter key="ChannelName">OUT.CGS01</parameter>
            <parameter key="MQSeries.hostName">10.7.141.149</parameter>
            <parameter key="MQSeries.port">1414</parameter>
            <parameter key="MQSeries.isServer">FALSE</parameter>
            <parameter key="MQServer.Channel.Cleanup">FALSE</parameter>
            <parameter key="PsiDeploymentStatusEmailAddress">DCRTEnvironments2@ato.gov.au</parameter>
        </group>
        <group key="Application parameter">
            <parameter key="winServiceIdentity">ATOTNETPRDCT\ServiceCorat</parameter>
            <parameter key="DeleteInstances">true</parameter>
            <parameter key="InstrumentationLogging">0</parameter>
        </group>
    </environment>
    <environment key="Level 1 - OBUIWEB00001DEG - DEVG Web" remoteDeploymentGroupName="" remoteDeploymentServers="">
        <group key="Queue parameter">
            <parameter key="QueueManager">CGS_1N01</parameter>
            <parameter key="CCDTSourcePath">${InstallDrive}\EAI\CCDT</parameter>
            <parameter key="CCDTFile">DEVG.OUT.TAB</parameter>
            <parameter key="ChannelName">OUT.CGS01</parameter>
            <parameter key="MQSeries.hostName">10.7.141.149</parameter>
            <parameter key="MQSeries.port">1416</parameter>
            <parameter key="MQSeries.isServer">FALSE</parameter>
            <parameter key="MQServer.Channel.Cleanup">FALSE</parameter>
            <parameter key="PsiDeploymentStatusEmailAddress">DCRTEnvironments2@ato.gov.au</parameter>
        </group>
        <group key="Application parameter">
            <parameter key="winServiceIdentity">ATOTNETPRDCT\ServiceCorat</parameter>
            <parameter key="DeleteInstances">true</parameter>
            <parameter key="InstrumentationLogging">0</parameter>
        </group>
    </environment>
    <environment key="Level 1 - OBOAWEB00002DEQ - DEVQ Web" remoteDeploymentGroupName="" remoteDeploymentServers="">
        <group key="Queue parameter">
            <parameter key="QueueManager">CGS_4_01</parameter>
            <parameter key="CCDTSourcePath">${InstallDrive}\EAI\CCDT</parameter>
            <parameter key="CCDTFile">DEVQ.OUT.TAB</parameter>
            <parameter key="ChannelName">OUT.CGS01</parameter>
            <parameter key="MQSeries.hostName">10.7.141.149</parameter>
            <parameter key="MQSeries.port">1415</parameter>
            <parameter key="MQSeries.isServer">FALSE</parameter>
            <parameter key="MQServer.Channel.Cleanup">FALSE</parameter>
            <parameter key="PsiDeploymentStatusEmailAddress">DCRTEnvironments2@ato.gov.au</parameter>
        </group>
        <group key="Application parameter">
            <parameter key="winServiceIdentity">ATOTNETPRDCT\ServiceCorat</parameter>
            <parameter key="DeleteInstances">true</parameter>
            <parameter key="InstrumentationLogging">0</parameter>
        </group>
    </environment>
    <environment key="Level 1 - OBOAWEB00002DEW - DEVW Web" remoteDeploymentGroupName="" remoteDeploymentServers="">
        <group key="Queue parameter">
            <parameter key="QueueManager">CGS_1L01</parameter>
            <parameter key="CCDTSourcePath">${InstallDrive}\EAI\CCDT</parameter>
            <parameter key="CCDTFile">DEVW.OUT.TAB</parameter>
            <parameter key="ChannelName">OUT.CGS01</parameter>
            <parameter key="MQSeries.hostName">10.192.57.216</parameter>
            <parameter key="MQSeries.port">1416</parameter>
            <parameter key="MQSeries.isServer">FALSE</parameter>
            <parameter key="MQServer.Channel.Cleanup">FALSE</parameter>
            <parameter key="PsiDeploymentStatusEmailAddress">DCRTEnvironments2@ato.gov.au</parameter>
        </group>
        <group key="Application parameter">
            <parameter key="winServiceIdentity">ATOTNETPRDCT\ServiceCorat</parameter>
            <parameter key="DeleteInstances">true</parameter>
            <parameter key="InstrumentationLogging">0</parameter>
        </group>
    </environment>
    <environment key="Level 2 - OBUIWEB00001ATG - ATG Web" remoteDeploymentGroupName="" remoteDeploymentServers="">
        <group key="Queue parameter">
            <parameter key="QueueManager">CGS_2N01</parameter>
            <parameter key="CCDTSourcePath">${InstallDrive}\EAI\CCDT</parameter>
            <parameter key="CCDTFile">ATG.OUT.TAB</parameter>
            <parameter key="ChannelName">OUT.CGS01</parameter>
            <parameter key="MQSeries.hostName">10.192.46.36</parameter>
            <parameter key="MQSeries.port">1417</parameter>
            <parameter key="MQSeries.isServer">FALSE</parameter>
            <parameter key="MQServer.Channel.Cleanup">FALSE</parameter>
            <parameter key="PsiDeploymentStatusEmailAddress">DCRTEnvironments2@ato.gov.au</parameter>
        </group>
        <group key="Application parameter">
            <parameter key="winServiceIdentity">ATOTNETPRDCT\ServiceCores</parameter>
            <parameter key="DeleteInstances">true</parameter>
            <parameter key="InstrumentationLogging">0</parameter>
        </group>
    </environment>
    <environment key="Level 2 - OBOAWEB00001ATH - ATH Web" remoteDeploymentGroupName="" remoteDeploymentServers="">
        <group key="Queue parameter">
            <parameter key="QueueManager">CGS_E_01</parameter>
            <parameter key="CCDTSourcePath">${InstallDrive}\EAI\CCDT</parameter>
            <parameter key="CCDTFile">ATH.OUT.TAB</parameter>
            <parameter key="ChannelName">OUT.CGS01</parameter>
            <parameter key="MQSeries.hostName">10.192.46.36</parameter>
            <parameter key="MQSeries.port">1416</parameter>
            <parameter key="MQSeries.isServer">FALSE</parameter>
            <parameter key="MQServer.Channel.Cleanup">FALSE</parameter>
            <parameter key="PsiDeploymentStatusEmailAddress">DCRTEnvironments2@ato.gov.au</parameter>
        </group>
        <group key="Application parameter">
            <parameter key="winServiceIdentity">ATOTNETPRDCT\ServiceCores</parameter>
            <parameter key="DeleteInstances">true</parameter>
            <parameter key="InstrumentationLogging">0</parameter>
        </group>
    </environment>
    <environment key="Level 2 - XSUPWEBZ0035at - ATL Web" remoteDeploymentGroupName="" remoteDeploymentServers="">
        <group key="Queue parameter">
            <parameter key="QueueManager">CGS_I_01</parameter>
            <parameter key="CCDTSourcePath">${InstallDrive}\EAI\CCDT</parameter>
            <parameter key="CCDTFile">ATL.OUT.TAB</parameter>
            <parameter key="ChannelName">OUT.CGS01</parameter>
            <parameter key="MQSeries.hostName">10.192.46.36</parameter>
            <parameter key="MQSeries.port">1414</parameter>
            <parameter key="MQSeries.isServer">FALSE</parameter>
            <parameter key="MQServer.Channel.Cleanup">FALSE</parameter>
            <parameter key="PsiDeploymentStatusEmailAddress">DCRTEnvironments2@ato.gov.au</parameter>
        </group>
        <group key="Application parameter">
            <parameter key="winServiceIdentity">ATOTNETPRDCT\ServiceCores</parameter>
            <parameter key="DeleteInstances">true</parameter>
            <parameter key="InstrumentationLogging">0</parameter>
        </group>
    </environment>
    <environment key="Level 2 - OBOAWEB00001ATJ - ATJ Web" remoteDeploymentGroupName="" remoteDeploymentServers="">
        <group key="Queue parameter">
            <parameter key="QueueManager">CGS_3_01</parameter>
            <parameter key="CCDTSourcePath">${InstallDrive}\EAI\CCDT</parameter>
            <parameter key="CCDTFile">ATJ.OUT.TAB</parameter>
            <parameter key="ChannelName">OUT.CGS01</parameter>
            <parameter key="MQSeries.hostName">10.7.141.151</parameter>
            <parameter key="MQSeries.port">1415</parameter>
            <parameter key="MQSeries.isServer">FALSE</parameter>
            <parameter key="MQServer.Channel.Cleanup">FALSE</parameter>
            <parameter key="PsiDeploymentStatusEmailAddress">DCRTEnvironments2@ato.gov.au</parameter>
        </group>
        <group key="Application parameter">
            <parameter key="winServiceIdentity">ATOTNETPRDCT\ServiceCores</parameter>
            <parameter key="DeleteInstances">true</parameter>
            <parameter key="InstrumentationLogging">0</parameter>
        </group>
    </environment>
    <environment key="Level 2 - OBOAWEB00001ATN - ATN Web" remoteDeploymentGroupName="" remoteDeploymentServers="">
        <group key="Queue parameter">
            <parameter key="QueueManager">CGS_K_01</parameter>
            <parameter key="CCDTSourcePath">${InstallDrive}\EAI\CCDT</parameter>
            <parameter key="CCDTFile">ATN.OUT.TAB</parameter>
            <parameter key="ChannelName">OUT.CGS01</parameter>
            <parameter key="MQSeries.hostName">10.192.46.36</parameter>
            <parameter key="MQSeries.port">1415</parameter>
            <parameter key="MQSeries.isServer">FALSE</parameter>
            <parameter key="MQServer.Channel.Cleanup">FALSE</parameter>
            <parameter key="PsiDeploymentStatusEmailAddress">DCRTEnvironments2@ato.gov.au</parameter>
        </group>
        <group key="Application parameter">
            <parameter key="winServiceIdentity">ATOTNETPRDCT\ServiceCores</parameter>
            <parameter key="DeleteInstances">true</parameter>
            <parameter key="InstrumentationLogging">0</parameter>
        </group>
    </environment>
    <environment key="Level 2 - OUTBWEB00001ATW - ATW Web" remoteDeploymentGroupName="" remoteDeploymentServers="">
        <group key="Queue parameter">
            <parameter key="QueueManager">CGS_2C01</parameter>
            <parameter key="CCDTSourcePath">${InstallDrive}\EAI\CCDT</parameter>
            <parameter key="CCDTFile">ATW.OUT.TAB</parameter>
            <parameter key="ChannelName">OUT.CGS01</parameter>
            <parameter key="MQSeries.hostName">10.192.63.108</parameter>
            <parameter key="MQSeries.port">1414</parameter>
            <parameter key="MQSeries.isServer">FALSE</parameter>
            <parameter key="MQServer.Channel.Cleanup">FALSE</parameter>
            <parameter key="PsiDeploymentStatusEmailAddress">DCRTEnvironments2@ato.gov.au</parameter>
        </group>
        <group key="Application parameter">
            <parameter key="winServiceIdentity">ATOTNETPRDCT\ServiceCores</parameter>
            <parameter key="DeleteInstances">true</parameter>
            <parameter key="InstrumentationLogging">0</parameter>
        </group>
    </environment>
    <environment key="Level 2 - OUTBWEB00001ATA - ATA Web" remoteDeploymentGroupName="" remoteDeploymentServers="">
        <group key="Queue parameter">
            <parameter key="QueueManager">CGS_2B01</parameter>
            <parameter key="CCDTSourcePath">${InstallDrive}\EAI\CCDT</parameter>
            <parameter key="CCDTFile">ATA.OUT.TAB</parameter>
            <parameter key="ChannelName">OUT.CGS01</parameter>
            <parameter key="MQSeries.hostName">10.195.104.55</parameter>
            <parameter key="MQSeries.port">1414</parameter>
            <parameter key="MQSeries.isServer">FALSE</parameter>
            <parameter key="MQServer.Channel.Cleanup">FALSE</parameter>
            <parameter key="PsiDeploymentStatusEmailAddress">DCRTEnvironments2@ato.gov.au</parameter>
        </group>
        <group key="Application parameter">
            <parameter key="winServiceIdentity">ATOTNETPRDCT\ServiceCores</parameter>
            <parameter key="DeleteInstances">true</parameter>
            <parameter key="InstrumentationLogging">0</parameter>
        </group>
    </environment>
    <environment key="Level 2 - OUTBWEB00001ATB - ATB Web" remoteDeploymentGroupName="" remoteDeploymentServers="">
        <group key="Queue parameter">
            <parameter key="QueueManager">CGS_2A01</parameter>
            <parameter key="CCDTSourcePath">${InstallDrive}\EAI\CCDT</parameter>
            <parameter key="CCDTFile">ATB.OUT.TAB</parameter>
            <parameter key="ChannelName">OUT.CGS01</parameter>
            <parameter key="MQSeries.hostName">10.195.104.196</parameter>
            <parameter key="MQSeries.port">1414</parameter>
            <parameter key="MQSeries.isServer">FALSE</parameter>
            <parameter key="MQServer.Channel.Cleanup">FALSE</parameter>
            <parameter key="PsiDeploymentStatusEmailAddress">DCRTEnvironments2@ato.gov.au</parameter>
        </group>
        <group key="Application parameter">
            <parameter key="winServiceIdentity">ATOTNETPRDCT\ServiceCores</parameter>
            <parameter key="DeleteInstances">true</parameter>
            <parameter key="InstrumentationLogging">0</parameter>
        </group>
    </environment>
    <environment key="Level 2 - OUTBWEB00001ATM - ATM Web" remoteDeploymentGroupName="" remoteDeploymentServers="">
        <group key="Queue parameter">
            <parameter key="QueueManager">CGS_2_01</parameter>
            <parameter key="CCDTSourcePath">${InstallDrive}\EAI\CCDT</parameter>
            <parameter key="CCDTFile">ATM.OUT.TAB</parameter>
            <parameter key="ChannelName">OUT.CGS01</parameter>
            <parameter key="MQSeries.hostName">10.195.104.252</parameter>
            <parameter key="MQSeries.port">1414</parameter>
            <parameter key="MQSeries.isServer">FALSE</parameter>
            <parameter key="MQServer.Channel.Cleanup">FALSE</parameter>
            <parameter key="PsiDeploymentStatusEmailAddress">DCRTEnvironments2@ato.gov.au</parameter>
        </group>
        <group key="Application parameter">
            <parameter key="winServiceIdentity">ATOTNETPRDCT\ServiceCores</parameter>
            <parameter key="DeleteInstances">true</parameter>
            <parameter key="InstrumentationLogging">0</parameter>
        </group>
    </environment>
    <environment key="Level 3 - OUTBWEB00001PTE - PTE Web" remoteDeploymentGroupName="" remoteDeploymentServers="">
        <group key="Queue parameter">
            <parameter key="QueueManager">CGS_3F01</parameter>
            <parameter key="CCDTSourcePath">${InstallDrive}\EAI\CCDT</parameter>
            <parameter key="CCDTFile">PTE.OUT.TAB</parameter>
            <parameter key="ChannelName">OUT.CGS01</parameter>
            <parameter key="MQSeries.hostName">10.7.12.95</parameter>
            <parameter key="MQSeries.port">1415</parameter>
            <parameter key="MQSeries.isServer">FALSE</parameter>
            <parameter key="MQServer.Channel.Cleanup">FALSE</parameter>
            <parameter key="PsiDeploymentStatusEmailAddress">DCRTEnvironments2@ato.gov.au</parameter>
        </group>
        <group key="Application parameter">
            <parameter key="winServiceIdentity">ATOTNETINTGRT\ServiceCores</parameter>
            <parameter key="DeleteInstances">true</parameter>
            <parameter key="InstrumentationLogging">0</parameter>
        </group>
    </environment>
    <environment key="Level 3 - OBOAWEB00001PTG - PTG Web" remoteDeploymentGroupName="" remoteDeploymentServers="">
        <group key="Queue parameter">
            <parameter key="QueueManager">CGS_C_01</parameter>
            <parameter key="CCDTSourcePath">${InstallDrive}\EAI\CCDT</parameter>
            <parameter key="CCDTFile">PTG.OUT.TAB</parameter>
            <parameter key="ChannelName">OUT.CGS01</parameter>
            <parameter key="MQSeries.hostName">10.7.12.95</parameter>
            <parameter key="MQSeries.port">1416</parameter>
            <parameter key="MQSeries.isServer">FALSE</parameter>
            <parameter key="MQServer.Channel.Cleanup">FALSE</parameter>
            <parameter key="PsiDeploymentStatusEmailAddress">DCRTEnvironments2@ato.gov.au</parameter>
        </group>
        <group key="Application parameter">
            <parameter key="winServiceIdentity">ATOTNETINTGRT\ServiceCores</parameter>
            <parameter key="DeleteInstances">true</parameter>
            <parameter key="InstrumentationLogging">0</parameter>
        </group>
    </environment>
    <environment key="Level 3 - OBOAWEB00002PT - PTH Web" remoteDeploymentGroupName="" remoteDeploymentServers="">
        <group key="Queue parameter">
            <parameter key="QueueManager">CGS_Q_01</parameter>
            <parameter key="CCDTSourcePath">${InstallDrive}\EAI\CCDT</parameter>
            <parameter key="CCDTFile">PTH.OUT.TAB</parameter>
            <parameter key="ChannelName">OUT.CGS01</parameter>
            <parameter key="MQSeries.hostName">10.7.12.95</parameter>
            <parameter key="MQSeries.port">1417</parameter>
            <parameter key="MQSeries.isServer">FALSE</parameter>
            <parameter key="MQServer.Channel.Cleanup">FALSE</parameter>
            <parameter key="PsiDeploymentStatusEmailAddress">DCRTEnvironments2@ato.gov.au</parameter>
        </group>
        <group key="Application parameter">
            <parameter key="winServiceIdentity">ATOTNETINTGRT\ServiceCores</parameter>
            <parameter key="DeleteInstances">true</parameter>
            <parameter key="InstrumentationLogging">0</parameter>
        </group>
    </environment>
    <environment key="Level 3 - OUIXWEB01G3PTI - PTI Web" remoteDeploymentGroupName="" remoteDeploymentServers="">
        <group key="Queue parameter">
            <parameter key="QueueManager">CGS_G_01</parameter>
            <parameter key="CCDTSourcePath">${InstallDrive}\EAI\CCDT</parameter>
            <parameter key="CCDTFile">PTI.OUT.TAB</parameter>
            <parameter key="ChannelName">OUT.CGS01</parameter>
            <parameter key="MQSeries.hostName">10.7.12.95</parameter>
            <parameter key="MQSeries.port">1414</parameter>
            <parameter key="MQSeries.isServer">FALSE</parameter>
            <parameter key="MQServer.Channel.Cleanup">FALSE</parameter>
            <parameter key="PsiDeploymentStatusEmailAddress">DCRTEnvironments2@ato.gov.au</parameter>
        </group>
        <group key="Application parameter">
            <parameter key="winServiceIdentity">ATOTNETINTGRT\ServiceCores</parameter>
            <parameter key="DeleteInstances">true</parameter>
            <parameter key="InstrumentationLogging">0</parameter>
        </group>
    </environment>
    <environment key="Level 3 - OBOAWEB00002PTR - PTR Web" remoteDeploymentGroupName="" remoteDeploymentServers="">
        <group key="Queue parameter">
            <parameter key="QueueManager">CGS_3A01</parameter>
            <parameter key="CCDTSourcePath">${InstallDrive}\EAI\CCDT</parameter>
            <parameter key="CCDTFile">PTR.OUT.TAB</parameter>
            <parameter key="ChannelName">OUT.CGS01</parameter>
            <parameter key="MQSeries.hostName">10.192.16.50</parameter>
            <parameter key="MQSeries.port">1414</parameter>
            <parameter key="MQSeries.isServer">FALSE</parameter>
            <parameter key="MQServer.Channel.Cleanup">FALSE</parameter>
            <parameter key="PsiDeploymentStatusEmailAddress">DCRTEnvironments2@ato.gov.au</parameter>
        </group>
        <group key="Application parameter">
            <parameter key="winServiceIdentity">ATOTNETINTGRT\ServiceCores</parameter>
            <parameter key="DeleteInstances">true</parameter>
            <parameter key="InstrumentationLogging">0</parameter>
        </group>
    </environment>
    <environment key="Level 3 - OBUIWEB00002PT - PTF Web" remoteDeploymentGroupName="" remoteDeploymentServers="">
        <group key="Queue parameter">
            <parameter key="QueueManager">GSUWEB3Q1</parameter>
            <parameter key="CCDTSourcePath">${InstallDrive}\EAI\CCDT</parameter>
            <parameter key="CCDTFile">PTF.OUT.TAB</parameter>
            <parameter key="ChannelName"></parameter>
            <parameter key="MQSeries.hostName"></parameter>
            <parameter key="MQSeries.port"></parameter>
            <parameter key="MQSeries.isServer">TRUE</parameter>
            <parameter key="MQServer.Channel.Cleanup">TRUE</parameter>
            <parameter key="PsiDeploymentStatusEmailAddress">DCRTEnvironments2@ato.gov.au</parameter>
        </group>
        <group key="Application parameter">
            <parameter key="winServiceIdentity">ATOTNETINTGRT\ServiceCores</parameter>
            <parameter key="DeleteInstances">true</parameter>
            <parameter key="InstrumentationLogging">0</parameter>
        </group>
    </environment>
    <environment key="Level 3 - OUTBWEB00005PTA - PTA Web" remoteDeploymentGroupName="" remoteDeploymentServers="">
        <group key="Queue parameter">
            <parameter key="QueueManager">CGS_3C01</parameter>
            <parameter key="CCDTSourcePath">${InstallDrive}\EAI\CCDT</parameter>
            <parameter key="CCDTFile">PTA.OUT.TAB</parameter>
            <parameter key="ChannelName">OUT.CGS01</parameter>
            <parameter key="MQSeries.hostName">10.195.112.35</parameter>
            <parameter key="MQSeries.port">1414</parameter>
            <parameter key="MQSeries.isServer">FALSE</parameter>
            <parameter key="MQServer.Channel.Cleanup">FALSE</parameter>
            <parameter key="PsiDeploymentStatusEmailAddress">DCRTEnvironments2@ato.gov.au</parameter>
        </group>
        <group key="Application parameter">
            <parameter key="winServiceIdentity">ATOTNETINTGRT\ServiceCores</parameter>
            <parameter key="DeleteInstances">true</parameter>
            <parameter key="InstrumentationLogging">0</parameter>
        </group>
    </environment>
    <environment key="Level 3 - OUTBWEB00001PTB - PTB Web Node 1" remoteDeploymentGroupName="" remoteDeploymentServers="">
        <group key="Queue parameter">
            <parameter key="QueueManager">CGS_3G01</parameter>
            <parameter key="CCDTSourcePath">${InstallDrive}\EAI\CCDT</parameter>
            <parameter key="CCDTFile">PTB.OUT.TAB</parameter>
            <parameter key="ChannelName">OUT.CGS01</parameter>
            <parameter key="MQSeries.hostName">10.195.112.90</parameter>
            <parameter key="MQSeries.port">1414</parameter>
            <parameter key="MQSeries.isServer">FALSE</parameter>
            <parameter key="MQServer.Channel.Cleanup">FALSE</parameter>
            <parameter key="PsiDeploymentStatusEmailAddress">DCRTEnvironments2@ato.gov.au</parameter>
        </group>
        <group key="Application parameter">
            <parameter key="winServiceIdentity">ATOTNETINTGRT\ServiceCores</parameter>
            <parameter key="DeleteInstances">true</parameter>
            <parameter key="InstrumentationLogging">0</parameter>
        </group>
    </environment>
    <environment key="Level 3 - OUTBWEB00002PTB - PTB Web Node 2" remoteDeploymentGroupName="" remoteDeploymentServers="">
        <group key="Queue parameter">
            <parameter key="QueueManager">CGS_3G01</parameter>
            <parameter key="CCDTSourcePath">${InstallDrive}\EAI\CCDT</parameter>
            <parameter key="CCDTFile">PTB.OUT.TAB</parameter>
            <parameter key="ChannelName">OUT.CGS01</parameter>
            <parameter key="MQSeries.hostName">10.195.112.90</parameter>
            <parameter key="MQSeries.port">1414</parameter>
            <parameter key="MQSeries.isServer">FALSE</parameter>
            <parameter key="MQServer.Channel.Cleanup">FALSE</parameter>
            <parameter key="PsiDeploymentStatusEmailAddress">DCRTEnvironments2@ato.gov.au</parameter>
        </group>
        <group key="Application parameter">
            <parameter key="winServiceIdentity">ATOTNETINTGRT\ServiceCores</parameter>
            <parameter key="DeleteInstances">true</parameter>
            <parameter key="InstrumentationLogging">0</parameter>
        </group>
    </environment>
    <environment key="Level 3 - OUTBWEB00001PTM - PTM" remoteDeploymentGroupName="" remoteDeploymentServers="">
        <group key="Queue parameter">
            <parameter key="QueueManager">CGS_3N01</parameter>
            <parameter key="CCDTSourcePath">${InstallDrive}\EAI\CCDT</parameter>
            <parameter key="CCDTFile">PTM.OUT.TAB</parameter>
            <parameter key="ChannelName">OUT.CGS01</parameter>
            <parameter key="MQSeries.hostName">10.195.112.117</parameter>
            <parameter key="MQSeries.port">1414</parameter>
            <parameter key="MQSeries.isServer">FALSE</parameter>
            <parameter key="MQServer.Channel.Cleanup">FALSE</parameter>
            <parameter key="PsiDeploymentStatusEmailAddress">DCRTEnvironments2@ato.gov.au</parameter>
        </group>
        <group key="Application parameter">
            <parameter key="winServiceIdentity">ATOTNETINTGRT\ServiceCores</parameter>
            <parameter key="DeleteInstances">true</parameter>
            <parameter key="InstrumentationLogging">0</parameter>
        </group>
    </environment>
    <environment key="Level 3 - OUTBWEB00001PTW - PTW Web Node 1" remoteDeploymentGroupName="" remoteDeploymentServers="">
        <group key="Queue parameter">
            <parameter key="QueueManager">CGS_3I01</parameter>
            <parameter key="CCDTSourcePath">${InstallDrive}\EAI\CCDT</parameter>
            <parameter key="CCDTFile">PTW.OUT.TAB</parameter>
            <parameter key="ChannelName">OUT.CGS01</parameter>
            <parameter key="MQSeries.hostName">10.192.71.69</parameter>
            <parameter key="MQSeries.port">1414</parameter>
            <parameter key="MQSeries.isServer">FALSE</parameter>
            <parameter key="MQServer.Channel.Cleanup">FALSE</parameter>
            <parameter key="PsiDeploymentStatusEmailAddress">DCRTEnvironments2@ato.gov.au</parameter>
        </group>
        <group key="Application parameter">
            <parameter key="winServiceIdentity">ATOTNETINTGRT\ServiceCores</parameter>
            <parameter key="DeleteInstances">true</parameter>
            <parameter key="InstrumentationLogging">0</parameter>
        </group>
    </environment>
    <environment key="Level 3 - OUTBWEB00002PTW - PTW Web Node 2" remoteDeploymentGroupName="" remoteDeploymentServers="">
        <group key="Queue parameter">
            <parameter key="QueueManager">CGS_3I01</parameter>
            <parameter key="CCDTSourcePath">${InstallDrive}\EAI\CCDT</parameter>
            <parameter key="CCDTFile">PTW.OUT.TAB</parameter>
            <parameter key="ChannelName">OUT.CGS01</parameter>
            <parameter key="MQSeries.hostName">10.192.71.69</parameter>
            <parameter key="MQSeries.port">1414</parameter>
            <parameter key="MQSeries.isServer">FALSE</parameter>
            <parameter key="MQServer.Channel.Cleanup">FALSE</parameter>
            <parameter key="PsiDeploymentStatusEmailAddress">DCRTEnvironments2@ato.gov.au</parameter>
        </group>
        <group key="Application parameter">
            <parameter key="winServiceIdentity">ATOTNETINTGRT\ServiceCores</parameter>
            <parameter key="DeleteInstances">true</parameter>
            <parameter key="InstrumentationLogging">0</parameter>
        </group>
    </environment>
    <environment key="Level 4 - SYD02I260UV, NEW02I260UV - UATI" remoteDeploymentGroupName="" remoteDeploymentServers="">
        <group key="Queue parameter">
            <parameter key="QueueManager">CGS_8_01</parameter>
            <parameter key="CCDTSourcePath">${InstallDrive}\EAI\CCDT</parameter>
            <parameter key="CCDTFile">UATI.OUT.TAB</parameter>
            <parameter key="ChannelName">OUT.CGS01</parameter>
            <parameter key="MQSeries.hostName">10.6.156.227</parameter>
            <parameter key="MQSeries.port">1414</parameter>
            <parameter key="MQSeries.isServer">FALSE</parameter>
            <parameter key="MQServer.Channel.Cleanup">FALSE</parameter>
            <parameter key="PsiDeploymentStatusEmailAddress">DCRTEnvironments2@ato.gov.au</parameter>
        </group>
        <group key="Application parameter">
            <parameter key="winServiceIdentity">ATOQNETUAT\ServiceCores</parameter>
            <parameter key="DeleteInstances"></parameter>
            <parameter key="InstrumentationLogging"></parameter>
        </group>
    </environment>
    <environment key="Level 4 - OBOAWEB00001UAK - UATK" remoteDeploymentGroupName="" remoteDeploymentServers="">
        <group key="Queue parameter">
            <parameter key="QueueManager">CGS_9_01</parameter>
            <parameter key="CCDTSourcePath">${InstallDrive}\EAI\CCDT</parameter>
            <parameter key="CCDTFile">UATK.OUT.TAB</parameter>
            <parameter key="ChannelName">OUT.CGS01</parameter>
            <parameter key="MQSeries.hostName">10.6.136.49</parameter>
            <parameter key="MQSeries.port">1414</parameter>
            <parameter key="MQSeries.isServer">FALSE</parameter>
            <parameter key="MQServer.Channel.Cleanup">FALSE</parameter>
            <parameter key="PsiDeploymentStatusEmailAddress">DCRTEnvironments2@ato.gov.au</parameter>
        </group>
        <group key="Application parameter">
            <parameter key="winServiceIdentity">ATOQNETUAT\ServiceCores</parameter>
            <parameter key="DeleteInstances"></parameter>
            <parameter key="InstrumentationLogging"></parameter>
        </group>
    </environment>
    <environment key="Level 4 - OUIXWEB01G4UCTC - UCTC" remoteDeploymentGroupName="" remoteDeploymentServers="">
        <group key="Queue parameter">
            <parameter key="QueueManager">CGS_B_01</parameter>
            <parameter key="CCDTSourcePath">${InstallDrive}\EAI\CCDT</parameter>
            <parameter key="CCDTFile">UCTC.OUT.TAB</parameter>
            <parameter key="ChannelName">OUT.CGS01</parameter>
            <parameter key="MQSeries.hostName">10.6.136.49</parameter>
            <parameter key="MQSeries.port">1415</parameter>
            <parameter key="MQSeries.isServer">FALSE</parameter>
            <parameter key="MQServer.Channel.Cleanup">FALSE</parameter>
            <parameter key="PsiDeploymentStatusEmailAddress">DCRTEnvironments2@ato.gov.au</parameter>
        </group>
        <group key="Application parameter">
            <parameter key="winServiceIdentity">ATOQNETUAT\ServiceCores</parameter>
            <parameter key="DeleteInstances"></parameter>
            <parameter key="InstrumentationLogging"></parameter>
        </group>
    </environment>
    <environment key="Level 4 - OBOAWEB00001UCD - UCTD" remoteDeploymentGroupName="" remoteDeploymentServers="">
        <group key="Queue parameter">
            <parameter key="QueueManager">CGS_R_01</parameter>
            <parameter key="CCDTSourcePath">${InstallDrive}\EAI\CCDT</parameter>
            <parameter key="CCDTFile">UCTD.OUT.TAB</parameter>
            <parameter key="ChannelName">OUT.CGS01</parameter>
            <parameter key="MQSeries.hostName">10.6.156.201</parameter>
            <parameter key="MQSeries.port">1414</parameter>
            <parameter key="MQSeries.isServer">FALSE</parameter>
            <parameter key="MQServer.Channel.Cleanup">FALSE</parameter>
            <parameter key="PsiDeploymentStatusEmailAddress">DCRTEnvironments2@ato.gov.au</parameter>
        </group>
        <group key="Application parameter">
            <parameter key="winServiceIdentity">ATOQNETUAT\ServiceCores</parameter>
            <parameter key="DeleteInstances"></parameter>
            <parameter key="InstrumentationLogging"></parameter>
        </group>
    </environment>
    <environment key="Level 3 - SYD02I193UV, NEW02I193UV - EFIX" remoteDeploymentGroupName="" remoteDeploymentServers="">
        <group key="Queue parameter">
            <parameter key="QueueManager">CGS_X_01</parameter>
            <parameter key="CCDTSourcePath">${InstallDrive}\EAI\CCDT</parameter>
            <parameter key="CCDTFile">EFIX.OUT.TAB</parameter>
            <parameter key="ChannelName">OUT.CGS01</parameter>
            <parameter key="MQSeries.hostName">10.6.156.201</parameter>
            <parameter key="MQSeries.port">1415</parameter>
            <parameter key="MQSeries.isServer">FALSE</parameter>
            <parameter key="MQServer.Channel.Cleanup">FALSE</parameter>
            <parameter key="PsiDeploymentStatusEmailAddress">DCRTEnvironments2@ato.gov.au</parameter>
        </group>
        <group key="Application parameter">
            <parameter key="winServiceIdentity">ATOQNETUAT\ServiceCores</parameter>
            <parameter key="DeleteInstances">true</parameter>
            <parameter key="InstrumentationLogging">0</parameter>
        </group>
    </environment>
    <environment key="Level 3 - SYD02I194UP, NEW02I194UP - EFIX" remoteDeploymentGroupName="" remoteDeploymentServers="">
        <group key="Queue parameter">
            <parameter key="QueueManager">CGS_X_02</parameter>
            <parameter key="CCDTSourcePath">${InstallDrive}\EAI\CCDT</parameter>
            <parameter key="CCDTFile">EFIX.OUT.TAB</parameter>
            <parameter key="ChannelName">OUT.CGS02</parameter>
            <parameter key="MQSeries.hostName">10.6.156.202</parameter>
            <parameter key="MQSeries.port">1415</parameter>
            <parameter key="MQSeries.isServer">FALSE</parameter>
            <parameter key="MQServer.Channel.Cleanup">FALSE</parameter>
            <parameter key="PsiDeploymentStatusEmailAddress">DCRTEnvironments2@ato.gov.au</parameter>
        </group>
        <group key="Application parameter">
            <parameter key="winServiceIdentity">ATOQNETUAT\ServiceCores</parameter>
            <parameter key="DeleteInstances">true</parameter>
            <parameter key="InstrumentationLogging">0</parameter>
        </group>
    </environment>
    <environment key="Level 4 - OUTCWEBA1APPRFB, NEWCWEBA1APPRFB - PRFB" remoteDeploymentGroupName="" remoteDeploymentServers="">
        <group key="Queue parameter">
            <parameter key="QueueManager">CGS_W_01</parameter>
            <parameter key="CCDTSourcePath">${InstallDrive}\EAI\CCDT</parameter>
            <parameter key="CCDTFile">PRFB.OUT.TAB</parameter>
            <parameter key="ChannelName">OUT.CGS01</parameter>
            <parameter key="MQSeries.hostName">10.6.144.153</parameter>
            <parameter key="MQSeries.port">1414</parameter>
            <parameter key="MQSeries.isServer">FALSE</parameter>
            <parameter key="MQServer.Channel.Cleanup">FALSE</parameter>
            <parameter key="PsiDeploymentStatusEmailAddress">DCRTEnvironments2@ato.gov.au</parameter>
        </group>
        <group key="Application parameter">
            <parameter key="winServiceIdentity">ATOQNETPERF\ServiceCores</parameter>
            <parameter key="DeleteInstances">true</parameter>
            <parameter key="InstrumentationLogging">0</parameter>
        </group>
    </environment>
    <environment key="Level 4 - OUTCWEBA2APPRFB, NEWCWEBA2APPRFB - PRFB" remoteDeploymentGroupName="" remoteDeploymentServers="">
        <group key="Queue parameter">
            <parameter key="QueueManager">CGS_W_02</parameter>
            <parameter key="CCDTSourcePath">${InstallDrive}\EAI\CCDT</parameter>
            <parameter key="CCDTFile">PRFB.OUT.TAB</parameter>
            <parameter key="ChannelName">OUT.CGS02</parameter>
            <parameter key="MQSeries.hostName">10.10.161.37</parameter>
            <parameter key="MQSeries.port">1414</parameter>
            <parameter key="MQSeries.isServer">FALSE</parameter>
            <parameter key="MQServer.Channel.Cleanup">FALSE</parameter>
            <parameter key="PsiDeploymentStatusEmailAddress">DCRTEnvironments2@ato.gov.au</parameter>
        </group>
        <group key="Application parameter">
            <parameter key="winServiceIdentity">ATOQNETPERF\ServiceCores</parameter>
            <parameter key="DeleteInstances">true</parameter>
            <parameter key="InstrumentationLogging">0</parameter>
        </group>
    </environment>
    <environment key="Level 4 - SYD02I537LV, NEW02I537LV - PRFE" remoteDeploymentGroupName="" remoteDeploymentServers="">
        <group key="Queue parameter">
            <parameter key="QueueManager">CGS_U_01</parameter>
            <parameter key="CCDTSourcePath">${InstallDrive}\EAI\CCDT</parameter>
            <parameter key="CCDTFile">PRFE.OUT.TAB</parameter>
            <parameter key="ChannelName">OUT.CGS01</parameter>
            <parameter key="MQSeries.hostName">10.6.144.155</parameter>
            <parameter key="MQSeries.port">1414</parameter>
            <parameter key="MQSeries.isServer">FALSE</parameter>
            <parameter key="MQServer.Channel.Cleanup">FALSE</parameter>
            <parameter key="PsiDeploymentStatusEmailAddress">DCRTEnvironments2@ato.gov.au</parameter>
        </group>
        <group key="Application parameter">
            <parameter key="winServiceIdentity">ATOQNETPERF\ServiceCores</parameter>
            <parameter key="DeleteInstances">true</parameter>
            <parameter key="InstrumentationLogging">0</parameter>
        </group>
    </environment>
    <environment key="Level 4 - SYD02I538LV, NEW02I538LV - PRFE" remoteDeploymentGroupName="" remoteDeploymentServers="">
        <group key="Queue parameter">
            <parameter key="QueueManager">CGS_U_02</parameter>
            <parameter key="CCDTSourcePath">${InstallDrive}\EAI\CCDT</parameter>
            <parameter key="CCDTFile">PRFE.OUT.TAB</parameter>
            <parameter key="ChannelName">OUT.CGS02</parameter>
            <parameter key="MQSeries.hostName">10.10.161.44</parameter>
            <parameter key="MQSeries.port">1414</parameter>
            <parameter key="MQSeries.isServer">FALSE</parameter>
            <parameter key="MQServer.Channel.Cleanup">FALSE</parameter>
            <parameter key="PsiDeploymentStatusEmailAddress">DCRTEnvironments2@ato.gov.au</parameter>
        </group>
        <group key="Application parameter">
            <parameter key="winServiceIdentity">ATOQNETPERF\ServiceCores</parameter>
            <parameter key="DeleteInstances">true</parameter>
            <parameter key="InstrumentationLogging">0</parameter>
        </group>
    </environment>
    <environment key="Level 4 - OTBDWEBA1GPPRFG - PRFG" remoteDeploymentGroupName="" remoteDeploymentServers="">
        <group key="Queue parameter">
            <parameter key="QueueManager">CGS_S_01</parameter>
            <parameter key="CCDTSourcePath">${InstallDrive}\EAI\CCDT</parameter>
            <parameter key="CCDTFile">PRFG.OUT.TAB</parameter>
            <parameter key="ChannelName">OUT.CGS01</parameter>
            <parameter key="MQSeries.hostName">10.10.160.203</parameter>
            <parameter key="MQSeries.port">1414</parameter>
            <parameter key="MQSeries.isServer">FALSE</parameter>
            <parameter key="MQServer.Channel.Cleanup">FALSE</parameter>
            <parameter key="PsiDeploymentStatusEmailAddress">DCRTEnvironments2@ato.gov.au</parameter>
        </group>
        <group key="Application parameter">
            <parameter key="winServiceIdentity">ATOQNETPERF\ServiceCores</parameter>
            <parameter key="DeleteInstances">true</parameter>
            <parameter key="InstrumentationLogging">0</parameter>
        </group>
    </environment>
    <environment key="Level 4 - OTBDWEBA2GPPRFG - PRFG" remoteDeploymentGroupName="" remoteDeploymentServers="">
        <group key="Queue parameter">
            <parameter key="QueueManager">CGS_S_02</parameter>
            <parameter key="CCDTSourcePath">${InstallDrive}\EAI\CCDT</parameter>
            <parameter key="CCDTFile">PRFG.OUT.TAB</parameter>
            <parameter key="ChannelName">OUT.CGS02</parameter>
            <parameter key="MQSeries.hostName">10.10.160.204</parameter>
            <parameter key="MQSeries.port">1414</parameter>
            <parameter key="MQSeries.isServer">FALSE</parameter>
            <parameter key="MQServer.Channel.Cleanup">FALSE</parameter>
            <parameter key="PsiDeploymentStatusEmailAddress">DCRTEnvironments2@ato.gov.au</parameter>
        </group>
        <group key="Application parameter">
            <parameter key="winServiceIdentity">ATOQNETPERF\ServiceCores</parameter>
            <parameter key="DeleteInstances">true</parameter>
            <parameter key="InstrumentationLogging">0</parameter>
        </group>
    </environment>
    <environment key="Level 5 - SYD02I404PV, NEW02I404PV - PROD (1 of 3)" remoteDeploymentGroupName="" remoteDeploymentServers="">
        <group key="Queue parameter">
            <parameter key="QueueManager">CGS_P_01</parameter>
            <parameter key="CCDTSourcePath">${InstallDrive}\EAI\CCDT</parameter>
            <parameter key="CCDTFile">PROD.OUT.TAB</parameter>
            <parameter key="ChannelName">OUT.CGS01</parameter>
            <parameter key="MQSeries.hostName">10.10.8.116</parameter>
            <parameter key="MQSeries.port">1414</parameter>
            <parameter key="MQSeries.isServer">FALSE</parameter>
            <parameter key="MQServer.Channel.Cleanup">FALSE</parameter>
            <parameter key="PsiDeploymentStatusEmailAddress">DCRTEnvironments2@ato.gov.au</parameter>
        </group>
        <group key="Application parameter">
            <parameter key="winServiceIdentity">ATONET\ServiceCores</parameter>
            <parameter key="DeleteInstances">true</parameter>
            <parameter key="InstrumentationLogging">0</parameter>
        </group>
    </environment>
    <environment key="Level 5 - SYD02I405PV, NEW02I405PV - PROD (2 of 3)" remoteDeploymentGroupName="" remoteDeploymentServers="">
        <group key="Queue parameter">
            <parameter key="QueueManager">CGS_P_02</parameter>
            <parameter key="CCDTSourcePath">${InstallDrive}\EAI\CCDT</parameter>
            <parameter key="CCDTFile">PROD.OUT.TAB</parameter>
            <parameter key="ChannelName">OUT.CGS02</parameter>
            <parameter key="MQSeries.hostName">10.10.8.117</parameter>
            <parameter key="MQSeries.port">1414</parameter>
            <parameter key="MQSeries.isServer">FALSE</parameter>
            <parameter key="MQServer.Channel.Cleanup">FALSE</parameter>
            <parameter key="PsiDeploymentStatusEmailAddress">DCRTEnvironments2@ato.gov.au</parameter>
        </group>
        <group key="Application parameter">
            <parameter key="winServiceIdentity">ATONET\ServiceCores</parameter>
            <parameter key="DeleteInstances">true</parameter>
            <parameter key="InstrumentationLogging">0</parameter>
        </group>
    </environment>
    <environment key="Level 5 - SYD02I677PV, NEW02I677PV - PROD (3 of 3)" remoteDeploymentGroupName="" remoteDeploymentServers="">
        <group key="Queue parameter">
            <parameter key="QueueManager">CGS_P_03</parameter>
            <parameter key="CCDTSourcePath">${InstallDrive}\EAI\CCDT</parameter>
            <parameter key="CCDTFile">PROD.OUT.TAB</parameter>
            <parameter key="ChannelName">OUT.CGS03</parameter>
            <parameter key="MQSeries.hostName">10.6.3.90</parameter>
            <parameter key="MQSeries.port">1414</parameter>
            <parameter key="MQSeries.isServer">FALSE</parameter>
            <parameter key="MQServer.Channel.Cleanup">FALSE</parameter>
            <parameter key="PsiDeploymentStatusEmailAddress">DCRTEnvironments2@ato.gov.au</parameter>
        </group>
        <group key="Application parameter">
            <parameter key="winServiceIdentity">ATONET\ServiceCores</parameter>
            <parameter key="DeleteInstances">true</parameter>
            <parameter key="InstrumentationLogging">0</parameter>
        </group>
    </environment>
</environments>
