<?xml version="1.0"?>
<configuration>
  <configurationChanges>
    <configurationChange>
      <file>${TargetDir}\DCS.Logging.Services.DCSLogger\DCS.Logging.Services.DCSLogger.dll.config</file>
      <nodeChanges>
        <nodeChange action="update">
          <xpath>/configuration/appSettings/add[@key='LogFilePath']/@value</xpath>
          <value>${LogFilePath}</value>
        </nodeChange>
        <nodeChange action="update">
          <xpath>/configuration/appSettings/add[@key='serilog:write-to:File.path']/@value</xpath>
          <value>${LogFilePath}</value>
        </nodeChange>
	      <nodeChange action="update">
	        <xpath>/configuration/appSettings/add[@key='Environment']/@value</xpath>
	        <value>${Environment}</value>
        </nodeChange>
		    <nodeChange action="update">
	        <xpath>/configuration/appSettings/add[@key='EventLogServiceName']/@value</xpath>
	        <value>${EventLogServiceName}</value>
        </nodeChange>
        <nodeChange action="update">
	        <xpath>/configuration/appSettings/add[@key='serilog:write-to:EventLog.source']/@value</xpath>
	        <value>${EventLogServiceName}</value>
        </nodeChange>
        <nodeChange action="update">
          <xpath>/configuration/appSettings/add[@key='RESTAPIPort']/@value</xpath>
          <value>${RESTAPIPort}</value>
        </nodeChange>
        <nodeChange action="update">
          <xpath>/configuration/appSettings/add[@key='UseCertificateForSSL']/@value</xpath>
          <value>${UseCertificateForSSL}</value>
        </nodeChange>
        <nodeChange action="update">
          <xpath>/configuration/appSettings/add[@key='CertificateSubject']/@value</xpath>
          <value>${CertificateSubject}</value>
        </nodeChange>		
      </nodeChanges>
    </configurationChange>
  </configurationChanges>
</configuration>
