<?xml version="1.0" encoding="utf-8"?>
<!-- ******************************************************* -->
<!-- !!!!! NEVER UPDATE THIS ENVIRONMENT FILE DIRECTLY !!!!! -->
<!--                                                         -->
<!-- ALWAYS use the Excel environment file editor to update  -->
<!-- and then generate the environment file.                 -->
<!-- ******************************************************* -->
<environments applicationName="Logger" roleName="Logger=WinSvc" securityCode="686">
    <environment key="Cloud - MyMachine - Default" remoteDeploymentGroupName="" remoteDeploymentServers="">
        <group key="Deployment">
            <parameter key="LogFilePath"></parameter>
            <parameter key="RESTAPIPort"></parameter>
        </group>
        <group key="General">
            <parameter key="LegacyEnv"></parameter>
            <parameter key="Environment">${LegacyEnv}</parameter>
            <parameter key="Level"></parameter>
            <parameter key="winServiceIdentity"></parameter>
            <parameter key="ScheduledTaskIdentity">${winServiceIdentity}</parameter>
            <parameter key="Create_ScheduledTask">TRUE</parameter>
            <parameter key="EventLogServiceName">ATO.DCS.${InstanceKey}.Logging.Services.DCSLogger</parameter>
            <parameter key="UseCertificateForSSL">true</parameter>
            <parameter key="CertificateSubject">dcs devtest atohdtnet ${Level} Level Certificate</parameter>
            <parameter key="Domain"></parameter>
        </group>
        <instance key="DEA">
            <parameter key="LogFilePath">\\fileshareDT.dcs.devtest.atohdtnet.gov.au\DE\${Environment}\ServiceLogs\logging.dcslogger-.log</parameter>
            <parameter key="RESTAPIPort">27001</parameter>
            <parameter key="Environment">DEA</parameter>
            <parameter key="Level">DE</parameter>
            <parameter key="winServiceIdentity">DEVTEST\SVC_DCSCORRES_DE</parameter>
            <parameter key="Domain">devtest.atohdtnet.gov.au</parameter>
        </instance>
        <instance key="DEB">
            <parameter key="LogFilePath">\\fileshareDT.dcs.devtest.atohdtnet.gov.au\DE\${Environment}\ServiceLogs\logging.dcslogger-.log</parameter>
            <parameter key="RESTAPIPort">27002</parameter>
            <parameter key="Environment">DEB</parameter>
            <parameter key="Level">DE</parameter>
            <parameter key="winServiceIdentity">DEVTEST\SVC_DCSCORRES_DE</parameter>
            <parameter key="Domain">devtest.atohdtnet.gov.au</parameter>
        </instance>
        <instance key="DEE">
            <parameter key="LogFilePath">\\fileshareDT.dcs.devtest.atohdtnet.gov.au\DE\${Environment}\ServiceLogs\logging.dcslogger-.log</parameter>
            <parameter key="RESTAPIPort">27005</parameter>
            <parameter key="Environment">DEE</parameter>
            <parameter key="Level">DE</parameter>
            <parameter key="winServiceIdentity">DEVTEST\SVC_DCSCORRES_DE</parameter>
            <parameter key="Domain">devtest.atohdtnet.gov.au</parameter>
        </instance>
        <instance key="DEH">
            <parameter key="LogFilePath">\\fileshareDT.dcs.devtest.atohdtnet.gov.au\DE\${Environment}\ServiceLogs\logging.dcslogger-.log</parameter>
            <parameter key="RESTAPIPort">27008</parameter>
            <parameter key="Environment">DEH</parameter>
            <parameter key="Level">DE</parameter>
            <parameter key="winServiceIdentity">DEVTEST\SVC_DCSCORRES_DE</parameter>
            <parameter key="Domain">devtest.atohdtnet.gov.au</parameter>
        </instance>
        <instance key="DEK">
            <parameter key="LogFilePath">\\fileshareDT.dcs.devtest.atohdtnet.gov.au\DE\${Environment}\ServiceLogs\logging.dcslogger-.log</parameter>
            <parameter key="RESTAPIPort">27011</parameter>
            <parameter key="Environment">DEK</parameter>
            <parameter key="Level">DE</parameter>
            <parameter key="winServiceIdentity">DEVTEST\SVC_DCSCORRES_DE</parameter>
            <parameter key="Domain">devtest.atohdtnet.gov.au</parameter>
        </instance>
        <instance key="DEM">
            <parameter key="LogFilePath">\\fileshareDT.dcs.devtest.atohdtnet.gov.au\DE\${Environment}\ServiceLogs\logging.dcslogger-.log</parameter>
            <parameter key="RESTAPIPort">27013</parameter>
            <parameter key="Environment">DEM</parameter>
            <parameter key="Level">DE</parameter>
            <parameter key="winServiceIdentity">DEVTEST\SVC_DCSCORRES_DE</parameter>
            <parameter key="Domain">devtest.atohdtnet.gov.au</parameter>
        </instance>
        <instance key="DEQ">
            <parameter key="LogFilePath">\\fileshareDT.dcs.devtest.atohdtnet.gov.au\DE\${Environment}\ServiceLogs\logging.dcslogger-.log</parameter>
            <parameter key="RESTAPIPort">27017</parameter>
            <parameter key="Environment">DEQ</parameter>
            <parameter key="Level">DE</parameter>
            <parameter key="winServiceIdentity">DEVTEST\SVC_DCSCORRES_DE</parameter>
            <parameter key="Domain">devtest.atohdtnet.gov.au</parameter>
        </instance>
        <instance key="DEW">
            <parameter key="LogFilePath">\\fileshareDT.dcs.devtest.atohdtnet.gov.au\DE\${Environment}\ServiceLogs\logging.dcslogger-.log</parameter>
            <parameter key="RESTAPIPort">27023</parameter>
            <parameter key="Environment">DEW</parameter>
            <parameter key="Level">DE</parameter>
            <parameter key="winServiceIdentity">DEVTEST\SVC_DCSCORRES_DE</parameter>
            <parameter key="Domain">devtest.atohdtnet.gov.au</parameter>
        </instance>
        <instance key="ATA">
            <parameter key="LogFilePath">\\fileshareDT.dcs.devtest.atohdtnet.gov.au\AT\${Environment}\ServiceLogs\logging.dcslogger-.log</parameter>
            <parameter key="RESTAPIPort">27101</parameter>
            <parameter key="Environment">ATA</parameter>
            <parameter key="Level">AT</parameter>
            <parameter key="winServiceIdentity">DEVTEST\SVC_DCSCORRES_AT</parameter>
            <parameter key="Domain">devtest.atohdtnet.gov.au</parameter>
        </instance>
        <instance key="ATB">
            <parameter key="LogFilePath">\\fileshareDT.dcs.devtest.atohdtnet.gov.au\AT\${Environment}\ServiceLogs\logging.dcslogger-.log</parameter>
            <parameter key="RESTAPIPort">27102</parameter>
            <parameter key="Environment">ATB</parameter>
            <parameter key="Level">AT</parameter>
            <parameter key="winServiceIdentity">DEVTEST\SVC_DCSCORRES_AT</parameter>
            <parameter key="Domain">devtest.atohdtnet.gov.au</parameter>
        </instance>
        <instance key="ATG">
            <parameter key="LogFilePath">\\fileshareDT.dcs.devtest.atohdtnet.gov.au\AT\${Environment}\ServiceLogs\logging.dcslogger-.log</parameter>
            <parameter key="RESTAPIPort">27107</parameter>
            <parameter key="Environment">ATG</parameter>
            <parameter key="Level">AT</parameter>
            <parameter key="winServiceIdentity">DEVTEST\SVC_DCSCORRES_AT</parameter>
            <parameter key="Domain">devtest.atohdtnet.gov.au</parameter>
        </instance>
        <instance key="ATH">
            <parameter key="LogFilePath">\\fileshareDT.dcs.devtest.atohdtnet.gov.au\AT\${Environment}\ServiceLogs\logging.dcslogger-.log</parameter>
            <parameter key="RESTAPIPort">27108</parameter>
            <parameter key="Environment">ATH</parameter>
            <parameter key="Level">AT</parameter>
            <parameter key="winServiceIdentity">DEVTEST\SVC_DCSCORRES_AT</parameter>
            <parameter key="Domain">devtest.atohdtnet.gov.au</parameter>
        </instance>
        <instance key="ATL">
            <parameter key="LogFilePath">\\fileshareDT.dcs.devtest.atohdtnet.gov.au\AT\${Environment}\ServiceLogs\logging.dcslogger-.log</parameter>
            <parameter key="RESTAPIPort">27112</parameter>
            <parameter key="Environment">ATL</parameter>
            <parameter key="Level">AT</parameter>
            <parameter key="winServiceIdentity">DEVTEST\SVC_DCSCORRES_AT</parameter>
            <parameter key="Domain">devtest.atohdtnet.gov.au</parameter>
        </instance>
        <instance key="ATM">
            <parameter key="LogFilePath">\\fileshareDT.dcs.devtest.atohdtnet.gov.au\AT\${Environment}\ServiceLogs\logging.dcslogger-.log</parameter>
            <parameter key="RESTAPIPort">27113</parameter>
            <parameter key="Environment">ATM</parameter>
            <parameter key="Level">AT</parameter>
            <parameter key="winServiceIdentity">DEVTEST\SVC_DCSCORRES_AT</parameter>
            <parameter key="Domain">devtest.atohdtnet.gov.au</parameter>
        </instance>
        <instance key="ATN">
            <parameter key="LogFilePath">\\fileshareDT.dcs.devtest.atohdtnet.gov.au\AT\${Environment}\ServiceLogs\logging.dcslogger-.log</parameter>
            <parameter key="RESTAPIPort">27114</parameter>
            <parameter key="Environment">ATN</parameter>
            <parameter key="Level">AT</parameter>
            <parameter key="winServiceIdentity">DEVTEST\SVC_DCSCORRES_AT</parameter>
            <parameter key="Domain">devtest.atohdtnet.gov.au</parameter>
        </instance>
        <instance key="ATJ">
            <parameter key="LogFilePath">\\fileshareDT.dcs.devtest.atohdtnet.gov.au\AT\${Environment}\ServiceLogs\logging.dcslogger-.log</parameter>
            <parameter key="RESTAPIPort">27110</parameter>
            <parameter key="Environment">ATJ</parameter>
            <parameter key="Level">AT</parameter>
            <parameter key="winServiceIdentity">DEVTEST\SVC_DCSCORRES_AT</parameter>
            <parameter key="Domain">devtest.atohdtnet.gov.au</parameter>
        </instance>
        <instance key="ATQ">
            <parameter key="LogFilePath">\\fileshareDT.dcs.devtest.atohdtnet.gov.au\AT\${Environment}\ServiceLogs\logging.dcslogger-.log</parameter>
            <parameter key="RESTAPIPort">27117</parameter>
            <parameter key="Environment">ATQ</parameter>
            <parameter key="Level">AT</parameter>
            <parameter key="winServiceIdentity">DEVTEST\SVC_DCSCORRES_AT</parameter>
            <parameter key="Domain">devtest.atohdtnet.gov.au</parameter>
        </instance>
        <instance key="PTA">
            <parameter key="LogFilePath">\\fileshareDT.dcs.devtest.atohdtnet.gov.au\PT\${Environment}\ServiceLogs\logging.dcslogger-.log</parameter>
            <parameter key="RESTAPIPort">27201</parameter>
            <parameter key="Environment">PTA</parameter>
            <parameter key="Level">PT</parameter>
            <parameter key="winServiceIdentity">DEVTEST\SVC_DCSCORRES_PT</parameter>
            <parameter key="Domain">devtest.atohdtnet.gov.au</parameter>
        </instance>
        <instance key="PTB">
            <parameter key="LogFilePath">\\fileshareDT.dcs.devtest.atohdtnet.gov.au\PT\${Environment}\ServiceLogs\logging.dcslogger-.log</parameter>
            <parameter key="RESTAPIPort">27202</parameter>
            <parameter key="Environment">PTB</parameter>
            <parameter key="Level">PT</parameter>
            <parameter key="winServiceIdentity">DEVTEST\SVC_DCSCORRES_PT</parameter>
            <parameter key="Domain">devtest.atohdtnet.gov.au</parameter>
        </instance>
        <instance key="PTE">
            <parameter key="LogFilePath">\\fileshareDT.dcs.devtest.atohdtnet.gov.au\PT\${Environment}\ServiceLogs\logging.dcslogger-.log</parameter>
            <parameter key="RESTAPIPort">27205</parameter>
            <parameter key="Environment">PTE</parameter>
            <parameter key="Level">PT</parameter>
            <parameter key="winServiceIdentity">DEVTEST\SVC_DCSCORRES_PT</parameter>
            <parameter key="Domain">devtest.atohdtnet.gov.au</parameter>
        </instance>
        <instance key="PTF">
            <parameter key="LogFilePath">\\fileshareDT.dcs.devtest.atohdtnet.gov.au\PT\${Environment}\ServiceLogs\logging.dcslogger-.log</parameter>
            <parameter key="RESTAPIPort">27206</parameter>
            <parameter key="Environment">PTF</parameter>
            <parameter key="Level">PT</parameter>
            <parameter key="winServiceIdentity">DEVTEST\SVC_DCSCORRES_PT</parameter>
            <parameter key="Domain">devtest.atohdtnet.gov.au</parameter>
        </instance>
        <instance key="PTG">
            <parameter key="LogFilePath">\\fileshareDT.dcs.devtest.atohdtnet.gov.au\PT\${Environment}\ServiceLogs\logging.dcslogger-.log</parameter>
            <parameter key="RESTAPIPort">27207</parameter>
            <parameter key="Environment">PTG</parameter>
            <parameter key="Level">PT</parameter>
            <parameter key="winServiceIdentity">DEVTEST\SVC_DCSCORRES_PT</parameter>
            <parameter key="Domain">devtest.atohdtnet.gov.au</parameter>
        </instance>
        <instance key="PTH">
            <parameter key="LogFilePath">\\fileshareDT.dcs.devtest.atohdtnet.gov.au\PT\${Environment}\ServiceLogs\logging.dcslogger-.log</parameter>
            <parameter key="RESTAPIPort">27208</parameter>
            <parameter key="Environment">PTH</parameter>
            <parameter key="Level">PT</parameter>
            <parameter key="winServiceIdentity">DEVTEST\SVC_DCSCORRES_PT</parameter>
            <parameter key="Domain">devtest.atohdtnet.gov.au</parameter>
        </instance>
        <instance key="PTI">
            <parameter key="LogFilePath">\\fileshareDT.dcs.devtest.atohdtnet.gov.au\PT\${Environment}\ServiceLogs\logging.dcslogger-.log</parameter>
            <parameter key="RESTAPIPort">27209</parameter>
            <parameter key="Environment">PTI</parameter>
            <parameter key="Level">PT</parameter>
            <parameter key="winServiceIdentity">DEVTEST\SVC_DCSCORRES_PT</parameter>
            <parameter key="Domain">devtest.atohdtnet.gov.au</parameter>
        </instance>
        <instance key="PTJ">
            <parameter key="LogFilePath">\\fileshareDT.dcs.devtest.atohdtnet.gov.au\PT\${Environment}\ServiceLogs\logging.dcslogger-.log</parameter>
            <parameter key="RESTAPIPort">27210</parameter>
            <parameter key="Environment">PTJ</parameter>
            <parameter key="Level">PT</parameter>
            <parameter key="winServiceIdentity">DEVTEST\SVC_DCSCORRES_PT</parameter>
            <parameter key="Domain">devtest.atohdtnet.gov.au</parameter>
        </instance>
        <instance key="PTK">
            <parameter key="LogFilePath">\\fileshareDT.dcs.devtest.atohdtnet.gov.au\PT\${Environment}\ServiceLogs\logging.dcslogger-.log</parameter>
            <parameter key="RESTAPIPort">27211</parameter>
            <parameter key="Environment">PTK</parameter>
            <parameter key="Level">PT</parameter>
            <parameter key="winServiceIdentity">DEVTEST\SVC_DCSCORRES_PT</parameter>
            <parameter key="Domain">devtest.atohdtnet.gov.au</parameter>
        </instance>
        <instance key="PTM">
            <parameter key="LogFilePath">\\fileshareDT.dcs.devtest.atohdtnet.gov.au\PT\${Environment}\ServiceLogs\logging.dcslogger-.log</parameter>
            <parameter key="RESTAPIPort">27213</parameter>
            <parameter key="Environment">PTM</parameter>
            <parameter key="Level">PT</parameter>
            <parameter key="winServiceIdentity">DEVTEST\SVC_DCSCORRES_PT</parameter>
            <parameter key="Domain">devtest.atohdtnet.gov.au</parameter>
        </instance>
        <instance key="PTQ">
            <parameter key="LogFilePath">\\fileshareDT.dcs.devtest.atohdtnet.gov.au\PT\${Environment}\ServiceLogs\logging.dcslogger-.log</parameter>
            <parameter key="RESTAPIPort">27217</parameter>
            <parameter key="Environment">PTQ</parameter>
            <parameter key="Level">PT</parameter>
            <parameter key="winServiceIdentity">DEVTEST\SVC_DCSCORRES_PT</parameter>
            <parameter key="Domain">devtest.atohdtnet.gov.au</parameter>
        </instance>
        <instance key="PTR">
            <parameter key="LogFilePath">\\fileshareDT.dcs.devtest.atohdtnet.gov.au\PT\${Environment}\ServiceLogs\logging.dcslogger-.log</parameter>
            <parameter key="RESTAPIPort">27218</parameter>
            <parameter key="Environment">PTR</parameter>
            <parameter key="Level">PT</parameter>
            <parameter key="winServiceIdentity">DEVTEST\SVC_DCSCORRES_PT</parameter>
            <parameter key="Domain">devtest.atohdtnet.gov.au</parameter>
        </instance>
        <instance key="PTW">
            <parameter key="LogFilePath">\\fileshareDT.dcs.devtest.atohdtnet.gov.au\PT\${Environment}\ServiceLogs\logging.dcslogger-.log</parameter>
            <parameter key="RESTAPIPort">27223</parameter>
            <parameter key="Environment">PTW</parameter>
            <parameter key="Level">PT</parameter>
            <parameter key="winServiceIdentity">DEVTEST\SVC_DCSCORRES_PT</parameter>
            <parameter key="Domain">devtest.atohdtnet.gov.au</parameter>
        </instance>
        <instance key="PFB1">
            <parameter key="LogFilePath">\\filesharePP.dcs.preprod.atohppnet.gov.au\PF\${Environment}\ServiceLogs\logging.dcslogger-.log</parameter>
            <parameter key="RESTAPIPort">27302</parameter>
            <parameter key="Environment">PFB</parameter>
            <parameter key="Level">PF</parameter>
            <parameter key="winServiceIdentity">PREPRODHPPNET\SVC_DCSCORRES_PF</parameter>
            <parameter key="CertificateSubject">*.dcs.${Domain}</parameter>
            <parameter key="Domain">preprod.atohppnet.gov.au</parameter>
        </instance>
        <instance key="PFB2">
            <parameter key="LogFilePath">\\filesharePP.dcs.preprod.atohppnet.gov.au\PF\${Environment}\ServiceLogs\logging.dcslogger-.log</parameter>
            <parameter key="RESTAPIPort">27302</parameter>
            <parameter key="Environment">PFB</parameter>
            <parameter key="Level">PF</parameter>
            <parameter key="winServiceIdentity">PREPRODHPPNET\SVC_DCSCORRES_PF</parameter>
            <parameter key="CertificateSubject">*.dcs.${Domain}</parameter>
            <parameter key="Domain">preprod.atohppnet.gov.au</parameter>
        </instance>
        <instance key="PFB3">
            <parameter key="LogFilePath">\\filesharePP.dcs.preprod.atohppnet.gov.au\PF\${Environment}\ServiceLogs\logging.dcslogger-.log</parameter>
            <parameter key="RESTAPIPort">27302</parameter>
            <parameter key="Environment">PFB</parameter>
            <parameter key="Level">PF</parameter>
            <parameter key="winServiceIdentity">PREPRODHPPNET\SVC_DCSCORRES_PF</parameter>
            <parameter key="CertificateSubject">*.dcs.${Domain}</parameter>
            <parameter key="Domain">preprod.atohppnet.gov.au</parameter>
        </instance>
        <instance key="PFE1">
            <parameter key="LogFilePath">\\filesharePP.dcs.preprod.atohppnet.gov.au\PF\${Environment}\ServiceLogs\logging.dcslogger-.log</parameter>
            <parameter key="RESTAPIPort">27305</parameter>
            <parameter key="Environment">PFE</parameter>
            <parameter key="Level">PF</parameter>
            <parameter key="winServiceIdentity">PREPRODHPPNET\SVC_DCSCORRES_PF</parameter>
            <parameter key="CertificateSubject">*.dcs.${Domain}</parameter>
            <parameter key="Domain">preprod.atohppnet.gov.au</parameter>
        </instance>
        <instance key="PFE2">
            <parameter key="LogFilePath">\\filesharePP.dcs.preprod.atohppnet.gov.au\PF\${Environment}\ServiceLogs\logging.dcslogger-.log</parameter>
            <parameter key="RESTAPIPort">27305</parameter>
            <parameter key="Environment">PFE</parameter>
            <parameter key="Level">PF</parameter>
            <parameter key="winServiceIdentity">PREPRODHPPNET\SVC_DCSCORRES_PF</parameter>
            <parameter key="CertificateSubject">*.dcs.${Domain}</parameter>
            <parameter key="Domain">preprod.atohppnet.gov.au</parameter>
        </instance>
        <instance key="PFE3">
            <parameter key="LogFilePath">\\filesharePP.dcs.preprod.atohppnet.gov.au\PF\${Environment}\ServiceLogs\logging.dcslogger-.log</parameter>
            <parameter key="RESTAPIPort">27305</parameter>
            <parameter key="Environment">PFE</parameter>
            <parameter key="Level">PF</parameter>
            <parameter key="winServiceIdentity">PREPRODHPPNET\SVC_DCSCORRES_PF</parameter>
            <parameter key="CertificateSubject">*.dcs.${Domain}</parameter>
            <parameter key="Domain">preprod.atohppnet.gov.au</parameter>
        </instance>
        <instance key="EFX1">
            <parameter key="LogFilePath">\\filesharePP.dcs.preprod.atohppnet.gov.au\EF\${Environment}\ServiceLogs\logging.dcslogger-.log</parameter>
            <parameter key="RESTAPIPort">27424</parameter>
            <parameter key="Environment">EFX</parameter>
            <parameter key="Level">EF</parameter>
            <parameter key="winServiceIdentity">PREPRODHPPNET\SVC_DCSCORRES_EF</parameter>
            <parameter key="CertificateSubject">*.dcs.${Domain}</parameter>
            <parameter key="Domain">preprod.atohppnet.gov.au</parameter>
        </instance>
        <instance key="EFX2">
            <parameter key="LogFilePath">\\filesharePP.dcs.preprod.atohppnet.gov.au\EF\${Environment}\ServiceLogs\logging.dcslogger-.log</parameter>
            <parameter key="RESTAPIPort">27424</parameter>
            <parameter key="Environment">EFX</parameter>
            <parameter key="Level">EF</parameter>
            <parameter key="winServiceIdentity">PREPRODHPPNET\SVC_DCSCORRES_EF</parameter>
            <parameter key="CertificateSubject">*.dcs.${Domain}</parameter>
            <parameter key="Domain">preprod.atohppnet.gov.au</parameter>
        </instance>
        <instance key="EFX3">
            <parameter key="LogFilePath">\\filesharePP.dcs.preprod.atohppnet.gov.au\EF\${Environment}\ServiceLogs\logging.dcslogger-.log</parameter>
            <parameter key="RESTAPIPort">27424</parameter>
            <parameter key="Environment">EFX</parameter>
            <parameter key="Level">EF</parameter>
            <parameter key="winServiceIdentity">PREPRODHPPNET\SVC_DCSCORRES_EF</parameter>
            <parameter key="CertificateSubject">*.dcs.${Domain}</parameter>
            <parameter key="Domain">preprod.atohppnet.gov.au</parameter>
        </instance>
        <instance key="UCC1">
            <parameter key="LogFilePath">\\filesharePP.dcs.preprod.atohppnet.gov.au\UA\${Environment}\ServiceLogs\logging.dcslogger-.log</parameter>
            <parameter key="RESTAPIPort">27503</parameter>
            <parameter key="Environment">UCC</parameter>
            <parameter key="Level">UA</parameter>
            <parameter key="winServiceIdentity">PREPRODHPPNET\SVC_DCSCORRES_UA</parameter>
            <parameter key="CertificateSubject">*.dcs.${Domain}</parameter>
            <parameter key="Domain">preprod.atohppnet.gov.au</parameter>
        </instance>
        <instance key="UCC2">
            <parameter key="LogFilePath">\\filesharePP.dcs.preprod.atohppnet.gov.au\UA\${Environment}\ServiceLogs\logging.dcslogger-.log</parameter>
            <parameter key="RESTAPIPort">27503</parameter>
            <parameter key="Environment">UCC</parameter>
            <parameter key="Level">UA</parameter>
            <parameter key="winServiceIdentity">PREPRODHPPNET\SVC_DCSCORRES_UA</parameter>
            <parameter key="CertificateSubject">*.dcs.${Domain}</parameter>
            <parameter key="Domain">preprod.atohppnet.gov.au</parameter>
        </instance>
        <instance key="UCC3">
            <parameter key="LogFilePath">\\filesharePP.dcs.preprod.atohppnet.gov.au\UA\${Environment}\ServiceLogs\logging.dcslogger-.log</parameter>
            <parameter key="RESTAPIPort">27503</parameter>
            <parameter key="Environment">UCC</parameter>
            <parameter key="Level">UA</parameter>
            <parameter key="winServiceIdentity">PREPRODHPPNET\SVC_DCSCORRES_UA</parameter>
            <parameter key="CertificateSubject">*.dcs.${Domain}</parameter>
            <parameter key="Domain">preprod.atohppnet.gov.au</parameter>
        </instance>
        <instance key="UCD1">
            <parameter key="LogFilePath">\\filesharePP.dcs.preprod.atohppnet.gov.au\UA\${Environment}\ServiceLogs\logging.dcslogger-.log</parameter>
            <parameter key="RESTAPIPort">27504</parameter>
            <parameter key="Environment">UCD</parameter>
            <parameter key="Level">UA</parameter>
            <parameter key="winServiceIdentity">PREPRODHPPNET\SVC_DCSCORRES_UA</parameter>
            <parameter key="CertificateSubject">*.dcs.${Domain}</parameter>
            <parameter key="Domain">preprod.atohppnet.gov.au</parameter>
        </instance>
        <instance key="UCD2">
            <parameter key="LogFilePath">\\filesharePP.dcs.preprod.atohppnet.gov.au\UA\${Environment}\ServiceLogs\logging.dcslogger-.log</parameter>
            <parameter key="RESTAPIPort">27504</parameter>
            <parameter key="Environment">UCD</parameter>
            <parameter key="Level">UA</parameter>
            <parameter key="winServiceIdentity">PREPRODHPPNET\SVC_DCSCORRES_UA</parameter>
            <parameter key="CertificateSubject">*.dcs.${Domain}</parameter>
            <parameter key="Domain">preprod.atohppnet.gov.au</parameter>
        </instance>
        <instance key="UCD3">
            <parameter key="LogFilePath">\\filesharePP.dcs.preprod.atohppnet.gov.au\UA\${Environment}\ServiceLogs\logging.dcslogger-.log</parameter>
            <parameter key="RESTAPIPort">27504</parameter>
            <parameter key="Environment">UCD</parameter>
            <parameter key="Level">UA</parameter>
            <parameter key="winServiceIdentity">PREPRODHPPNET\SVC_DCSCORRES_UA</parameter>
            <parameter key="CertificateSubject">*.dcs.${Domain}</parameter>
            <parameter key="Domain">preprod.atohppnet.gov.au</parameter>
        </instance>
        <instance key="UAB1">
            <parameter key="LogFilePath">\\filesharePP.dcs.preprod.atohppnet.gov.au\UA\${Environment}\ServiceLogs\logging.dcslogger-.log</parameter>
            <parameter key="RESTAPIPort">27502</parameter>
            <parameter key="Environment">UAB</parameter>
            <parameter key="Level">UA</parameter>
            <parameter key="winServiceIdentity">PREPRODHPPNET\SVC_DCSCORRES_UA</parameter>
            <parameter key="CertificateSubject">*.dcs.${Domain}</parameter>
            <parameter key="Domain">preprod.atohppnet.gov.au</parameter>
        </instance>
        <instance key="UAB2">
            <parameter key="LogFilePath">\\filesharePP.dcs.preprod.atohppnet.gov.au\UA\${Environment}\ServiceLogs\logging.dcslogger-.log</parameter>
            <parameter key="RESTAPIPort">27502</parameter>
            <parameter key="Environment">UAB</parameter>
            <parameter key="Level">UA</parameter>
            <parameter key="winServiceIdentity">PREPRODHPPNET\SVC_DCSCORRES_UA</parameter>
            <parameter key="CertificateSubject">*.dcs.${Domain}</parameter>
            <parameter key="Domain">preprod.atohppnet.gov.au</parameter>
        </instance>
        <instance key="UAB3">
            <parameter key="LogFilePath">\\filesharePP.dcs.preprod.atohppnet.gov.au\UA\${Environment}\ServiceLogs\logging.dcslogger-.log</parameter>
            <parameter key="RESTAPIPort">27502</parameter>
            <parameter key="Environment">UAB</parameter>
            <parameter key="Level">UA</parameter>
            <parameter key="winServiceIdentity">PREPRODHPPNET\SVC_DCSCORRES_UA</parameter>
            <parameter key="CertificateSubject">*.dcs.${Domain}</parameter>
            <parameter key="Domain">preprod.atohppnet.gov.au</parameter>
        </instance>
        <instance key="UAI1">
            <parameter key="LogFilePath">\\filesharePP.dcs.preprod.atohppnet.gov.au\UA\${Environment}\ServiceLogs\logging.dcslogger-.log</parameter>
            <parameter key="RESTAPIPort">27509</parameter>
            <parameter key="Environment">UAI</parameter>
            <parameter key="Level">UA</parameter>
            <parameter key="winServiceIdentity">PREPRODHPPNET\SVC_DCSCORRES_UA</parameter>
            <parameter key="CertificateSubject">*.dcs.${Domain}</parameter>
            <parameter key="Domain">preprod.atohppnet.gov.au</parameter>
        </instance>
        <instance key="UAI2">
            <parameter key="LogFilePath">\\filesharePP.dcs.preprod.atohppnet.gov.au\UA\${Environment}\ServiceLogs\logging.dcslogger-.log</parameter>
            <parameter key="RESTAPIPort">27509</parameter>
            <parameter key="Environment">UAI</parameter>
            <parameter key="Level">UA</parameter>
            <parameter key="winServiceIdentity">PREPRODHPPNET\SVC_DCSCORRES_UA</parameter>
            <parameter key="CertificateSubject">*.dcs.${Domain}</parameter>
            <parameter key="Domain">preprod.atohppnet.gov.au</parameter>
        </instance>
        <instance key="UAI3">
            <parameter key="LogFilePath">\\filesharePP.dcs.preprod.atohppnet.gov.au\UA\${Environment}\ServiceLogs\logging.dcslogger-.log</parameter>
            <parameter key="RESTAPIPort">27509</parameter>
            <parameter key="Environment">UAI</parameter>
            <parameter key="Level">UA</parameter>
            <parameter key="winServiceIdentity">PREPRODHPPNET\SVC_DCSCORRES_UA</parameter>
            <parameter key="CertificateSubject">*.dcs.${Domain}</parameter>
            <parameter key="Domain">preprod.atohppnet.gov.au</parameter>
        </instance>
        <instance key="UAK1">
            <parameter key="LogFilePath">\\filesharePP.dcs.preprod.atohppnet.gov.au\UA\${Environment}\ServiceLogs\logging.dcslogger-.log</parameter>
            <parameter key="RESTAPIPort">27511</parameter>
            <parameter key="Environment">UAK</parameter>
            <parameter key="Level">UA</parameter>
            <parameter key="winServiceIdentity">PREPRODHPPNET\SVC_DCSCORRES_UA</parameter>
            <parameter key="CertificateSubject">*.dcs.${Domain}</parameter>
            <parameter key="Domain">preprod.atohppnet.gov.au</parameter>
        </instance>
        <instance key="UAK2">
            <parameter key="LogFilePath">\\filesharePP.dcs.preprod.atohppnet.gov.au\UA\${Environment}\ServiceLogs\logging.dcslogger-.log</parameter>
            <parameter key="RESTAPIPort">27511</parameter>
            <parameter key="Environment">UAK</parameter>
            <parameter key="Level">UA</parameter>
            <parameter key="winServiceIdentity">PREPRODHPPNET\SVC_DCSCORRES_UA</parameter>
            <parameter key="CertificateSubject">*.dcs.${Domain}</parameter>
            <parameter key="Domain">preprod.atohppnet.gov.au</parameter>
        </instance>
        <instance key="UAK3">
            <parameter key="LogFilePath">\\filesharePP.dcs.preprod.atohppnet.gov.au\UA\${Environment}\ServiceLogs\logging.dcslogger-.log</parameter>
            <parameter key="RESTAPIPort">27511</parameter>
            <parameter key="Environment">UAK</parameter>
            <parameter key="Level">UA</parameter>
            <parameter key="winServiceIdentity">PREPRODHPPNET\SVC_DCSCORRES_UA</parameter>
            <parameter key="CertificateSubject">*.dcs.${Domain}</parameter>
            <parameter key="Domain">preprod.atohppnet.gov.au</parameter>
        </instance>
        <instance key="PRD1">
            <parameter key="LogFilePath">\\filesharePR.dcs.prod.atohnet.gov.au\PR\${Environment}\ServiceLogs\logging.dcslogger-.log</parameter>
            <parameter key="RESTAPIPort">27604</parameter>
            <parameter key="Environment">PRD</parameter>
            <parameter key="Level">PR</parameter>
            <parameter key="winServiceIdentity">PRODHNET\SVC_DCSCORRES_PR</parameter>
            <parameter key="CertificateSubject">*.dcs.${Domain}</parameter>
            <parameter key="Domain">prod.atohnet.gov.au</parameter>
        </instance>
        <instance key="PRD2">
            <parameter key="LogFilePath">\\filesharePR.dcs.prod.atohnet.gov.au\PR\${Environment}\ServiceLogs\logging.dcslogger-.log</parameter>
            <parameter key="RESTAPIPort">27604</parameter>
            <parameter key="Environment">PRD</parameter>
            <parameter key="Level">PR</parameter>
            <parameter key="winServiceIdentity">PRODHNET\SVC_DCSCORRES_PR</parameter>
            <parameter key="CertificateSubject">*.dcs.${Domain}</parameter>
            <parameter key="Domain">prod.atohnet.gov.au</parameter>
        </instance>
        <instance key="PRD3">
            <parameter key="LogFilePath">\\filesharePR.dcs.prod.atohnet.gov.au\PR\${Environment}\ServiceLogs\logging.dcslogger-.log</parameter>
            <parameter key="RESTAPIPort">27604</parameter>
            <parameter key="Environment">PRD</parameter>
            <parameter key="Level">PR</parameter>
            <parameter key="winServiceIdentity">PRODHNET\SVC_DCSCORRES_PR</parameter>
            <parameter key="CertificateSubject">*.dcs.${Domain}</parameter>
            <parameter key="Domain">prod.atohnet.gov.au</parameter>
        </instance>
    </environment>
</environments>
