<?xml version="1.0"?>
<configuration>
  <textfiles>
    <textfile action="install" runapp="${Create_ScheduledTask}">
      <filename>${TargetDir}\Ato.CD.Outbound.BulkPrint\ManualBulkPrint.bat</filename>
      <substitution>
        <targetstring regex="true">(.*\\)</targetstring>
        <newstring>${TargetDir}\Ato.CD.Outbound.BulkPrint\</newstring>
      </substitution>
    </textfile>
  </textfiles>

  <configurationChanges key="Bulk Files update">
    <configurationChange>
      <file>${TargetDir}\Ato.CD.Outbound.BulkPrint\Ato.CD.Outbound.CorroGen.BatchExtraction.exe.config</file>
      <file>${TargetDir}\Ato.CD.Outbound.BulkPrint\Ato.CD.Outbound.CorroGen.BatchSelection.exe.config</file>
      <file>${TargetDir}\Ato.CD.Outbound.BulkPrint\Ato.CD.Outbound.CorroGen.StatusUpdate.exe.config</file>
      <file>${TargetDir}\Ato.CD.Outbound.BulkPrint\Ato.CD.Outbound.CorroGen.CustomSort.exe.config</file>
      <file>${TargetDir}\Ato.CD.Outbound.BulkPrint\Ato.CD.Outbound.CorroGen.Scheduler.exe.config</file>
      <file>${TargetDir}\Ato.CD.Outbound.BulkPrint\Ato.CD.Outbound.CorroGen.PrepPSForPickUp.exe.config</file>
      <nodeChanges>
        <!-- Database -->
        <nodeChange action="update">
          <xpath>/configuration/connectionStrings/add[@name='OutBoundCorroGen']/@connectionString</xpath>
          <value>server=${DALC_Server};database=${DALC_Database};Integrated Security=true;</value>
        </nodeChange>
        <nodeChange action="update">
          <xpath>/configuration/connectionStrings/add[@name='My.MySettings.OutBoundCorroGen']/@connectionString</xpath>
          <value>server=${DALC_Server};database=${DALC_Database};Integrated Security=true;</value>
        </nodeChange>
        <!--MQ Config-->
        <nodeChange action="update" runapp="NOT ${MQServer.Channel.Cleanup}">
          <xpath>/configuration/Ato.EN.ApplicationServices.MQ/@ccdt</xpath>
          <value>${CCDTSourcePath}\${CCDTFile}</value>
        </nodeChange>
        <nodeChange action="update" runapp="NOT ${MQServer.Channel.Cleanup}">
          <xpath>/configuration/Ato.EN.ApplicationServices.MQ/transports/transport[@name='MQSeries']/@channel</xpath>
          <value>${ChannelName}.SVRCONN</value>
        </nodeChange>
        <nodeChange action="update" runapp="NOT ${MQServer.Channel.Cleanup}">
          <xpath>/configuration/Ato.EN.ApplicationServices.MQ/transports/transport[@name='MQSeries']/@hostName</xpath>
          <value>${MQSeries.hostName}</value>
        </nodeChange>
        <nodeChange action="update" runapp="NOT ${MQServer.Channel.Cleanup}">
          <xpath>/configuration/Ato.EN.ApplicationServices.MQ/transports/transport[@name='MQSeries']/@port</xpath>
          <value>${MQSeries.port}</value>
        </nodeChange>
        <nodeChange action="delete" runapp="${MQServer.Channel.Cleanup}">
          <xpath>/configuration/Ato.EN.ApplicationServices.MQ</xpath>
          <xmlattribute name="ccdt" />
        </nodeChange>
        <nodeChange action="delete" runapp="${MQServer.Channel.Cleanup}">
          <xpath>/configuration/Ato.EN.ApplicationServices.MQ/transports/transport[@name='MQSeries']</xpath>
          <xmlattribute name="channel" />
        </nodeChange>
        <nodeChange action="delete" runapp="${MQServer.Channel.Cleanup}">
          <xpath>/configuration/Ato.EN.ApplicationServices.MQ/transports/transport[@name='MQSeries']</xpath>
          <xmlattribute name="hostName" />
        </nodeChange>
        <nodeChange action="delete" runapp="${MQServer.Channel.Cleanup}">
          <xpath>/configuration/Ato.EN.ApplicationServices.MQ/transports/transport[@name='MQSeries']</xpath>
          <xmlattribute name="port" />
        </nodeChange>
        <nodeChange action="update">
          <xpath>/configuration/Ato.EN.ApplicationServices.MQ/transports/transport[@name='MQSeries']/@isServerConnection</xpath>
          <value>${MQSeries.isServer}</value>
        </nodeChange>
        <nodeChange action="update">
          <xpath>/configuration/Ato.EN.ApplicationServices.MQ/eaiServices/eaiService/*/endpoint/@uri</xpath>
          <value regex="(WMQ://)[^/]*">WMQ://${QueueManager}</value>
        </nodeChange>
      </nodeChanges>
    </configurationChange>
  </configurationChanges>


  <configurationChanges>
    <!-- Batch Extraction -->
    <configurationChange>
      <file>${TargetDir}\Ato.CD.Outbound.BulkPrint\Ato.CD.Outbound.CorroGen.BatchExtraction.exe.config</file>
      <nodeChanges>
        <nodeChange action="update">
          <xpath>/configuration/applicationSettings/My.MySettings/setting[@name='BatchExtractionInstalDir']/value</xpath>
          <value>${TargetDir}</value>
        </nodeChange>
        <!-- Dialogue 4 values-->
        <nodeChange type="xmlblock" action="add">
          <xpath insert="start">/configuration/applicationSettings/My.MySettings</xpath>
          <xmlBlock>
            <setting name="Dialogue6PSPackageFile" serializeAs="String">
              <value>${Dialogue6PSPackageFile}</value>
            </setting>
          </xmlBlock>
        </nodeChange>
        <nodeChange type="xmlblock" action="add">
          <xpath insert="start">/configuration/applicationSettings/My.MySettings</xpath>
          <xmlBlock>
            <setting name="Dialogue6PDFPackageFile" serializeAs="String">
              <value>${Dialogue6PDFPackageFile}</value>
            </setting>
          </xmlBlock>
        </nodeChange>
        <nodeChange action="update">
          <xpath>/configuration/applicationSettings/My.MySettings/setting[@name='Dialogue6InitializationFile']/value</xpath>
          <value>${Dialogue6InitializationFile}</value>
        </nodeChange>
        <nodeChange action="update">
          <xpath>/configuration/applicationSettings/My.MySettings/setting[@name='PSOutputPath']/value</xpath>
          <value>${PSOutputPath}</value>
        </nodeChange>
        <nodeChange action="update">
          <xpath>/configuration/applicationSettings/My.MySettings/setting[@name='PDFOutputPath']/value</xpath>
          <value>${PDFOutputPath}</value>
        </nodeChange>
        <nodeChange action="update">
          <xpath>/configuration/applicationSettings/My.MySettings/setting[@name='Dialogue6KeyFile']/value</xpath>
          <value>${Dialogue6KeyFile}</value>
        </nodeChange>
        <nodeChange action="update">
          <xpath>/configuration/applicationSettings/My.MySettings/setting[@name='Dialogue6LookupFile']/value</xpath>
          <value>${Dialogue6LookupFile}</value>
        </nodeChange>
        <!--<nodeChange>
          <xpath>/configuration/applicationSettings/My.MySettings/setting[@name='Dialogue6MessageSymbolicsFile']/value</xpath>
          <value>${Dialogue6MessageSymbolicsFile}</value>
        </nodeChange>-->
        <!-- Dialogue 6 values-->
        <nodeChange type="xmlblock" action="add">
          <xpath insert="start">/configuration/applicationSettings/My.MySettings</xpath>
          <xmlBlock>
            <setting name="Dialogue8PSPackageFile" serializeAs="String">
              <value>${Dialogue8PSPackageFile}</value>
            </setting>
          </xmlBlock>
        </nodeChange>
        <nodeChange type="xmlblock" action="add">
          <xpath insert="start">/configuration/applicationSettings/My.MySettings</xpath>
          <xmlBlock>
            <setting name="Dialogue8PDFPackageFile" serializeAs="String">
              <value>${Dialogue8PDFPackageFile}</value>
            </setting>
          </xmlBlock>
        </nodeChange>
        <nodeChange action="update">
          <xpath>/configuration/applicationSettings/My.MySettings/setting[@name='Dialogue8InitializationFile']/value</xpath>
          <value>${Dialogue8InitializationFile}</value>
        </nodeChange>
        <nodeChange action="update">
          <xpath>/configuration/applicationSettings/My.MySettings/setting[@name='Dialogue8KeyFile']/value</xpath>
          <value>${Dialogue8KeyFile}</value>
        </nodeChange>
        <nodeChange action="update">
          <xpath>/configuration/applicationSettings/My.MySettings/setting[@name='Dialogue8LookupFile']/value</xpath>
          <value>${Dialogue8LookupFile}</value>
        </nodeChange>
        <nodeChange action="update">
          <xpath>/configuration/applicationSettings/My.MySettings/setting[@name='Dialogue8MessageResourceFile']/value</xpath>
          <value>${Dialogue8MessageResourceFile}</value>
        </nodeChange>
        <!-- Control files -->
        <nodeChange action="update">
          <xpath>/configuration/applicationSettings/My.MySettings/setting[@name='Dialogue6ControlFilePDF']/value</xpath>
          <value>${TargetDir}\Ato.CD.Outbound.BulkPrint\DialogueControlTemplates\PDF6.opt</value>
        </nodeChange>
        <nodeChange action="update">
          <xpath>/configuration/applicationSettings/My.MySettings/setting[@name='Dialogue6ControlFilePresort']/value</xpath>
          <value>${TargetDir}\Ato.CD.Outbound.BulkPrint\DialogueControlTemplates\Presort6.opt</value>
        </nodeChange>
        <nodeChange action="update">
          <xpath>/configuration/applicationSettings/My.MySettings/setting[@name='Dialogue6ControlFilePostsort']/value</xpath>
          <value>${TargetDir}\Ato.CD.Outbound.BulkPrint\DialogueControlTemplates\Postsort6.opt</value>
        </nodeChange>
        <nodeChange action="update">
          <xpath>/configuration/applicationSettings/My.MySettings/setting[@name='Dialogue6PackagePath']/value</xpath>
          <value>${Dialogue6PackagePath}</value>
        </nodeChange>
        <nodeChange action="update">
          <xpath>/configuration/applicationSettings/My.MySettings/setting[@name='Dialogue8ControlFilePDF']/value</xpath>
          <value>${TargetDir}\Ato.CD.Outbound.BulkPrint\DialogueControlTemplates\PDF8.opt</value>
        </nodeChange>
        <nodeChange action="update">
          <xpath>/configuration/applicationSettings/My.MySettings/setting[@name='Dialogue8ControlFilePresort']/value</xpath>
          <value>${TargetDir}\Ato.CD.Outbound.BulkPrint\DialogueControlTemplates\Presort8.opt</value>
        </nodeChange>
        <nodeChange action="update">
          <xpath>/configuration/applicationSettings/My.MySettings/setting[@name='Dialogue8ControlFilePostsort']/value</xpath>
          <value>${TargetDir}\Ato.CD.Outbound.BulkPrint\DialogueControlTemplates\Postsort8.opt</value>
        </nodeChange>
        <nodeChange action="update">
          <xpath>/configuration/applicationSettings/My.MySettings/setting[@name='Dialogue8PackagePath']/value</xpath>
          <value>${Dialogue8PackagePath}</value>
        </nodeChange>
        <!--Codestable Lookup-->
        <nodeChange action="update">
          <!--[@type='ATO.CA.ApplicationServices.Service.Contracts.ICodesTableService,ATO.CA.ApplicationServices']-->
          <xpath>/configuration/system.runtime.remoting/application/client/wellknown [@type='ATO.CA.ApplicationServices.Service.Contracts.ICodesTableService,ATO.CA.ApplicationServices']/@url</xpath>
            <!-- Removed remoting port number, no longer required <value>http://${RemotingIP}:${RemotingPort}/${Path}/${CodesTableRem}</value>-->
          <value>http://${CodesTableRemotingIP}/${CodesTablePath}/${CodesTableRem}</value>
        </nodeChange>
        <!-- State base processing flag-->
        <!--<nodeChange>
          <xpath>/configuration/appSettings/add[@key='BatchBy']/@value</xpath>
          <value>${BatchBy}</value>
        </nodeChange>-->
      </nodeChanges>
    </configurationChange>
    <!-- Batch Selection -->
    <configurationChange>
      <file>${TargetDir}\Ato.CD.Outbound.BulkPrint\Ato.CD.Outbound.CorroGen.BatchSelection.exe.config</file>
      <nodeChanges>
        <!-- State base processing flag-->
        <!--<nodeChange>
          <xpath>/configuration/appSettings/add[@key='BatchBy']/@value</xpath>
          <value>${BatchBy}</value>
        </nodeChange>-->
      </nodeChanges>
    </configurationChange>
    <!-- Status Update -->
    <configurationChange>
      <file>${TargetDir}\Ato.CD.Outbound.BulkPrint\Ato.CD.Outbound.CorroGen.StatusUpdate.exe.config</file>
      <nodeChanges>
        <nodeChange action="update">
          <xpath>/configuration/applicationSettings/My.MySettings/setting[@name='DialogueReportOutputPath']/value</xpath>
          <value>${ReportOutputPath}</value>
        </nodeChange>
        <nodeChange action="update">
          <xpath>/configuration/applicationSettings/My.MySettings/setting[@name='DialoguePostscriptOutputPath']/value</xpath>
          <value>${PSOutputPath}</value>
        </nodeChange>
        <nodeChange action="update">
          <xpath>/configuration/applicationSettings/My.MySettings/setting[@name='ErrorCodesLoadFile']/value</xpath>
          <value>${TargetDir}\Ato.CD.Outbound.BulkPrint\XMLFiles\DialogueErrorCodes.xml</value>
        </nodeChange>
        <nodeChange action="update">
          <xpath>/configuration/applicationSettings/My.MySettings/setting[@name='DialogueReportOutputPath']/value</xpath>
          <value>${ReportOutputPath}</value>
        </nodeChange>
        <!-- State base processing flag-->
        <!--<nodeChange>
          <xpath>/configuration/appSettings/add[@key='BatchBy']/@value</xpath>
          <value>${BatchBy}</value>
        </nodeChange>-->
      </nodeChanges>
    </configurationChange>
    <!-- Custom Sort -->
    <configurationChange>
      <file>${TargetDir}\Ato.CD.Outbound.BulkPrint\Ato.CD.Outbound.CorroGen.CustomSort.exe.config</file>
      <nodeChanges>
        <!-- Dialogue 4 values-->
        <nodeChange action="update">
          <xpath>/configuration/applicationSettings/Ato.CD.Outbound.CorroGen.CustomSort.My.MySettings/setting[@name='Dialogue6PSPackageFile']/value</xpath>
          <value>${Dialogue6PSPackageFile}</value>
        </nodeChange>
        <nodeChange action="update">
          <xpath>/configuration/applicationSettings/Ato.CD.Outbound.CorroGen.CustomSort.My.MySettings/setting[@name='Dialogue6KeyFile']/value</xpath>
          <value>${Dialogue6KeyFile}</value>
        </nodeChange>
        <!--<nodeChange>
          <xpath>/configuration/applicationSettings/Ato.CD.Outbound.CorroGen.CustomSort.My.MySettings/setting[@name='Dialogue6MessageSymbolicsFile']/value</xpath>
          <value>${Dialogue6MessageSymbolicsFile}</value>
        </nodeChange>-->
        <!-- Dialogue 6 values-->
        <nodeChange type="xmlblock" action="add">
          <xpath insert="start">/configuration/applicationSettings/Ato.CD.Outbound.CorroGen.CustomSort.My.MySettings</xpath>
          <xmlBlock>
            <setting name="Dialogue8PSPackageFile" serializeAs="String">
              <value>${Dialogue8PSPackageFile}</value>
            </setting>
          </xmlBlock>
        </nodeChange>
        <nodeChange action="update">
          <xpath>/configuration/applicationSettings/Ato.CD.Outbound.CorroGen.CustomSort.My.MySettings/setting[@name='Dialogue8KeyFile']/value</xpath>
          <value>${Dialogue8KeyFile}</value>
        </nodeChange>
        <nodeChange action="update">
          <xpath>/configuration/applicationSettings/Ato.CD.Outbound.CorroGen.CustomSort.My.MySettings/setting[@name='Dialogue8MessageResourceFile']/value</xpath>
          <value>${Dialogue8MessageResourceFile}</value>
        </nodeChange>
        <!-- Control files -->
        <nodeChange action="update">
          <xpath>/configuration/applicationSettings/Ato.CD.Outbound.CorroGen.CustomSort.My.MySettings/setting[@name='PSOutputPath']/value</xpath>
          <value>${PSOutputPath}</value>
        </nodeChange>
        <nodeChange action="update">
          <xpath>/configuration/applicationSettings/Ato.CD.Outbound.CorroGen.CustomSort.My.MySettings/setting[@name='Dialogue6ControlFilePostsort']/value</xpath>
          <value>${TargetDir}\Ato.CD.Outbound.BulkPrint\DialogueControlTemplates\Postsort6.opt</value>
        </nodeChange>
        <nodeChange action="update">
          <xpath>/configuration/applicationSettings/Ato.CD.Outbound.CorroGen.CustomSort.My.MySettings/setting[@name='Dialogue8ControlFilePostsort']/value</xpath>
          <value>${TargetDir}\Ato.CD.Outbound.BulkPrint\DialogueControlTemplates\Postsort8.opt</value>
        </nodeChange>
        <!--Codestable Lookup-->
        <nodeChange action="update">
          <xpath>/configuration/system.runtime.remoting/application/client/wellknown [@type='ATO.CA.ApplicationServices.Service.Contracts.ICodesTableService,ATO.CA.ApplicationServices']/@url</xpath>
          <value>http://${CodesTableRemotingIP}/${CodesTablePath}/${CodesTableRem}</value>
        </nodeChange>
      </nodeChanges>
    </configurationChange>
    <!-- Scheduler -->
    <configurationChange>
      <file>${TargetDir}\Ato.CD.Outbound.BulkPrint\Ato.CD.Outbound.CorroGen.Scheduler.exe.config</file>
      <nodeChanges>
        <nodeChange action="update">
          <xpath>/configuration/applicationSettings/My.MySettings/setting[@name='Dialogue6Enabled']/value</xpath>
          <value>${Dialogue6Enabled}</value>
        </nodeChange>
        <nodeChange action="update">
          <xpath>/configuration/applicationSettings/My.MySettings/setting[@name='Dialogue8Enabled']/value</xpath>
          <value>${Dialogue8Enabled}</value>
        </nodeChange>
        <nodeChange action="update">
          <xpath>/configuration/applicationSettings/My.MySettings/setting[@name='WorkingFolderCreationPath']/value</xpath>
          <value>${WorkingFolderCreationPath}</value>
        </nodeChange>
        <nodeChange action="update">
          <xpath>/configuration/applicationSettings/My.MySettings/setting[@name='Dialogue6Engine']/value</xpath>
          <value>${Dialogue6Engine}</value>
        </nodeChange>
        <nodeChange action="update">
          <xpath>/configuration/applicationSettings/My.MySettings/setting[@name='Dialogue8Engine']/value</xpath>
          <value>${Dialogue8Engine}</value>
        </nodeChange>
        <!--<nodeChange>
          <xpath>/configuration/applicationSettings/My.MySettings/setting[@name='Dialogue6MessageSymbolicsFile']/value</xpath>
          <value>${Dialogue6MessageSymbolicsFile}</value>
        </nodeChange>-->
        <nodeChange action="update">
          <xpath>/configuration/applicationSettings/My.MySettings/setting[@name='Dialogue8MessageResourceFile']/value</xpath>
          <value>${Dialogue8MessageResourceFile}</value>
        </nodeChange>
        <nodeChange action="update">
          <xpath>/configuration/applicationSettings/My.MySettings/setting[@name='BatchSelectionExePath']/value</xpath>
          <value>${TargetDir}\Ato.CD.Outbound.BulkPrint\Ato.CD.Outbound.CorroGen.BatchSelection.exe</value>
        </nodeChange>
        <nodeChange action="update">
          <xpath>/configuration/applicationSettings/My.MySettings/setting[@name='BatchExtractionExePath']/value</xpath>
          <value>${TargetDir}\Ato.CD.Outbound.BulkPrint\Ato.CD.Outbound.CorroGen.BatchExtraction.exe</value>
        </nodeChange>
        <nodeChange action="update">
          <xpath>/configuration/applicationSettings/My.MySettings/setting[@name='CustomSortExePath']/value</xpath>
          <value>${TargetDir}\Ato.CD.Outbound.BulkPrint\Ato.CD.Outbound.CorroGen.CustomSort.exe</value>
        </nodeChange>
        <nodeChange action="update">
          <xpath>/configuration/applicationSettings/My.MySettings/setting[@name='StatusUpdateExePath']/value</xpath>
          <value>${TargetDir}\Ato.CD.Outbound.BulkPrint\Ato.CD.Outbound.CorroGen.StatusUpdate.exe</value>
        </nodeChange>
        <nodeChange action="update">
          <xpath>/configuration/applicationSettings/My.MySettings/setting[@name='SchedulerExePath']/value</xpath>
          <value>${TargetDir}\Ato.CD.Outbound.BulkPrint\Ato.CD.Outbound.CorroGen.Scheduler.exe</value>
        </nodeChange>
      </nodeChanges>
    </configurationChange>
    <!-- PrepPSForPickUp 6 MARCH 2008 TL-->
    <configurationChange>
      <file>${TargetDir}\Ato.CD.Outbound.BulkPrint\Ato.CD.Outbound.CorroGen.PrepPSForPickUp.exe.config</file>
      <nodeChanges>
        <nodeChange action="update">
          <xpath>/configuration/applicationSettings/Ato.CD.Outbound.CorroGen.PrepPSForPickUp.My.MySettings/setting[@name='PSPath']/value</xpath>
          <value>${PrepPSOutputPath}</value>
        </nodeChange>
        <nodeChange action="update">
          <xpath>/configuration/applicationSettings/Ato.CD.Outbound.CorroGen.PrepPSForPickUp.My.MySettings/setting[@name='PSReportsPath']/value</xpath>
          <value>${PrepReportOutputPath}</value>
        </nodeChange>
        <nodeChange action="update">
          <xpath>/configuration/applicationSettings/Ato.CD.Outbound.CorroGen.PrepPSForPickUp.My.MySettings/setting[@name='PSPickUpRootPath']/value</xpath>
          <value>${ArchivePath}</value>
        </nodeChange>
        <nodeChange action="update">
          <xpath>/configuration/applicationSettings/Ato.CD.Outbound.CorroGen.PrepPSForPickUp.My.MySettings/setting[@name='PSPickUpFolderName']/value</xpath>
          <value>${ArchiveFolderName}</value>
        </nodeChange>
        <nodeChange action="update">
          <xpath>/configuration/applicationSettings/Ato.CD.Outbound.CorroGen.PrepPSForPickUp.My.MySettings/setting[@name='VendorExpression']/value</xpath>
          <value>${VendorExpression}</value>
        </nodeChange>
        <nodeChange action="update">
          <xpath>/configuration/applicationSettings/Ato.CD.Outbound.CorroGen.PrepPSForPickUp.My.MySettings/setting[@name='FTPFolderOut']/value</xpath>
          <value>${FTPFolderOut}</value>
        </nodeChange>
        <nodeChange action="update">
          <xpath>/configuration/applicationSettings/Ato.CD.Outbound.CorroGen.PrepPSForPickUp.My.MySettings/setting[@name='FTPFolderIn']/value</xpath>
          <value>${FTPFolderIn}</value>
        </nodeChange>
        <!--Codestable Lookup-->
        <nodeChange type="xmlblock" action="add">
          <xpath insert="start">/configuration</xpath>
          <xmlBlock>
            <system.runtime.remoting>
              <application>
                <client>
                  <wellknown type="ATO.CA.ApplicationServices.Service.Contracts.ICodesTableService,ATO.CA.ApplicationServices" url="http://${CodesTableRemotingIP}/${CodesTablePath}/${CodesTableRem}" />
                </client>
              </application>
            </system.runtime.remoting>
          </xmlBlock>
        </nodeChange>
        <!-- RMS -->
        <nodeChange action="update">
          <xpath>/configuration/applicationSettings/Ato.CD.Outbound.CorroGen.PrepPSForPickUp.My.MySettings/setting[@name='RMSFilesPath']/value</xpath>
          <value>${RMSFilesPath}</value>
        </nodeChange>
        <nodeChange action="update">
          <xpath>/configuration/applicationSettings/Ato.CD.Outbound.CorroGen.PrepPSForPickUp.My.MySettings/setting[@name='RMSPickUpRootFolder']/value</xpath>
          <value>${RMSPickUpRootFolder}</value>
        </nodeChange>
        <nodeChange action="update">
          <xpath>/configuration/applicationSettings/Ato.CD.Outbound.CorroGen.PrepPSForPickUp.My.MySettings/setting[@name='RMSPickUpFolderName']/value</xpath>
          <value>${RMSPickUpFolderName}</value>
        </nodeChange>
        <nodeChange action="update">
          <xpath>/configuration/applicationSettings/Ato.CD.Outbound.CorroGen.PrepPSForPickUp.My.MySettings/setting[@name='RMSArchiveDays']/value</xpath>
          <value>${RMSArchiveDays}</value>
        </nodeChange>
        <nodeChange action="update">
          <xpath>/configuration/applicationSettings/Ato.CD.Outbound.CorroGen.PrepPSForPickUp.My.MySettings/setting[@name='RMSArchiveTSRFolders']/value</xpath>
          <value>${RMSArchiveTSRFolders}</value>
        </nodeChange>
        <nodeChange action="update">
          <xpath>/configuration/applicationSettings/Ato.CD.Outbound.CorroGen.PrepPSForPickUp.My.MySettings/setting[@name='RMSVendorName']/value</xpath>
          <value>${RMSVendorName}</value>
        </nodeChange>
      </nodeChanges>
    </configurationChange>
  </configurationChanges>
</configuration>