<?xml version="1.0" encoding="utf-8"?>
<configuration>
  <Application>
    <WebService>
      <WebSites>
        <WebSite name="OutboundWebsite" start="true" allowCohostWebsiteName="true">
          <serverbindings>${RemotingIP}:${RemotingPort}:</serverbindings>
          <scriptmaps frameworkversion="v2.0.50727" />
          <path>${TargetDir}\webSite</path>
          <AuthFlags.AuthNTLM>true</AuthFlags.AuthNTLM>
          <WebApplication name="ATO.CD.Outbound.ManualCorresService">
            <path>${TargetDir}\OutboundUI\ATO.CD.Outbound.ManualCorresService</path>
            <defaultdoc>Default.htm,Default.asp,index.htm,Default.aspx</defaultdoc>
            <AuthFlags.AuthBasic>false</AuthFlags.AuthBasic>
            <AuthFlags.AuthAnonymous>true</AuthFlags.AuthAnonymous>
            <AuthFlags.AuthMD5>false</AuthFlags.AuthMD5>
            <AuthFlags.AuthNTLM>false</AuthFlags.AuthNTLM>
            <appIsolated>2</appIsolated>
            <apppoolname>ManualCorresServiceAppPool${InstanceKey}</apppoolname>
          </WebApplication>
          <WebApplication name="ATO.CD.RemotingInterface">
            <path>${TargetDir}\OutboundUI\ATO.CD.RemotingInterface</path>
            <defaultdoc>Default.htm,Default.asp,index.htm,Default.aspx</defaultdoc>
            <AuthFlags.AuthBasic>false</AuthFlags.AuthBasic>
            <AuthFlags.AuthAnonymous>true</AuthFlags.AuthAnonymous>
            <AuthFlags.AuthMD5>false</AuthFlags.AuthMD5>
            <AuthFlags.AuthNTLM>false</AuthFlags.AuthNTLM>
            <appIsolated>2</appIsolated>
            <apppoolname>RemotingInterfaceAppPool${InstanceKey}</apppoolname>
          </WebApplication>
          <WebApplication name="OutboundWeb">
            <path>${TargetDir}\OutboundUI\OutboundWeb</path>
            <defaultdoc>Default.htm,Default.asp,index.htm,Default.aspx</defaultdoc>
            <AuthFlags.AuthBasic>false</AuthFlags.AuthBasic>
            <AuthFlags.AuthAnonymous>false</AuthFlags.AuthAnonymous>
            <AuthFlags.AuthMD5>false</AuthFlags.AuthMD5>
            <AuthFlags.AuthNTLM>true</AuthFlags.AuthNTLM>
            <appIsolated>2</appIsolated>
            <apppoolname>OutboundAppPool${InstanceKey}</apppoolname>
            <!--<scriptmaps>.icp,${windir}\Microsoft.NET\Framework\v2.0.50727\aspnet_isapi.dll,5,GET,POST</scriptmaps>-->
          </WebApplication>
          <WebApplication name="InfoPathTemplate">
            <path>${AtoApplicationDir}\${ApplicationName}\InfoPathTemplate</path>
            <AuthFlags.AuthBasic>false</AuthFlags.AuthBasic>
            <AuthFlags.AuthAnonymous>false</AuthFlags.AuthAnonymous>
            <AuthFlags.AuthMD5>false</AuthFlags.AuthMD5>
            <AuthFlags.AuthNTLM>true</AuthFlags.AuthNTLM>
            <defaultdoc>Default.htm,Default.asp,index.htm,Default.aspx</defaultdoc>
            <appIsolated>2</appIsolated>
            <apppoolname>OutboundAppPool${InstanceKey}</apppoolname>
          </WebApplication>
        </WebSite>
      </WebSites>
    </WebService>
    <WebService>
      <ApplicationPools>
        <ApplicationPool name="ManualCorresServiceAppPool${InstanceKey}" acprefix="as">
          <PeriodicRestartTime>0</PeriodicRestartTime>
          <PeriodicRestartSchedule>${RecycleProcessesTime}</PeriodicRestartSchedule>
          <IdleTimeout>0</IdleTimeout>
          <AppPoolIdentityType>3</AppPoolIdentityType>
        </ApplicationPool>
        <ApplicationPool name="RemotingInterfaceAppPool${InstanceKey}" acprefix="as">
          <PeriodicRestartTime>0</PeriodicRestartTime>
          <PeriodicRestartSchedule>${RecycleProcessesTime}</PeriodicRestartSchedule>
          <IdleTimeout>0</IdleTimeout>
          <AppPoolIdentityType>3</AppPoolIdentityType>
        </ApplicationPool>
        <ApplicationPool name="OutboundAppPool${InstanceKey}" acprefix="is">
          <PeriodicRestartTime>0</PeriodicRestartTime>
          <PeriodicRestartSchedule>${RecycleProcessesTime}</PeriodicRestartSchedule>
          <IdleTimeout>0</IdleTimeout>
          <AppPoolIdentityType>3</AppPoolIdentityType>
        </ApplicationPool>
      </ApplicationPools>
    </WebService>
  </Application>
</configuration>