<?xml version="1.0"?>
<configuration>
	<!--configurationChanges key="WSCconfigurationChanges">
    <configurationChange>
      <file>${WscWebConfigPath}\web.config</file>
      <nodeChanges>
        <nodeChange action="delete">
          <xpath>/configuration/WSCConfiguration/Applications</xpath>
          <xmlnode name="add">
            <attribute name="Name">Outbound</attribute>
          </xmlnode>
        </nodeChange>
      </nodeChanges>
    </configurationChange>
    <configurationChange>
      <file>${WscWebConfigPath}\web.config</file>
      <nodeChanges>
        <nodeChange type="xmlblock" action="add">
          <xpath insert="end">/configuration/WSCConfiguration/Applications</xpath>
          <xmlblock>
            <add Name="Outbound">
              <Views>
                <clear />
                <add Name="SendICPCorrespondence" Url="http://${WscOutboundUrl}/OutboundWeb/default.aspx" WindowOpenProperties="toolbar=yes,menubar=yes,location=yes,directories=no,status=yes,resizable=yes,scrollbars=yes" IsNewWindow="True" XsltFile="${WSCRootPath}\ATO.CA.InteractionServices.WorkSpaceController\WebService\WebApps\wscwebservice\xslt\ApplyNilAttributes.xslt">
                  <UrlParameters>
                    <clear />
                    <add Name="Context" IsFixed="True" Value="ContextID" />
                    <add Name="View" IsFixed="True" Value="ViewID" />
                    <add Name="Application" IsFixed="True" Value="ApplicationID" />
                  </UrlParameters>
                </add>
                <add Name="SendSiebelCorrespondence" Url="http://${WscOutboundUrl}/OutboundWeb/default.aspx" WindowOpenProperties="toolbar=yes,menubar=yes,location=yes,directories=no,status=yes,resizable=yes,scrollbars=yes" IsNewWindow="True" XsltFile="${WSCRootPath}\ATO.CA.InteractionServices.WorkSpaceController\WebService\WebApps\wscwebservice\xslt\SiebelToOutbound.xslt">
                  <UrlParameters>
                    <clear />
                    <add Name="Context" IsFixed="True" Value="SiebelContextID" />
                    <add Name="View" IsFixed="True" Value="ViewID" />
                    <add Name="Application" IsFixed="True" Value="ApplicationID" />
                  </UrlParameters>
                </add>
                <add Name="SendSiebelCorrespondenceMultiIdentifiers" Url="http://${WscOutboundUrl}/OutboundWeb/default.aspx" WindowOpenProperties="toolbar=yes,menubar=yes,location=yes,directories=no,status=yes,resizable=yes,scrollbars=yes" IsNewWindow="True" XsltFile="${WSCRootPath}\ATO.CA.InteractionServices.WorkSpaceController\WebService\WebApps\wscwebservice\xslt\SiebelToOutbound_2.0.xslt">
                  <UrlParameters>
                    <clear />
                    <add Name="Context" IsFixed="True" Value="SiebelContextID" />
                    <add Name="View" IsFixed="True" Value="ViewID" />
                    <add Name="Application" IsFixed="True" Value="ApplicationID" />
                  </UrlParameters>
                </add>
              </Views>
            </add>
          </xmlblock>
        </nodeChange>
      </nodeChanges>
    </configurationChange>
  </configurationChanges-->
	<configurationChanges>
		<!-- AS - update file: ManualCorresService - web.config-->
		<configurationChange>
			<file>${TargetDir}\OutboundUI\ATO.CD.Outbound.ManualCorresService\web.config</file>
			<nodeChanges>
				<nodeChange action="update">
					<xpath>/configuration/appSettings/add[@key='LogTestAutomationSwitch']/@value</xpath>
					<value>${LogTestAutomationSwitch}</value>
				</nodeChange>
				<nodeChange action="update">
					<xpath>/configuration/appSettings/add[@key='LogTestAutomationLocation']/@value</xpath>
					<value>${AtoApplicationDir}\AppLogs\OutboundUI\${InstanceKey}\</value>
				</nodeChange>
				<nodeChange action="update">
					<xpath>/configuration/connectionStrings/add[@name='OutBoundCorroGen']/@connectionString</xpath>
					<value>server=${DALC_Server}; database=${DALC_Database};Integrated Security=true</value>
				</nodeChange>
				<nodeChange action="update">
					<xpath>/configuration/loggingConfiguration/listeners/add[@name='ManualCorresAuditFile']/@fileName</xpath>
					<value>${ManualCorresAuditFileName}</value>
				</nodeChange>
				<nodeChange action="update">
					<xpath>/configuration/loggingConfiguration/listeners/add[@name='ManualCorresExceptionFile']/@fileName</xpath>
					<value>${ManualCorresExceptionFileName}</value>
				</nodeChange>
				<nodeChange action="update">
					<xpath>/configuration/loggingConfiguration/listeners/add[@name='ManualCorresInstrumentation']/@fileName</xpath>
					<value>${ManualCorresInstrumentationFileName}</value>
				</nodeChange>
				<!--MQ Config-->
				<nodeChange action="update" runapp="NOT ${MQServer.Channel.Cleanup}">
					<xpath>/configuration/Ato.EN.ApplicationServices.MQ/@ccdt</xpath>
					<value>${CCDTSourcePath}\${CCDTFile}</value>
				</nodeChange>
				<nodeChange action="update" runapp="NOT ${MQServer.Channel.Cleanup}">
					<xpath>/configuration/Ato.EN.ApplicationServices.MQ/transports/transport[@name='MQSeries']/@channel</xpath>
					<value>${ChannelName}.SVRCONN</value>
				</nodeChange>
				<nodeChange action="update" runapp="NOT ${MQServer.Channel.Cleanup}">
					<xpath>/configuration/Ato.EN.ApplicationServices.MQ/transports/transport[@name='MQSeries']/@hostName</xpath>
					<value>${MQSeries.hostName}</value>
				</nodeChange>
				<nodeChange action="update" runapp="NOT ${MQServer.Channel.Cleanup}">
					<xpath>/configuration/Ato.EN.ApplicationServices.MQ/transports/transport[@name='MQSeries']/@port</xpath>
					<value>${MQSeries.port}</value>
				</nodeChange>
				<nodeChange action="delete" runapp="${MQServer.Channel.Cleanup}">
					<xpath>/configuration/Ato.EN.ApplicationServices.MQ</xpath>
					<xmlattribute name="ccdt" />
				</nodeChange>
				<nodeChange action="delete" runapp="${MQServer.Channel.Cleanup}">
					<xpath>/configuration/Ato.EN.ApplicationServices.MQ/transports/transport[@name='MQSeries']</xpath>
					<xmlattribute name="channel" />
				</nodeChange>
				<nodeChange action="delete" runapp="${MQServer.Channel.Cleanup}">
					<xpath>/configuration/Ato.EN.ApplicationServices.MQ/transports/transport[@name='MQSeries']</xpath>
					<xmlattribute name="hostName" />
				</nodeChange>
				<nodeChange action="delete" runapp="${MQServer.Channel.Cleanup}">
					<xpath>/configuration/Ato.EN.ApplicationServices.MQ/transports/transport[@name='MQSeries']</xpath>
					<xmlattribute name="port" />
				</nodeChange>
				<nodeChange action="update">
					<xpath>/configuration/Ato.EN.ApplicationServices.MQ/transports/transport[@name='MQSeries']/@isServerConnection</xpath>
					<value>${MQSeries.isServer}</value>
				</nodeChange>
				<nodeChange action="update">
					<xpath>/configuration/Ato.EN.ApplicationServices.MQ/eaiServices/eaiService[@name='OutboundReceive']/outwardBound/endpoint/@uri</xpath>
					<value>WMQ://${OutboundReceiveManager}/${OutboundReceiveRequest}</value>
				</nodeChange>
				<nodeChange action="update">
					<xpath>/configuration/Ato.EN.ApplicationServices.MQ/eaiServices/eaiService[@name='OutboundReceive']/error/endpoint/@uri</xpath>
					<value>WMQ://${OutboundReceiveManager}/${OutboundReceiveError}</value>
				</nodeChange>
				<nodeChange action="update">
					<xpath>/configuration/Ato.EN.ApplicationServices.MQ/eaiServices/eaiService[@name='OutboundManageDoc']/outwardBound/endpoint/@uri</xpath>
					<value>WMQ://${OutboundManageDocManager}/${OutboundManageDocRequest}</value>
				</nodeChange>
				<nodeChange action="update">
					<xpath>/configuration/Ato.EN.ApplicationServices.MQ/eaiServices/eaiService[@name='OutboundManageDoc']/error/endpoint/@uri</xpath>
					<value>WMQ://${OutboundManageDocManager}/${OutboundManageDocError}</value>
				</nodeChange>
				<nodeChange action="update">
					<xpath>/configuration/Ato.EN.ApplicationServices.MQ/eaiServices/eaiService[@name='Staging']/inwardBound/endpoint/@uri</xpath>
					<value>WMQ://${StagingManager}/${StagingInbound}</value>
				</nodeChange>
				<nodeChange action="update">
					<xpath>/configuration/Ato.EN.ApplicationServices.MQ/eaiServices/eaiService[@name='Staging']/outwardBound/endpoint/@uri</xpath>
					<value>WMQ://${StagingManager}/${StagingOutbound}</value>
				</nodeChange>
				<nodeChange action="update">
					<xpath>/configuration/Ato.EN.ApplicationServices.MQ/eaiServices/eaiService[@name='Logging']/outwardBound/endpoint/@uri</xpath>
					<value>WMQ://${LoggingManager}/${LoggingQueue}</value>
				</nodeChange>
			</nodeChanges>
		</configurationChange>
		<!-- AS only - update file: RemotingInterface web.config -->
		<configurationChange>
			<file>${TargetDir}\OutboundUI\ATO.CD.RemotingInterface\web.config</file>
			<nodeChanges>
				<nodeChange action="update">
					<xpath>/configuration/appSettings/add[@key='LogTestAutomationSwitch']/@value</xpath>
					<value>${LogTestAutomationSwitch}</value>
				</nodeChange>
				<nodeChange action="update">
					<xpath>/configuration/appSettings/add[@key='LogTestAutomationLocation']/@value</xpath>
					<value>${AtoApplicationDir}\AppLogs\OutboundUI\${InstanceKey}\</value>
				</nodeChange>
				<nodeChange action="update">
					<xpath>/configuration/Ato.EN.ApplicationServices.MQ/eaiServices/eaiService/inwardBound/message/@timeout</xpath>
					<value>${TimeoutValue}</value>
				</nodeChange>
				<nodeChange action="update">
					<xpath>/configuration/connectionStrings/add[@name='OutBoundCorroGen']/@connectionString</xpath>
					<value>server=${DALC_Server}; database=${DALC_Database};Integrated Security=true</value>
				</nodeChange>
				<nodeChange action="update">
					<xpath>/configuration/loggingConfiguration/listeners/add[@name='AuditFile']/@fileName</xpath>
					<value>${RemotingInterfaceAuditFileName}</value>
				</nodeChange>
				<nodeChange action="update">
					<xpath>/configuration/loggingConfiguration/listeners/add[@name='ExceptionFile']/@fileName</xpath>
					<value>${RemotingInterfaceExceptionFileName}</value>
				</nodeChange>
				<nodeChange action="update">
					<xpath>/configuration/loggingConfiguration/listeners/add[@name='Instrumentation']/@fileName</xpath>
					<value>${RemotingInterfaceInstrumentationFileName}</value>
				</nodeChange>
				<nodeChange action="update">
					<xpath>/configuration/dataConfiguration/@defaultDatabase</xpath>
					<value>${DALC_Database}</value>
				</nodeChange>
				<nodeChange action="add">
					<xpath insert="end">/configuration/Ato.EN.ApplicationServices/transporter[@name='MQTransporter']</xpath>
					<xmlattribute name="saveRequests">${saveRequestXMLDocuments}</xmlattribute>
				</nodeChange>
				<nodeChange action="add">
					<xpath insert="end">/configuration/Ato.EN.ApplicationServices/transporter[@name='MQTransporter']</xpath>
					<xmlattribute name="saveResponses">"${saveResponseXMLDocuments}</xmlattribute>
				</nodeChange>
				<nodeChange action="add">
					<xpath insert="end">/configuration/Ato.EN.ApplicationServices/transporter[@name='MQTransporter']</xpath>
					<xmlattribute name="saveMQRequests">${saveRequestCopybooks}</xmlattribute>
				</nodeChange>
				<nodeChange action="add">
					<xpath insert="end">/configuration/Ato.EN.ApplicationServices/transporter[@name='MQTransporter']</xpath>
					<xmlattribute name="svaeMQResponses">${saveResponseCopybooks}</xmlattribute>
				</nodeChange>
				<nodeChange action="update">
					<xpath>/configuration/Ato.EN.ApplicationServices/transporter[@name='AppTransporter']/extension[@name='Logging']/@enabled</xpath>
					<value>${AppTransporterLoggingExtensionenabled}</value>
				</nodeChange>
				<nodeChange action="update">
					<xpath>/configuration/Ato.EN.ApplicationServices/transporter[@name='MQTransporter']/extension[@name='Logging']/@enabled</xpath>
					<value>${MQTransporterLoggingExtensionenabled}</value>
				</nodeChange>
				<!--MQ Config-->
				<nodeChange action="update" runapp="NOT ${MQServer.Channel.Cleanup}">
					<xpath>/configuration/Ato.EN.ApplicationServices.MQ/@ccdt</xpath>
					<value>${CCDTSourcePath}\${CCDTFile}</value>
				</nodeChange>
				<nodeChange action="update" runapp="NOT ${MQServer.Channel.Cleanup}">
					<xpath>/configuration/Ato.EN.ApplicationServices.MQ/transports/transport[@name='MQSeries']/@channel</xpath>
					<value>${ChannelName}.SVRCONN</value>
				</nodeChange>
				<nodeChange action="update" runapp="NOT ${MQServer.Channel.Cleanup}">
					<xpath>/configuration/Ato.EN.ApplicationServices.MQ/transports/transport[@name='MQSeries']/@hostName</xpath>
					<value>${MQSeries.hostName}</value>
				</nodeChange>
				<nodeChange action="update" runapp="NOT ${MQServer.Channel.Cleanup}">
					<xpath>/configuration/Ato.EN.ApplicationServices.MQ/transports/transport[@name='MQSeries']/@port</xpath>
					<value>${MQSeries.port}</value>
				</nodeChange>
				<nodeChange action="delete" runapp="${MQServer.Channel.Cleanup}">
					<xpath>/configuration/Ato.EN.ApplicationServices.MQ</xpath>
					<xmlattribute name="ccdt" />
				</nodeChange>
				<nodeChange action="delete" runapp="${MQServer.Channel.Cleanup}">
					<xpath>/configuration/Ato.EN.ApplicationServices.MQ/transports/transport[@name='MQSeries']</xpath>
					<xmlattribute name="channel" />
				</nodeChange>
				<nodeChange action="delete" runapp="${MQServer.Channel.Cleanup}">
					<xpath>/configuration/Ato.EN.ApplicationServices.MQ/transports/transport[@name='MQSeries']</xpath>
					<xmlattribute name="hostName" />
				</nodeChange>
				<nodeChange action="delete" runapp="${MQServer.Channel.Cleanup}">
					<xpath>/configuration/Ato.EN.ApplicationServices.MQ/transports/transport[@name='MQSeries']</xpath>
					<xmlattribute name="port" />
				</nodeChange>
				<nodeChange action="update">
					<xpath>/configuration/Ato.EN.ApplicationServices.MQ/transports/transport[@name='MQSeries']/@isServerConnection</xpath>
					<value>${MQSeries.isServer}</value>
				</nodeChange>
				<nodeChange action="update">
					<xpath>/configuration/Ato.EN.ApplicationServices.MQ/eaiServices/eaiService[@name='DownloadCodesTabBig']/inwardBound/endpoint/@uri</xpath>
					<value>WMQ://${DownloadCodesTableManager}/${DownloadCodesTableReply}</value>
				</nodeChange>
				<nodeChange action="update">
					<xpath>/configuration/Ato.EN.ApplicationServices.MQ/eaiServices/eaiService[@name='DownloadCodesTabBig']/outwardBound/endpoint/@uri</xpath>
					<value>WMQ://${DownloadCodesTableManager}/${DownloadCodesTableRequest}</value>
				</nodeChange>
				<nodeChange action="update">
					<xpath>/configuration/Ato.EN.ApplicationServices.MQ/eaiServices/eaiService[@name='ClientAddressSelection']/inwardBound/endpoint/@uri</xpath>
					<value>WMQ://${ClientAddressSelectionManager}/${ClientAddressSelectionReply}</value>
				</nodeChange>
				<nodeChange action="update">
					<xpath>/configuration/Ato.EN.ApplicationServices.MQ/eaiServices/eaiService[@name='ClientAddressSelection']/outwardBound/endpoint/@uri</xpath>
					<value>WMQ://${ClientAddressSelectionManager}/${ClientAddressSelectionRequest}</value>
				</nodeChange>
				<nodeChange action="update">
					<xpath>/configuration/Ato.EN.ApplicationServices.MQ/eaiServices/eaiService[@name='ChkSecurityAccess']/inwardBound/endpoint/@uri</xpath>
					<value>WMQ://${CheckUserSecurityAccessManager}/${CheckUserSecurityAccessReply}</value>
				</nodeChange>
				<nodeChange action="update">
					<xpath>/configuration/Ato.EN.ApplicationServices.MQ/eaiServices/eaiService[@name='ChkSecurityAccess']/outwardBound/endpoint/@uri</xpath>
					<value>WMQ://${CheckUserSecurityAccessManager}/${CheckUserSecurityAccessRequest}</value>
				</nodeChange>
				<nodeChange action="update">
					<xpath>/configuration/Ato.EN.ApplicationServices.MQ/eaiServices/eaiService[@name='OutboundDocSecCheck']/inwardBound/endpoint/@uri</xpath>
					<value>WMQ://${CaseSecurityCheckManager}/${OutboundDocSecCheckReply}</value>
				</nodeChange>
				<nodeChange action="update">
					<xpath>/configuration/Ato.EN.ApplicationServices.MQ/eaiServices/eaiService[@name='OutboundDocSecCheck']/outwardBound/endpoint/@uri</xpath>
					<value>WMQ://${CaseSecurityCheckManager}/${OutboundDocSecCheckRequest}</value>
				</nodeChange>
				<nodeChange action="update">
					<xpath>/configuration/Ato.EN.ApplicationServices.MQ/eaiServices/eaiService[@name='Staging']/inwardBound/endpoint/@uri</xpath>
					<value>WMQ://${StagingManager}/${StagingInbound}</value>
				</nodeChange>
				<nodeChange action="update">
					<xpath>/configuration/Ato.EN.ApplicationServices.MQ/eaiServices/eaiService[@name='Staging']/outwardBound/endpoint/@uri</xpath>
					<value>WMQ://${StagingManager}/${StagingOutbound}</value>
				</nodeChange>
				<nodeChange action="update">
					<xpath>/configuration/Ato.EN.ApplicationServices.MQ/eaiServices/eaiService[@name='Logging']/outwardBound/endpoint/@uri</xpath>
					<value>WMQ://${LoggingManager}/${LoggingQueue}</value>
				</nodeChange>
				<nodeChange action="update">
					<xpath>/configuration/Ato.EN.ApplicationServices.MQ/eaiServices/eaiService[@name='MessageClient']/inwardBound/endpoint/@uri</xpath>
					<value>WMQ://${MessageClientManager}/${MessageClientReply}</value>
				</nodeChange>
				<nodeChange action="update">
					<xpath>/configuration/Ato.EN.ApplicationServices.MQ/eaiServices/eaiService[@name='MessageClient']/outwardBound/endpoint/@uri</xpath>
					<value>WMQ://${MessageClientManager}/${MessageClientRequest}</value>
				</nodeChange>
				<!-- Download CodesTable Timeout -->
				<nodeChange action="update">
					<xpath>/configuration/Ato.EN.ApplicationServices.MQ/eaiServices/eaiService[@name="DownloadCodesTabBig"]/inwardBound/message/@timeout</xpath>
					<value>${DownloadCodesTableTimeout}</value>
				</nodeChange>
				<!-- Check Security Access Timeout -->
				<nodeChange action="update">
					<xpath>/configuration/Ato.EN.ApplicationServices.MQ/eaiServices/eaiService[@name="ChkSecurityAccess"]/inwardBound/message/@timeout</xpath>
					<value>${ChkSecurityAccessTimeout}</value>
				</nodeChange>
				<!-- Client Address Selection Timeout -->
				<nodeChange action="update">
					<xpath>/configuration/Ato.EN.ApplicationServices.MQ/eaiServices/eaiService[@name="ClientAddressSelection"]/inwardBound/message/@timeout</xpath>
					<value>${ClientAddressSelectionTimeout}</value>
				</nodeChange>

				<!-- https enablement -->
				<nodeChange action="update" runapp="">
					<xpath>/configuration/system.serviceModel/services/service/endpoint/@binding</xpath>
					<value regex="mexHttpBinding">mexHttpsBinding</value>
				</nodeChange>
				<nodeChange action="update" runapp="">
					<xpath>/configuration/system.serviceModel/behaviors/serviceBehaviors/behavior/serviceMetadata/@httpGetEnabled</xpath>
					<value>false</value>
				</nodeChange>
				<nodeChange action="add">
					<xpath insert="end">/configuration/system.serviceModel/behaviors/serviceBehaviors/behavior/serviceMetadata</xpath>
					<xmlattribute name="httpsGetEnabled">true</xmlattribute>
				</nodeChange>

				<nodeChange action="update" runapp="">
					<xpath>/configuration/system.serviceModel/bindings/customBinding/binding/@httpTransport</xpath>
					<value regex="httpTransport">httpsTransport</value>
				</nodeChange>

			</nodeChanges>
		</configurationChange>
	</configurationChanges>
	<configurationChanges>
		<!-- IS - update file: OutboundWeb\web.config -->
		<configurationChange>
			<file>${TargetDir}\OutboundUI\OutboundWeb\web.config</file>
			<nodeChanges>
				<nodeChange action="update">
					<xpath>/configuration/appSettings/add[@key='LogTestAutomationSwitch']/@value</xpath>
					<value>${LogTestAutomationSwitch}</value>
				</nodeChange>
				<nodeChange action="update">
					<xpath>/configuration/appSettings/add[@key='LogTestAutomationLocation']/@value</xpath>
					<value>${AtoApplicationDir}\AppLogs\OutboundUI\${InstanceKey}\</value>
				</nodeChange>
				<nodeChange action="update">
					<xpath>/configuration/loggingConfiguration/listeners/add[@name='AuditFile']/@fileName</xpath>
					<value>${OutboundWebAuditFileName}</value>
				</nodeChange>
				<!--nodeChange action="add">
          <xpath insert="end">/configuration/loggingConfiguration/listeners/add[@name='ExceptionSink']</xpath>
          <xmlattribute name="fileName">Outbound.${InstanceKey}</xmlattribute>
        </nodeChange>-->
				<nodeChange action="update">
					<xpath>/configuration/loggingConfiguration/listeners/add[@name='Instrumentation']/@fileName</xpath>
					<value>${OutboundWebInstrumentationFileName}</value>
				</nodeChange>
				<nodeChange action="update">
					<xpath>/configuration/security/users/providers/add[@name='LdapProvider']/@userDomain</xpath>
					<value>${LdapProviderUserDomain}</value>
				</nodeChange>
				<nodeChange action="update">
					<xpath>/configuration/security/authorisation/providers/add[@name='Win2003AzMan']/@authStore</xpath>
					<value>${Win2003AzManAuthStore}</value>
				</nodeChange>
				<nodeChange action="update">
					<xpath>/configuration/appSettings/add[@key='WorkSpaceController.Application']/@value</xpath>
					<value>${WorkSpaceController}</value>
				</nodeChange>
				<nodeChange action="update">
					<xpath>/configuration/system.web/sessionState/@sqlConnectionString</xpath>
					<value regex="data source=[a-zA-Z0-9.\\]+;">data source=${SessionStateDatabase};</value>
				</nodeChange>
				<nodeChange action="update">
					<xpath>/configuration/system.web/customErrors/@mode</xpath>
					<value>${CustomErrors}</value>
				</nodeChange>
				<!--MQ Config-->
				<nodeChange action="update" runapp="NOT ${MQServer.Channel.Cleanup}">
					<xpath>/configuration/Ato.EN.ApplicationServices.MQ/@ccdt</xpath>
					<value>${CCDTSourcePath}\${CCDTFile}</value>
				</nodeChange>
				<nodeChange action="update" runapp="NOT ${MQServer.Channel.Cleanup}">
					<xpath>/configuration/Ato.EN.ApplicationServices.MQ/transports/transport[@name='MQSeries']/@channel</xpath>
					<value>${ChannelName}.SVRCONN</value>
				</nodeChange>
				<nodeChange action="update" runapp="NOT ${MQServer.Channel.Cleanup}">
					<xpath>/configuration/Ato.EN.ApplicationServices.MQ/transports/transport[@name='MQSeries']/@hostName</xpath>
					<value>${MQSeries.hostName}</value>
				</nodeChange>
				<nodeChange action="update" runapp="NOT ${MQServer.Channel.Cleanup}">
					<xpath>/configuration/Ato.EN.ApplicationServices.MQ/transports/transport[@name='MQSeries']/@port</xpath>
					<value>${MQSeries.port}</value>
				</nodeChange>
				<nodeChange action="delete" runapp="${MQServer.Channel.Cleanup}">
					<xpath>/configuration/Ato.EN.ApplicationServices.MQ/transports/transport[@name='MQSeries']</xpath>
					<xmlattribute name="channel" />
				</nodeChange>
				<nodeChange action="delete" runapp="${MQServer.Channel.Cleanup}">
					<xpath>/configuration/Ato.EN.ApplicationServices.MQ</xpath>
					<xmlattribute name="ccdt" />
				</nodeChange>
				<nodeChange action="delete" runapp="${MQServer.Channel.Cleanup}">
					<xpath>/configuration/Ato.EN.ApplicationServices.MQ/transports/transport[@name='MQSeries']</xpath>
					<xmlattribute name="hostName" />
				</nodeChange>
				<nodeChange action="delete" runapp="${MQServer.Channel.Cleanup}">
					<xpath>/configuration/Ato.EN.ApplicationServices.MQ/transports/transport[@name='MQSeries']</xpath>
					<xmlattribute name="port" />
				</nodeChange>
				<nodeChange action="update" >
					<xpath>/configuration/Ato.EN.ApplicationServices.MQ/transports/transport[@name='MQSeries']/@isServerConnection</xpath>
					<value>${MQSeries.isServer}</value>
				</nodeChange>
				<nodeChange action="update">
					<xpath>/configuration/Ato.EN.ApplicationServices.MQ/eaiServices/eaiService[@name='Staging']/inwardBound/endpoint/@uri</xpath>
					<value>WMQ://${StagingManager}/${StagingInbound}</value>
				</nodeChange>
				<nodeChange action="update">
					<xpath>/configuration/Ato.EN.ApplicationServices.MQ/eaiServices/eaiService[@name='Staging']/outwardBound/endpoint/@uri</xpath>
					<value>WMQ://${StagingManager}/${StagingOutbound}</value>
				</nodeChange>
				<nodeChange action="update">
					<xpath>/configuration/Ato.EN.ApplicationServices.MQ/eaiServices/eaiService[@name='Logging']/outwardBound/endpoint/@uri</xpath>
					<value>WMQ://${LoggingManager}/${LoggingQueue}</value>
				</nodeChange>
				<nodeChange action="update">
					<xpath>/configuration/appSettings/add[@key='MCS.ManualCorresService']/@value</xpath>
					<value>${MCS.ManualCorresService}</value>
				</nodeChange>
				<nodeChange action="update">
					<xpath>/configuration/system.serviceModel/client/endpoint[@name='CorrespondenceClient']/@address</xpath>
					<value>https://${OutboundWebIP}/ATO.CD.RemotingInterface.${InstanceKey}/Services/Correspondence.svc</value>
				</nodeChange>
				<nodeChange action="update">
					<xpath>/configuration/system.serviceModel/client/endpoint[@name='RefDataServiceSyncClient']/@address</xpath>
					<value>https://${OutboundWebIP}/ATO.CD.RemotingInterface.${InstanceKey}/Services/ref-data.svc</value>
				</nodeChange>
				<nodeChange action="update">
					<xpath>/configuration/system.serviceModel/client/endpoint[@name='RefDataBigServiceSyncClient']/@address</xpath>
					<value>https://${OutboundWebIP}/ATO.CD.RemotingInterface.${InstanceKey}/Services/ref-data-big.svc</value>
				</nodeChange>

				<nodeChange action="update" runapp="">
					<xpath>/configuration/system.serviceModel/bindings/customBinding/binding/@httpTransport</xpath>
					<value regex="httpTransport">httpsTransport</value>
				</nodeChange>

			</nodeChanges>
		</configurationChange>
		<!-- IS - update file: OutboundWeb\OutboundSettings.xml -->
		<configurationChange>
			<file>${TargetDir}\OutboundUI\OutboundWeb\OutboundSettings.xml</file>
			<nodeChanges>
				<nodeChange action="update">
					<xpath>/settings/infopathTemplateURL</xpath>
					<value>${InfopathTemplateURL}</value>
				</nodeChange>
			</nodeChanges>
		</configurationChange>
	</configurationChanges>
	<textfiles>
		<textfile action="install">
			<!-- Update web.config  -->
			<filename>${TargetDir}\OutboundUI\ATO.CD.RemotingInterface\web.config</filename>
			<!-- convert to https -->
			<substitution>
				<targetstring regex="true">httpTransport hostNameComparisonMode</targetstring>
				<newstring>httpsTransport hostNameComparisonMode </newstring>
			</substitution>

		</textfile>

		<textfile action="install">
			<!-- Update web.config -->
			<filename>${TargetDir}\OutboundUI\OutboundWeb\web.config</filename>
			<!-- 1. Remove references to stdole (MS Office) -->
			<substitution>
				<targetstring><![CDATA[<add assembly="stdole, Version=7.0.3300.0, Culture=neutral, PublicKeyToken=B03F5F7F11D50A3A"/>]]></targetstring>
				<newstring />
			</substitution>
			<!-- 2. Remove references to Microsoft.VisualStudio.QualityTools.UnitTestFramework (from Visual Studio) -->
			<substitution>
				<targetstring><![CDATA[<add assembly="Microsoft.VisualStudio.QualityTools.UnitTestFramework, Version=8.0.0.0, Culture=neutral, PublicKeyToken=B03F5F7F11D50A3A"/>]]></targetstring>
				<newstring />
			</substitution>
			<!-- 3. Remove references to Microsoft.VisualStudio.QualityTools.Resource (from Visual Studio) -->
			<substitution>
				<targetstring><![CDATA[<add assembly="Microsoft.VisualStudio.QualityTools.Resource, Version=8.0.0.0, Culture=neutral, PublicKeyToken=B03F5F7F11D50A3A"/>]]></targetstring>
				<newstring />
			</substitution>
			<!-- convert to https -->
			<substitution>
				<targetstring regex="true">httpTransport hostNameComparisonMode</targetstring>
				<newstring>httpsTransport hostNameComparisonMode </newstring>
			</substitution>
		</textfile>
	</textfiles>
</configuration>