<?xml version="1.0" encoding="utf-8"?>
<configuration>
  <CustomFunctions>
    <First>
      <Function name="Add-DomainUserToLocalGroup">
        <domainUserName>${is.WAMUserName}</domainUserName>
        <localGroup>IIS_IUSRS</localGroup>
      </Function>
      <Function name="Add-DomainUserToLocalGroup">
        <domainUserName>${as.WAMUserName}</domainUserName>
        <localGroup>IIS_IUSRS</localGroup>
      </Function>
      <Function name="Set-RegistryPermission">
        <path>HKLM:\SOFTWARE\Microsoft\Windows NT\CurrentVersion\Perflib</path>
        <domainUserName>Domain Users</domainUserName>
        <registryRight>ReadKey</registryRight>
        <inheritanceFlag>ContainerInherit</inheritanceFlag>
        <propagationFlag>None</propagationFlag>
        <accessControlType>Allow</accessControlType>
      </Function>
      <Function name="Set-LocalDTC">
        <security>
          <networkDtcAccess enable="true" />
          <NetworkDtcAccessClients enable="true" />
          <NetworkDtcAccessAdmin enable="true" />
          <NetworkDtcAccessTransactions enable="true" />
          <NetworkDtcAccessInbound enable="true" />
          <NetworkDtcAccessOutbound enable="true" />
          <authenticationType value="Mutual Authentication Required" />
          <XaTransactions enable="true" />
          <LuTransactions enable="true" />
        </security>
      </Function>
    </First>
    <Last>
      <Function name="Set-EventLogProperties">
        <LogName>EAM</LogName>
        <MaximumSize>${LogSize}</MaximumSize>
        <RetentionDays>0</RetentionDays>
        <OverflowAction>OverwriteOlder</OverflowAction>
      </Function>
    </Last>
  </CustomFunctions>
</configuration>
