<configuration>
  <desiredStateConfiguration>
    <windowsFeature name="Web-Server" enable="true" />
    <windowsFeature name="Web-WebServer" enable="true" />
    <windowsFeature name="Web-Common-Http" enable="true" />
    <windowsFeature name="Web-Default-Doc" enable="true" />
    <windowsFeature name="Web-Dir-Browsing" enable="true" />
    <windowsFeature name="Web-Http-Errors" enable="true" />
    <windowsFeature name="Web-Static-Content" enable="true" />
    <windowsFeature name="Web-Http-Redirect" enable="true" />
    <windowsFeature name="Web-DAV-Publishing" enable="true" />
    <windowsFeature name="Web-Health" enable="true" />
    <windowsFeature name="Web-Http-Logging" enable="true" />
    <windowsFeature name="Web-Custom-Logging" enable="true" />
    <windowsFeature name="Web-Log-Libraries" enable="true" />
    <windowsFeature name="Web-ODBC-Logging" enable="true" />
    <windowsFeature name="Web-Request-Monitor" enable="true" />
    <windowsFeature name="Web-Http-Tracing" enable="true" />
    <windowsFeature name="Web-Performance" enable="true" />
    <windowsFeature name="Web-Stat-Compression" enable="true" />
    <windowsFeature name="Web-Dyn-Compression" enable="true" />
    <windowsFeature name="Web-Security" enable="true" />
    <windowsFeature name="Web-Filtering" enable="true" />
    <windowsFeature name="Web-Basic-Auth" enable="true" />
    <windowsFeature name="Web-CertProvider" enable="true" />
    <windowsFeature name="Web-Client-Auth" enable="true" />
    <windowsFeature name="Web-Digest-Auth" enable="true" />
    <windowsFeature name="Web-Cert-Auth" enable="true" />
    <windowsFeature name="Web-IP-Security" enable="true" />
    <windowsFeature name="Web-Url-Auth" enable="true" />
    <windowsFeature name="Web-Windows-Auth" enable="true" />
    <windowsFeature name="Web-App-Dev" enable="true" />
    <windowsFeature name="Web-Net-Ext" enable="true" />
    <windowsFeature name="Web-Net-Ext45" enable="true" />
    <windowsFeature name="Web-AppInit" enable="true" />
    <windowsFeature name="Web-ASP" enable="true" />
    <windowsFeature name="Web-Asp-Net" enable="true" />
    <windowsFeature name="Web-Asp-Net45" enable="true" />
    <windowsFeature name="Web-CGI" enable="true" />
    <windowsFeature name="Web-ISAPI-Ext" enable="true" />
    <windowsFeature name="Web-ISAPI-Filter" enable="true" />
    <windowsFeature name="Web-Includes" enable="true" />
    <windowsFeature name="Web-WebSockets" enable="true" />
    <windowsFeature name="Web-Mgmt-Tools" enable="true" />
    <windowsFeature name="Web-Mgmt-Console" enable="true" />
    <windowsFeature name="Web-Mgmt-Compat" enable="true" />
    <windowsFeature name="Web-Metabase" enable="true" />
    <windowsFeature name="Web-Lgcy-Mgmt-Console" enable="true" />
    <windowsFeature name="Web-Lgcy-Scripting" enable="true" />
    <windowsFeature name="Web-WMI" enable="true" />
    <windowsFeature name="Web-Scripting-Tools" enable="true" />
    <windowsFeature name="Web-Mgmt-Service" enable="true" />
    <windowsFeature name="NET-HTTP-Activation" enable="true" />
    <windowsFeature name="NET-Non-HTTP-Activ" enable="true" />
    <windowsFeature name="NET-WCF-Services45" enable="true" />
  </desiredStateConfiguration>
</configuration>
