<?xml version="1.0"?>
<configuration>
  <registryApplication>
    <!-- 1. Set registry entries -->
    <registry oninstall="update" onuninstall="omit">
      <key name="System\CurrentControlSet">
        <key name="Control\Session Manager\Environment">
          <value name="TEMP">${TempDirectory}</value>
        </key>
      </key>
    </registry>
    <registry oninstall="update" onuninstall="omit">
      <key name="System\CurrentControlSet">
        <key name="Control\Session Manager\Environment">
          <value name="TMP">${TempDirectory}</value>
        </key>
      </key>
    </registry>
    <!-- Add these two special registry entries -->
    <!-- "We require two registry keys added to every server 
             we deploy ICP UI, Outbound UI and MCID on. This is to prevent the 
             servers from returning error 401 (unauthorised) when the IS and 
             AS are on the same box because it interpets the request as a 
             possible reflection attack. The Microsoft KB article can be 
             found: http://support.microsoft.com/kb/896861/   Glen Hallworth"
    -->
    <registry oninstall="add" onuninstall="delete">
      <key name="System\CurrentControlSet\Services\LanmanServer\Parameters">
        <value name="DisableStrictNameChecking" type="dword">1</value>
      </key>
    </registry>
    <registry oninstall="add" onuninstall="delete">
      <key name="SYSTEM\CurrentControlSet\Control\Lsa">
        <value name="DisableLoopbackCheck" type="dword">1</value>
      </key>
    </registry>
  </registryApplication>
</configuration>