<?xml version="1.0"?>
<configuration>
  <configurationChanges key="Xml Editor">
    <configurationChange>
      <file>${TargetDir}\DCS.OnlineServices.KeepAlive\DCS.OnlineServices.KeepAlive.exe.config</file>
      <nodeChanges>
        <nodeChange action="update">
          <xpath>/configuration/appSettings/add[@key='SelectedEnvironments']/@value</xpath>
          <value>${SelectedEnvironments}</value>
        </nodeChange>
        <nodeChange action="update">
          <xpath>/configuration/appSettings/add[@key='TimeoutSeconds']/@value</xpath>
          <value>${TimeoutSeconds}</value>
        </nodeChange>
        <nodeChange action="update">
          <xpath>/configuration/appSettings/add[@key='ApplicationLogFilePath']/@value</xpath>
          <value>${ApplicationLogFilePath}</value>
        </nodeChange>
      </nodeChanges>
    </configurationChange>
  </configurationChanges>
</configuration>
