<?xml version="1.0" encoding="utf-8"?>
<!-- ******************************************************* -->
<!-- !!!!! NEVER UPDATE THIS ENVIRONMENT FILE DIRECTLY !!!!! -->
<!--                                                         -->
<!-- ALWAYS use the Excel environment file editor to update  -->
<!-- and then generate the environment file.                 -->
<!-- ******************************************************* -->
<environments applicationName="DCS.Onlineservices.KeepAlive" roleName="DCS.Onlineservices.KeepAlive=App" securityCode="1900">
    <environment key="Cloud - MyMachine - Default" remoteDeploymentGroupName="" remoteDeploymentServers="">
        <group key="Deployment">
            <parameter key="Environment"></parameter>
            <parameter key="SelectedEnvironments"></parameter>
            <parameter key="ApplicationLogFilePath"></parameter>
            <parameter key="TimeoutSeconds"></parameter>
        </group>
        <group key="Application parameter">
            <parameter key="Debug">false</parameter>
            <parameter key="PsiDeploymentStatusEmailAddress">DCRTEnvironments2@ato.gov.au</parameter>
        </group>
        <instance key="UA">
            <parameter key="Environment">UA</parameter>
            <parameter key="SelectedEnvironments">DE,AT,PT,UA,UC,EF,PT,PRD</parameter>
            <parameter key="ApplicationLogFilePath">${AtoApplicationDir}\AppLogs\DCS.OnlineservicesKeepAlive\DCS.OnlineservicesKeepAlive.txt</parameter>
            <parameter key="TimeoutSeconds">60</parameter>
        </instance>
    </environment>
</environments>
