<?xml version="1.0"?>
<configuration>
  <configurationChanges>
    <configurationChange>
      <file>${targetdir}\EmailAPI\Web.config</file>
      <nodeChanges>
        <nodeChange action="update">
          <xpath>/configuration/appSettings/add[@key="ConnectionString"]/@value</xpath>
          <value regex="(?i:data source)\=[^;]*">Data Source=${BET.SQLInstance}</value>
        </nodeChange>
        <nodeChange action="update">
          <xpath>/configuration/appSettings/add[@key="ConnectionString"]/@value</xpath>
          <value regex="(?i:database)\=[^;]*">database=${BET.DatabaseName}</value>
        </nodeChange>
        <nodeChange action="update">
          <xpath>/configuration/appSettings/add[@key="AuthorizedGlobalGroups"]/@value</xpath>
          <value>${AuthorizedGlobalGroups}</value>
        </nodeChange>
        <nodeChange action="update">
          <xpath>/configuration/appSettings/add[@key='serilog:write-to:File.path']/@value</xpath>
          <value>${AtoApplicationDir}\AppLogs\EmailAPI\${InstanceKey}\dcs.gateway.emailapi.log</value>
        </nodeChange>
        <nodeChange action="update">
          <xpath>/configuration/appSettings/add[@key='serilog:write-to:EventLog.source']/@value</xpath>
          <value>${EventLog.Sink.Source}</value>
        </nodeChange>
        <nodeChange action="update">
          <xpath>/configuration/connectionStrings/add[@name='OutBoundCorroGen']/@connectionString</xpath>
          <value regex="(?i:server)\=[^;]*">server=${OutBound.SQLInstance}</value>
        </nodeChange>
        <nodeChange action="update">
          <xpath>/configuration/connectionStrings/add[@name='OutBoundCorroGen']/@connectionString</xpath>
          <value regex="(?i:database)\=[^;]*">database=${OutBound.DatabaseName}</value>
        </nodeChange>
        <nodeChange action="update">
          <xpath>/configuration/loggingConfiguration/listeners/add[@name='EventLog Sink']/@source</xpath>
          <value>${EventLog.Sink.Source}</value>
        </nodeChange>
        <nodeChange action="update">
          <xpath>/configuration/appSettings/add[@key="Host"]/@value</xpath>
          <value>${Host}</value>
        </nodeChange>
      </nodeChanges>
    </configurationChange>
  </configurationChanges>
</configuration>