<?xml version="1.0" encoding="utf-8"?>
<!-- ******************************************************* -->
<!-- !!!!! NEVER UPDATE THIS ENVIRONMENT FILE DIRECTLY !!!!! -->
<!--                                                         -->
<!-- ALWAYS use the Excel environment file editor to update  -->
<!-- and then generate the environment file.                 -->
<!-- ******************************************************* -->
<environments applicationName="DCS" roleName="EmailApi=EmailApi" securityCode="4725">
    <environment key="Cloud - MyMachine - Default" remoteDeploymentGroupName="" remoteDeploymentServers="">
        <group key="Deployment">
            <parameter key="LegacyEnv"></parameter>
            <parameter key="Environment"></parameter>
            <parameter key="Domain"></parameter>
            <parameter key="AuthorizedGlobalGroups"></parameter>
            <parameter key="WAMUserName"></parameter>
            <parameter key="OutBound.SQLInstance">outboundDatabase${level}.dcs.${domain},61301</parameter>
            <parameter key="BET.SQLInstance"></parameter>
            <parameter key="EmailApiPort"></parameter>
            <parameter key="Level"></parameter>
            <parameter key="Host">exchangerelay.prod.atonet.gov.au</parameter>
        </group>
        <group key="Email API">
            <parameter key="Website bindings">[https=&quot;*:443:emailapi${Environment}.dcs.${domain}&quot; sslFlags=&quot;0&quot; sslCertificate=&quot;server.dcs.${domain}&quot;];[https=&quot;*:${EmailApiPort}:*&quot; sslFlags=&quot;0&quot; sslCertificate=&quot;server.dcs.${domain}&quot;]</parameter>
            <parameter key="WebSiteName">EmailApi.${InstanceKey}</parameter>
            <parameter key="OutBound.DatabaseName">Outbound${Environment}</parameter>
            <parameter key="BET.DatabaseName">BETIDTracking${LegacyEnv}</parameter>
            <parameter key="Hangfire.DatabaseName">Hangfire${Environment}</parameter>
            <parameter key="EventLog.Sink.Source">EmailApi.${Environment}</parameter>
        </group>
        <instance key="DEA">
            <parameter key="LegacyEnv">DEA</parameter>
            <parameter key="Environment">DEA</parameter>
            <parameter key="Domain">devtest.atohdtnet.gov.au</parameter>
            <parameter key="AuthorizedGlobalGroups">DevTest\RES_DCSAPI_LG</parameter>
            <parameter key="WAMUserName">DevTest\SVC_DCSCORRES_DE</parameter>
            <parameter key="BET.SQLInstance">TECXSQL00001DES.product.atotnet.gov.au\SQL001</parameter>
            <parameter key="EmailApiPort">39001</parameter>
            <parameter key="Level">DE</parameter>
        </instance>
        <instance key="DEB">
            <parameter key="LegacyEnv">DEB</parameter>
            <parameter key="Environment">DEB</parameter>
            <parameter key="Domain">devtest.atohdtnet.gov.au</parameter>
            <parameter key="AuthorizedGlobalGroups">DevTest\RES_DCSAPI_LG</parameter>
            <parameter key="WAMUserName">DevTest\SVC_DCSCORRES_DE</parameter>
            <parameter key="BET.SQLInstance">TECXSQL00001DES.product.atotnet.gov.au\SQL001</parameter>
            <parameter key="EmailApiPort">39002</parameter>
            <parameter key="Level">DE</parameter>
        </instance>
        <instance key="DEE">
            <parameter key="LegacyEnv">DEE</parameter>
            <parameter key="Environment">DEE</parameter>
            <parameter key="Domain">devtest.atohdtnet.gov.au</parameter>
            <parameter key="AuthorizedGlobalGroups">DevTest\RES_DCSAPI_LG</parameter>
            <parameter key="WAMUserName">DevTest\SVC_DCSCORRES_DE</parameter>
            <parameter key="BET.SQLInstance">CMSRAOL00002DVT.devtest.atohdtnet.gov.au,61301</parameter>
            <parameter key="EmailApiPort">39005</parameter>
            <parameter key="Level">DE</parameter>
        </instance>
        <instance key="DEH">
            <parameter key="LegacyEnv">DEVH</parameter>
            <parameter key="Environment">DEH</parameter>
            <parameter key="Domain">devtest.atohdtnet.gov.au</parameter>
            <parameter key="AuthorizedGlobalGroups">DevTest\RES_DCSAPI_LG</parameter>
            <parameter key="WAMUserName">DevTest\SVC_DCSCORRES_DE</parameter>
            <parameter key="BET.SQLInstance">MSQSSQL00003DE.product.atotnet.gov.au\SQL001</parameter>
            <parameter key="EmailApiPort">39008</parameter>
            <parameter key="Level">DE</parameter>
        </instance>
        <instance key="DEI">
            <parameter key="LegacyEnv">DEVI</parameter>
            <parameter key="Environment">DEI</parameter>
            <parameter key="Domain">devtest.atohdtnet.gov.au</parameter>
            <parameter key="AuthorizedGlobalGroups">DevTest\RES_DCSAPI_LG</parameter>
            <parameter key="WAMUserName">DevTest\SVC_DCSCORRES_DE</parameter>
            <parameter key="BET.SQLInstance">MSQSSQL00003DE.product.atotnet.gov.au\SQL001</parameter>
            <parameter key="EmailApiPort">39009</parameter>
            <parameter key="Level">DE</parameter>
        </instance>
        <instance key="DEK">
            <parameter key="LegacyEnv">DEVK</parameter>
            <parameter key="Environment">DEK</parameter>
            <parameter key="Domain">devtest.atohdtnet.gov.au</parameter>
            <parameter key="AuthorizedGlobalGroups">DevTest\RES_DCSAPI_LG</parameter>
            <parameter key="WAMUserName">DevTest\SVC_DCSCORRES_DE</parameter>
            <parameter key="BET.SQLInstance">MSQSSQL00003DE.product.atotnet.gov.au\SQL001</parameter>
            <parameter key="EmailApiPort">39011</parameter>
            <parameter key="Level">DE</parameter>
        </instance>
        <instance key="DEM">
            <parameter key="LegacyEnv">DEM</parameter>
            <parameter key="Environment">DEM</parameter>
            <parameter key="Domain">devtest.atohdtnet.gov.au</parameter>
            <parameter key="AuthorizedGlobalGroups">DevTest\RES_DCSAPI_LG</parameter>
            <parameter key="WAMUserName">DevTest\SVC_DCSCORRES_DE</parameter>
            <parameter key="BET.SQLInstance">TECXSQL00001DES.product.atotnet.gov.au\SQL001</parameter>
            <parameter key="EmailApiPort">39013</parameter>
            <parameter key="Level">DE</parameter>
        </instance>
        <instance key="DEQ">
            <parameter key="LegacyEnv">DEQ</parameter>
            <parameter key="Environment">DEQ</parameter>
            <parameter key="Domain">devtest.atohdtnet.gov.au</parameter>
            <parameter key="AuthorizedGlobalGroups">DevTest\RES_DCSAPI_LG</parameter>
            <parameter key="WAMUserName">DevTest\SVC_DCSCORRES_DE</parameter>
            <parameter key="BET.SQLInstance">MSQSSQL00003DE.product.atotnet.gov.au\SQL001</parameter>
            <parameter key="EmailApiPort">39017</parameter>
            <parameter key="Level">DE</parameter>
        </instance>
        <instance key="DEW">
            <parameter key="LegacyEnv">DEW</parameter>
            <parameter key="Environment">DEW</parameter>
            <parameter key="Domain">devtest.atohdtnet.gov.au</parameter>
            <parameter key="AuthorizedGlobalGroups">DevTest\RES_DCSAPI_LG</parameter>
            <parameter key="WAMUserName">DevTest\SVC_DCSCORRES_DE</parameter>
            <parameter key="BET.SQLInstance">MSQSSQL00003DE.product.atotnet.gov.au\SQL001</parameter>
            <parameter key="EmailApiPort">39023</parameter>
            <parameter key="Level">DE</parameter>
        </instance>
        <instance key="ATA">
            <parameter key="LegacyEnv">ATA</parameter>
            <parameter key="Environment">ATA</parameter>
            <parameter key="Domain">devtest.atohdtnet.gov.au</parameter>
            <parameter key="AuthorizedGlobalGroups">DevTest\RES_DCSAPI_LG</parameter>
            <parameter key="WAMUserName">DevTest\SVC_DCSCORRES_AT</parameter>
            <parameter key="BET.SQLInstance">TECXSQL00003ATS.product.atotnet.gov.au\SQL001</parameter>
            <parameter key="EmailApiPort">39101</parameter>
            <parameter key="Level">AT</parameter>
        </instance>
        <instance key="ATB">
            <parameter key="LegacyEnv">ATB</parameter>
            <parameter key="Environment">ATB</parameter>
            <parameter key="Domain">devtest.atohdtnet.gov.au</parameter>
            <parameter key="AuthorizedGlobalGroups">DevTest\RES_DCSAPI_LG</parameter>
            <parameter key="WAMUserName">DevTest\SVC_DCSCORRES_AT</parameter>
            <parameter key="BET.SQLInstance">TECXSQL00003ATS.product.atotnet.gov.au\SQL001</parameter>
            <parameter key="EmailApiPort">39102</parameter>
            <parameter key="Level">AT</parameter>
        </instance>
        <instance key="ATG">
            <parameter key="LegacyEnv">ATG</parameter>
            <parameter key="Environment">ATG</parameter>
            <parameter key="Domain">devtest.atohdtnet.gov.au</parameter>
            <parameter key="AuthorizedGlobalGroups">DevTest\RES_DCSAPI_LG</parameter>
            <parameter key="WAMUserName">DevTest\SVC_DCSCORRES_AT</parameter>
            <parameter key="BET.SQLInstance">SYD02H805FV.product.atotnet.gov.au\SQL001</parameter>
            <parameter key="EmailApiPort">39107</parameter>
            <parameter key="Level">AT</parameter>
        </instance>
        <instance key="ATH">
            <parameter key="LegacyEnv">ATH</parameter>
            <parameter key="Environment">ATH</parameter>
            <parameter key="Domain">devtest.atohdtnet.gov.au</parameter>
            <parameter key="AuthorizedGlobalGroups">DevTest\RES_DCSAPI_LG</parameter>
            <parameter key="WAMUserName">DevTest\SVC_DCSCORRES_AT</parameter>
            <parameter key="BET.SQLInstance">SYD02H805FV.product.atotnet.gov.au\SQL001</parameter>
            <parameter key="EmailApiPort">39108</parameter>
            <parameter key="Level">AT</parameter>
        </instance>
        <instance key="ATJ">
            <parameter key="LegacyEnv">ATJ</parameter>
            <parameter key="Environment">ATJ</parameter>
            <parameter key="Domain">devtest.atohdtnet.gov.au</parameter>
            <parameter key="AuthorizedGlobalGroups">DevTest\RES_DCSAPI_LG</parameter>
            <parameter key="WAMUserName">DevTest\SVC_DCSCORRES_AT</parameter>
            <parameter key="BET.SQLInstance">SYD02H805FV.product.atotnet.gov.au\SQL001</parameter>
            <parameter key="EmailApiPort">39110</parameter>
            <parameter key="Level">AT</parameter>
        </instance>
        <instance key="ATL">
            <parameter key="LegacyEnv">ATL</parameter>
            <parameter key="Environment">ATL</parameter>
            <parameter key="Domain">devtest.atohdtnet.gov.au</parameter>
            <parameter key="AuthorizedGlobalGroups">DevTest\RES_DCSAPI_LG</parameter>
            <parameter key="WAMUserName">DevTest\SVC_DCSCORRES_AT</parameter>
            <parameter key="BET.SQLInstance">SYD02H805FV.product.atotnet.gov.au\SQL001</parameter>
            <parameter key="EmailApiPort">39112</parameter>
            <parameter key="Level">AT</parameter>
        </instance>
        <instance key="ATM">
            <parameter key="LegacyEnv">ATM</parameter>
            <parameter key="Environment">ATM</parameter>
            <parameter key="Domain">devtest.atohdtnet.gov.au</parameter>
            <parameter key="AuthorizedGlobalGroups">DevTest\RES_DCSAPI_LG</parameter>
            <parameter key="WAMUserName">DevTest\SVC_DCSCORRES_AT</parameter>
            <parameter key="BET.SQLInstance">TECXSQL00003ATS.product.atotnet.gov.au\SQL001</parameter>
            <parameter key="EmailApiPort">39113</parameter>
            <parameter key="Level">AT</parameter>
        </instance>
        <instance key="ATN">
            <parameter key="LegacyEnv">ATN</parameter>
            <parameter key="Environment">ATN</parameter>
            <parameter key="Domain">devtest.atohdtnet.gov.au</parameter>
            <parameter key="AuthorizedGlobalGroups">DevTest\RES_DCSAPI_LG</parameter>
            <parameter key="WAMUserName">DevTest\SVC_DCSCORRES_AT</parameter>
            <parameter key="BET.SQLInstance">SYD02H805FV.product.atotnet.gov.au\SQL001</parameter>
            <parameter key="EmailApiPort">39114</parameter>
            <parameter key="Level">AT</parameter>
        </instance>
        <instance key="ATQ">
            <parameter key="LegacyEnv">ATQ</parameter>
            <parameter key="Environment">ATQ</parameter>
            <parameter key="Domain">devtest.atohdtnet.gov.au</parameter>
            <parameter key="AuthorizedGlobalGroups">DevTest\RES_DCSAPI_LG</parameter>
            <parameter key="WAMUserName">DevTest\SVC_DCSCORRES_AT</parameter>
            <parameter key="BET.SQLInstance">CMSRAOL00002DVT.devtest.atohdtnet.gov.au,61301</parameter>
            <parameter key="EmailApiPort">39117</parameter>
            <parameter key="Level">AT</parameter>
        </instance>
        <instance key="PTA">
            <parameter key="LegacyEnv">PTA</parameter>
            <parameter key="Environment">PTA</parameter>
            <parameter key="Domain">devtest.atohdtnet.gov.au</parameter>
            <parameter key="AuthorizedGlobalGroups">DevTest\RES_DCSAPI_LG</parameter>
            <parameter key="WAMUserName">DevTest\SVC_DCSCORRES_PT</parameter>
            <parameter key="BET.SQLInstance">TECXSQL00001PTS.integrate.atotnet.gov.au\SQL001</parameter>
            <parameter key="EmailApiPort">39201</parameter>
            <parameter key="Level">PT</parameter>
        </instance>
        <instance key="PTB">
            <parameter key="LegacyEnv">PTB</parameter>
            <parameter key="Environment">PTB</parameter>
            <parameter key="Domain">devtest.atohdtnet.gov.au</parameter>
            <parameter key="AuthorizedGlobalGroups">DevTest\RES_DCSAPI_LG</parameter>
            <parameter key="WAMUserName">DevTest\SVC_DCSCORRES_PT</parameter>
            <parameter key="BET.SQLInstance">TECXSQL00001PTS.integrate.atotnet.gov.au\SQL001</parameter>
            <parameter key="EmailApiPort">39202</parameter>
            <parameter key="Level">PT</parameter>
        </instance>
        <instance key="PTE">
            <parameter key="LegacyEnv">PTE</parameter>
            <parameter key="Environment">PTE</parameter>
            <parameter key="Domain">devtest.atohdtnet.gov.au</parameter>
            <parameter key="AuthorizedGlobalGroups">DevTest\RES_DCSAPI_LG</parameter>
            <parameter key="WAMUserName">DevTest\SVC_DCSCORRES_PT</parameter>
            <parameter key="BET.SQLInstance">SYD02H555IV.integrate.atotnet.gov.au\SQL001</parameter>
            <parameter key="EmailApiPort">39205</parameter>
            <parameter key="Level">PT</parameter>
        </instance>
        <instance key="PTF">
            <parameter key="LegacyEnv">PTF</parameter>
            <parameter key="Environment">PTF</parameter>
            <parameter key="Domain">devtest.atohdtnet.gov.au</parameter>
            <parameter key="AuthorizedGlobalGroups">DevTest\RES_DCSAPI_LG</parameter>
            <parameter key="WAMUserName">DevTest\SVC_DCSCORRES_PT</parameter>
            <parameter key="BET.SQLInstance">SYD02H555IV.integrate.atotnet.gov.au\SQL001</parameter>
            <parameter key="EmailApiPort">39206</parameter>
            <parameter key="Level">PT</parameter>
        </instance>
        <instance key="PTG">
            <parameter key="LegacyEnv">PTG</parameter>
            <parameter key="Environment">PTG</parameter>
            <parameter key="Domain">devtest.atohdtnet.gov.au</parameter>
            <parameter key="AuthorizedGlobalGroups">DevTest\RES_DCSAPI_LG</parameter>
            <parameter key="WAMUserName">DevTest\SVC_DCSCORRES_PT</parameter>
            <parameter key="BET.SQLInstance">SYD02H555IV.integrate.atotnet.gov.au\SQL001</parameter>
            <parameter key="EmailApiPort">39207</parameter>
            <parameter key="Level">PT</parameter>
        </instance>
        <instance key="PTH">
            <parameter key="LegacyEnv">PTH</parameter>
            <parameter key="Environment">PTH</parameter>
            <parameter key="Domain">devtest.atohdtnet.gov.au</parameter>
            <parameter key="AuthorizedGlobalGroups">DevTest\RES_DCSAPI_LG</parameter>
            <parameter key="WAMUserName">DevTest\SVC_DCSCORRES_PT</parameter>
            <parameter key="BET.SQLInstance">SYD02H555IV.integrate.atotnet.gov.au\SQL001</parameter>
            <parameter key="EmailApiPort">39208</parameter>
            <parameter key="Level">PT</parameter>
        </instance>
        <instance key="PTI">
            <parameter key="LegacyEnv">PTI</parameter>
            <parameter key="Environment">PTI</parameter>
            <parameter key="Domain">devtest.atohdtnet.gov.au</parameter>
            <parameter key="AuthorizedGlobalGroups">DevTest\RES_DCSAPI_LG</parameter>
            <parameter key="WAMUserName">DevTest\SVC_DCSCORRES_PT</parameter>
            <parameter key="BET.SQLInstance">SYD02H555IV.integrate.atotnet.gov.au\SQL001</parameter>
            <parameter key="EmailApiPort">39209</parameter>
            <parameter key="Level">PT</parameter>
        </instance>
        <instance key="PTJ">
            <parameter key="LegacyEnv">PTJ</parameter>
            <parameter key="Environment">PTJ</parameter>
            <parameter key="Domain">devtest.atohdtnet.gov.au</parameter>
            <parameter key="AuthorizedGlobalGroups">DevTest\RES_DCSAPI_LG</parameter>
            <parameter key="WAMUserName">DevTest\SVC_DCSCORRES_PT</parameter>
            <parameter key="BET.SQLInstance">SYD02H555IV.integrate.atotnet.gov.au\SQL001</parameter>
            <parameter key="EmailApiPort">39210</parameter>
            <parameter key="Level">PT</parameter>
        </instance>
        <instance key="PTK">
            <parameter key="LegacyEnv">PTK</parameter>
            <parameter key="Environment">PTK</parameter>
            <parameter key="Domain">devtest.atohdtnet.gov.au</parameter>
            <parameter key="AuthorizedGlobalGroups">DevTest\RES_DCSAPI_LG</parameter>
            <parameter key="WAMUserName">DevTest\SVC_DCSCORRES_PT</parameter>
            <parameter key="BET.SQLInstance">SYD02H555IV.integrate.atotnet.gov.au\SQL001</parameter>
            <parameter key="EmailApiPort">39211</parameter>
            <parameter key="Level">PT</parameter>
        </instance>
        <instance key="PTM">
            <parameter key="LegacyEnv">PTM</parameter>
            <parameter key="Environment">PTM</parameter>
            <parameter key="Domain">devtest.atohdtnet.gov.au</parameter>
            <parameter key="AuthorizedGlobalGroups">DevTest\RES_DCSAPI_LG</parameter>
            <parameter key="WAMUserName">DevTest\SVC_DCSCORRES_PT</parameter>
            <parameter key="BET.SQLInstance">TECXSQL00001PTS.integrate.atotnet.gov.au\SQL001</parameter>
            <parameter key="EmailApiPort">39213</parameter>
            <parameter key="Level">PT</parameter>
        </instance>
        <instance key="PTQ">
            <parameter key="LegacyEnv">PTQ</parameter>
            <parameter key="Environment">PTQ</parameter>
            <parameter key="Domain">devtest.atohdtnet.gov.au</parameter>
            <parameter key="AuthorizedGlobalGroups">DevTest\RES_DCSAPI_LG</parameter>
            <parameter key="WAMUserName">DevTest\SVC_DCSCORRES_PT</parameter>
            <parameter key="BET.SQLInstance">CMSRAOL00002DVT.devtest.atohdtnet.gov.au,61301</parameter>
            <parameter key="EmailApiPort">39217</parameter>
            <parameter key="Level">PT</parameter>
        </instance>
        <instance key="PTR">
            <parameter key="LegacyEnv">PTR</parameter>
            <parameter key="Environment">PTR</parameter>
            <parameter key="Domain">devtest.atohdtnet.gov.au</parameter>
            <parameter key="AuthorizedGlobalGroups">DevTest\RES_DCSAPI_LG</parameter>
            <parameter key="WAMUserName">DevTest\SVC_DCSCORRES_PT</parameter>
            <parameter key="BET.SQLInstance">SYD02H555IV.integrate.atotnet.gov.au\SQL001</parameter>
            <parameter key="EmailApiPort">39218</parameter>
            <parameter key="Level">PT</parameter>
        </instance>
        <instance key="PTW">
            <parameter key="LegacyEnv">PTW</parameter>
            <parameter key="Environment">PTW</parameter>
            <parameter key="Domain">devtest.atohdtnet.gov.au</parameter>
            <parameter key="AuthorizedGlobalGroups">DevTest\RES_DCSAPI_LG</parameter>
            <parameter key="WAMUserName">DevTest\SVC_DCSCORRES_PT</parameter>
            <parameter key="BET.SQLInstance">SYD02H555IV.integrate.atotnet.gov.au\SQL001</parameter>
            <parameter key="EmailApiPort">39223</parameter>
            <parameter key="Level">PT</parameter>
        </instance>
        <instance key="PFB1">
            <parameter key="LegacyEnv">PRFB</parameter>
            <parameter key="Environment">PFB</parameter>
            <parameter key="Domain">preprod.atohppnet.gov.au</parameter>
            <parameter key="AuthorizedGlobalGroups">PREPRODHPPNET\RES_DCSAPI_LG</parameter>
            <parameter key="WAMUserName">PREPRODHPPNET\SVC_DCSCORRES_PF</parameter>
            <parameter key="BET.SQLInstance">designDatabasePF.dcs.preprod.atohppnet.gov.au,61301</parameter>
            <parameter key="EmailApiPort">39302</parameter>
            <parameter key="Level">PF</parameter>
        </instance>
        <instance key="PFB2">
            <parameter key="LegacyEnv">PRFB</parameter>
            <parameter key="Environment">PFB</parameter>
            <parameter key="Domain">preprod.atohppnet.gov.au</parameter>
            <parameter key="AuthorizedGlobalGroups">PREPRODHPPNET\RES_DCSAPI_LG</parameter>
            <parameter key="WAMUserName">PREPRODHPPNET\SVC_DCSCORRES_PF</parameter>
            <parameter key="BET.SQLInstance">designDatabasePF.dcs.preprod.atohppnet.gov.au,61301</parameter>
            <parameter key="EmailApiPort">39302</parameter>
            <parameter key="Level">PF</parameter>
        </instance>
        <instance key="PFB3">
            <parameter key="LegacyEnv">PRFB</parameter>
            <parameter key="Environment">PFB</parameter>
            <parameter key="Domain">preprod.atohppnet.gov.au</parameter>
            <parameter key="AuthorizedGlobalGroups">PREPRODHPPNET\RES_DCSAPI_LG</parameter>
            <parameter key="WAMUserName">PREPRODHPPNET\SVC_DCSCORRES_PF</parameter>
            <parameter key="BET.SQLInstance">designDatabasePF.dcs.preprod.atohppnet.gov.au,61301</parameter>
            <parameter key="EmailApiPort">39302</parameter>
            <parameter key="Level">PF</parameter>
        </instance>
        <instance key="PFE1">
            <parameter key="LegacyEnv">PRFE</parameter>
            <parameter key="Environment">PFE</parameter>
            <parameter key="Domain">preprod.atohppnet.gov.au</parameter>
            <parameter key="AuthorizedGlobalGroups">PREPRODHPPNET\RES_DCSAPI_LG</parameter>
            <parameter key="WAMUserName">PREPRODHPPNET\SVC_DCSCORRES_PF</parameter>
            <parameter key="BET.SQLInstance">designDatabasePF.dcs.${domain},61301</parameter>
            <parameter key="EmailApiPort">39305</parameter>
            <parameter key="Level">PF</parameter>
        </instance>
        <instance key="PFE2">
            <parameter key="LegacyEnv">PRFE</parameter>
            <parameter key="Environment">PFE</parameter>
            <parameter key="Domain">preprod.atohppnet.gov.au</parameter>
            <parameter key="AuthorizedGlobalGroups">PREPRODHPPNET\RES_DCSAPI_LG</parameter>
            <parameter key="WAMUserName">PREPRODHPPNET\SVC_DCSCORRES_PF</parameter>
            <parameter key="BET.SQLInstance">designDatabasePF.dcs.${domain},61301</parameter>
            <parameter key="EmailApiPort">39305</parameter>
            <parameter key="Level">PF</parameter>
        </instance>
        <instance key="PFE3">
            <parameter key="LegacyEnv">PRFE</parameter>
            <parameter key="Environment">PFE</parameter>
            <parameter key="Domain">preprod.atohppnet.gov.au</parameter>
            <parameter key="AuthorizedGlobalGroups">PREPRODHPPNET\RES_DCSAPI_LG</parameter>
            <parameter key="WAMUserName">PREPRODHPPNET\SVC_DCSCORRES_PF</parameter>
            <parameter key="BET.SQLInstance">designDatabasePF.dcs.${domain},61301</parameter>
            <parameter key="EmailApiPort">39305</parameter>
            <parameter key="Level">PF</parameter>
        </instance>
        <instance key="EFX1">
            <parameter key="LegacyEnv">EFIX</parameter>
            <parameter key="Environment">EFX</parameter>
            <parameter key="Domain">preprod.atohppnet.gov.au</parameter>
            <parameter key="AuthorizedGlobalGroups">PREPRODHPPNET\RES_DCSAPI_LG</parameter>
            <parameter key="WAMUserName">PREPRODHPPNET\SVC_DCSCORRES_EF</parameter>
            <parameter key="BET.SQLInstance">MSQSSQLAZG4UAT.uat.atoqnet.gov.au\SQL001</parameter>
            <parameter key="EmailApiPort">39424</parameter>
            <parameter key="Level">EF</parameter>
        </instance>
        <instance key="EFX2">
            <parameter key="LegacyEnv">EFIX</parameter>
            <parameter key="Environment">EFX</parameter>
            <parameter key="Domain">preprod.atohppnet.gov.au</parameter>
            <parameter key="AuthorizedGlobalGroups">PREPRODHPPNET\RES_DCSAPI_LG</parameter>
            <parameter key="WAMUserName">PREPRODHPPNET\SVC_DCSCORRES_EF</parameter>
            <parameter key="BET.SQLInstance">MSQSSQLAZG4UAT.uat.atoqnet.gov.au\SQL001</parameter>
            <parameter key="EmailApiPort">39424</parameter>
            <parameter key="Level">EF</parameter>
        </instance>
        <instance key="EFX3">
            <parameter key="LegacyEnv">EFIX</parameter>
            <parameter key="Environment">EFX</parameter>
            <parameter key="Domain">preprod.atohppnet.gov.au</parameter>
            <parameter key="AuthorizedGlobalGroups">PREPRODHPPNET\RES_DCSAPI_LG</parameter>
            <parameter key="WAMUserName">PREPRODHPPNET\SVC_DCSCORRES_EF</parameter>
            <parameter key="BET.SQLInstance">MSQSSQLAZG4UAT.uat.atoqnet.gov.au\SQL001</parameter>
            <parameter key="EmailApiPort">39424</parameter>
            <parameter key="Level">EF</parameter>
        </instance>
        <instance key="UCC1">
            <parameter key="LegacyEnv">UCTC</parameter>
            <parameter key="Environment">UCC</parameter>
            <parameter key="Domain">preprod.atohppnet.gov.au</parameter>
            <parameter key="AuthorizedGlobalGroups">PREPRODHPPNET\RES_DCSAPI_LG</parameter>
            <parameter key="WAMUserName">PREPRODHPPNET\SVC_DCSCORRES_UA</parameter>
            <parameter key="BET.SQLInstance">MSQSSQL00002UCD.uat.atoqnet.gov.au\SQL001</parameter>
            <parameter key="EmailApiPort">39503</parameter>
            <parameter key="Level">UA</parameter>
        </instance>
        <instance key="UCC2">
            <parameter key="LegacyEnv">UCTC</parameter>
            <parameter key="Environment">UCC</parameter>
            <parameter key="Domain">preprod.atohppnet.gov.au</parameter>
            <parameter key="AuthorizedGlobalGroups">PREPRODHPPNET\RES_DCSAPI_LG</parameter>
            <parameter key="WAMUserName">PREPRODHPPNET\SVC_DCSCORRES_UA</parameter>
            <parameter key="BET.SQLInstance">MSQSSQL00002UCD.uat.atoqnet.gov.au\SQL001</parameter>
            <parameter key="EmailApiPort">39503</parameter>
            <parameter key="Level">UA</parameter>
        </instance>
        <instance key="UCC3">
            <parameter key="LegacyEnv">UCTC</parameter>
            <parameter key="Environment">UCC</parameter>
            <parameter key="Domain">preprod.atohppnet.gov.au</parameter>
            <parameter key="AuthorizedGlobalGroups">PREPRODHPPNET\RES_DCSAPI_LG</parameter>
            <parameter key="WAMUserName">PREPRODHPPNET\SVC_DCSCORRES_UA</parameter>
            <parameter key="BET.SQLInstance">MSQSSQL00002UCD.uat.atoqnet.gov.au\SQL001</parameter>
            <parameter key="EmailApiPort">39503</parameter>
            <parameter key="Level">UA</parameter>
        </instance>
        <instance key="UCD1">
            <parameter key="LegacyEnv">UCTD</parameter>
            <parameter key="Environment">UCD</parameter>
            <parameter key="Domain">preprod.atohppnet.gov.au</parameter>
            <parameter key="AuthorizedGlobalGroups">PREPRODHPPNET\RES_DCSAPI_LG</parameter>
            <parameter key="WAMUserName">PREPRODHPPNET\SVC_DCSCORRES_UA</parameter>
            <parameter key="BET.SQLInstance">MSQSSQLAZG4UAT.uat.atoqnet.gov.au\SQL001</parameter>
            <parameter key="EmailApiPort">39504</parameter>
            <parameter key="Level">UA</parameter>
        </instance>
        <instance key="UCD2">
            <parameter key="LegacyEnv">UCTD</parameter>
            <parameter key="Environment">UCD</parameter>
            <parameter key="Domain">preprod.atohppnet.gov.au</parameter>
            <parameter key="AuthorizedGlobalGroups">PREPRODHPPNET\RES_DCSAPI_LG</parameter>
            <parameter key="WAMUserName">PREPRODHPPNET\SVC_DCSCORRES_UA</parameter>
            <parameter key="BET.SQLInstance">MSQSSQLAZG4UAT.uat.atoqnet.gov.au\SQL001</parameter>
            <parameter key="EmailApiPort">39504</parameter>
            <parameter key="Level">UA</parameter>
        </instance>
        <instance key="UCD3">
            <parameter key="LegacyEnv">UCTD</parameter>
            <parameter key="Environment">UCD</parameter>
            <parameter key="Domain">preprod.atohppnet.gov.au</parameter>
            <parameter key="AuthorizedGlobalGroups">PREPRODHPPNET\RES_DCSAPI_LG</parameter>
            <parameter key="WAMUserName">PREPRODHPPNET\SVC_DCSCORRES_UA</parameter>
            <parameter key="BET.SQLInstance">MSQSSQLAZG4UAT.uat.atoqnet.gov.au\SQL001</parameter>
            <parameter key="EmailApiPort">39504</parameter>
            <parameter key="Level">UA</parameter>
        </instance>
        <instance key="UAI1">
            <parameter key="LegacyEnv">UATI</parameter>
            <parameter key="Environment">UAI</parameter>
            <parameter key="Domain">preprod.atohppnet.gov.au</parameter>
            <parameter key="AuthorizedGlobalGroups">PREPRODHPPNET\RES_DCSAPI_LG</parameter>
            <parameter key="WAMUserName">PREPRODHPPNET\SVC_DCSCORRES_UA</parameter>
            <parameter key="BET.SQLInstance">MSQSSQLAZG4UAT.uat.atoqnet.gov.au\SQL001</parameter>
            <parameter key="EmailApiPort">39509</parameter>
            <parameter key="Level">UA</parameter>
        </instance>
        <instance key="UAI2">
            <parameter key="LegacyEnv">UATI</parameter>
            <parameter key="Environment">UAI</parameter>
            <parameter key="Domain">preprod.atohppnet.gov.au</parameter>
            <parameter key="AuthorizedGlobalGroups">PREPRODHPPNET\RES_DCSAPI_LG</parameter>
            <parameter key="WAMUserName">PREPRODHPPNET\SVC_DCSCORRES_UA</parameter>
            <parameter key="BET.SQLInstance">MSQSSQLAZG4UAT.uat.atoqnet.gov.au\SQL001</parameter>
            <parameter key="EmailApiPort">39509</parameter>
            <parameter key="Level">UA</parameter>
        </instance>
        <instance key="UAI3">
            <parameter key="LegacyEnv">UATI</parameter>
            <parameter key="Environment">UAI</parameter>
            <parameter key="Domain">preprod.atohppnet.gov.au</parameter>
            <parameter key="AuthorizedGlobalGroups">PREPRODHPPNET\RES_DCSAPI_LG</parameter>
            <parameter key="WAMUserName">PREPRODHPPNET\SVC_DCSCORRES_UA</parameter>
            <parameter key="BET.SQLInstance">MSQSSQLAZG4UAT.uat.atoqnet.gov.au\SQL001</parameter>
            <parameter key="EmailApiPort">39509</parameter>
            <parameter key="Level">UA</parameter>
        </instance>
        <instance key="UAK1">
            <parameter key="LegacyEnv">UATK</parameter>
            <parameter key="Environment">UAK</parameter>
            <parameter key="Domain">preprod.atohppnet.gov.au</parameter>
            <parameter key="AuthorizedGlobalGroups">PREPRODHPPNET\RES_DCSAPI_LG</parameter>
            <parameter key="WAMUserName">PREPRODHPPNET\SVC_DCSCORRES_UA</parameter>
            <parameter key="BET.SQLInstance">MSQSSQLAZG4UAT.uat.atoqnet.gov.au\SQL001</parameter>
            <parameter key="EmailApiPort">39511</parameter>
            <parameter key="Level">UA</parameter>
        </instance>
        <instance key="UAK2">
            <parameter key="LegacyEnv">UATK</parameter>
            <parameter key="Environment">UAK</parameter>
            <parameter key="Domain">preprod.atohppnet.gov.au</parameter>
            <parameter key="AuthorizedGlobalGroups">PREPRODHPPNET\RES_DCSAPI_LG</parameter>
            <parameter key="WAMUserName">PREPRODHPPNET\SVC_DCSCORRES_UA</parameter>
            <parameter key="BET.SQLInstance">MSQSSQLAZG4UAT.uat.atoqnet.gov.au\SQL001</parameter>
            <parameter key="EmailApiPort">39511</parameter>
            <parameter key="Level">UA</parameter>
        </instance>
        <instance key="UAK3">
            <parameter key="LegacyEnv">UATK</parameter>
            <parameter key="Environment">UAK</parameter>
            <parameter key="Domain">preprod.atohppnet.gov.au</parameter>
            <parameter key="AuthorizedGlobalGroups">PREPRODHPPNET\RES_DCSAPI_LG</parameter>
            <parameter key="WAMUserName">PREPRODHPPNET\SVC_DCSCORRES_UA</parameter>
            <parameter key="BET.SQLInstance">MSQSSQLAZG4UAT.uat.atoqnet.gov.au\SQL001</parameter>
            <parameter key="EmailApiPort">39511</parameter>
            <parameter key="Level">UA</parameter>
        </instance>
        <instance key="PRD1">
            <parameter key="LegacyEnv">PROD</parameter>
            <parameter key="Environment">PRD</parameter>
            <parameter key="Domain">prod.atohnet.gov.au</parameter>
            <parameter key="AuthorizedGlobalGroups">PRODHNET\RES_DCSAPI_LG</parameter>
            <parameter key="WAMUserName">PRODHNET\SVC_DCSCORRES_PR</parameter>
            <parameter key="BET.SQLInstance">MSQSSQLAZG5.PROD.ATONET.GOV.AU\SQL001</parameter>
            <parameter key="EmailApiPort">39604</parameter>
            <parameter key="Level">PR</parameter>
            <parameter key="Host">10.14.223.2</parameter>
            <parameter key="Website bindings">[https=&quot;*:443:emailapi.dcs.${domain}&quot; sslFlags=&quot;0&quot; sslCertificate=&quot;server.dcs.${domain}&quot;];[https=&quot;*:${EmailApiPort}:*&quot; sslFlags=&quot;0&quot; sslCertificate=&quot;server.dcs.${domain}&quot;]</parameter>
            <parameter key="BET.DatabaseName">BETIDTracking</parameter>
        </instance>
        <instance key="PRD2">
            <parameter key="LegacyEnv">PROD</parameter>
            <parameter key="Environment">PRD</parameter>
            <parameter key="Domain">prod.atohnet.gov.au</parameter>
            <parameter key="AuthorizedGlobalGroups">PRODHNET\RES_DCSAPI_LG</parameter>
            <parameter key="WAMUserName">PRODHNET\SVC_DCSCORRES_PR</parameter>
            <parameter key="BET.SQLInstance">MSQSSQLAZG5.PROD.ATONET.GOV.AU\SQL001</parameter>
            <parameter key="EmailApiPort">39604</parameter>
            <parameter key="Level">PR</parameter>
            <parameter key="Host">10.14.223.2</parameter>
            <parameter key="Website bindings">[https=&quot;*:443:emailapi.dcs.${domain}&quot; sslFlags=&quot;0&quot; sslCertificate=&quot;server.dcs.${domain}&quot;];[https=&quot;*:${EmailApiPort}:*&quot; sslFlags=&quot;0&quot; sslCertificate=&quot;server.dcs.${domain}&quot;]</parameter>
            <parameter key="BET.DatabaseName">BETIDTracking</parameter>
        </instance>
        <instance key="PRD3">
            <parameter key="LegacyEnv">PROD</parameter>
            <parameter key="Environment">PRD</parameter>
            <parameter key="Domain">prod.atohnet.gov.au</parameter>
            <parameter key="AuthorizedGlobalGroups">PRODHNET\RES_DCSAPI_LG</parameter>
            <parameter key="WAMUserName">PRODHNET\SVC_DCSCORRES_PR</parameter>
            <parameter key="BET.SQLInstance">MSQSSQLAZG5.PROD.ATONET.GOV.AU\SQL001</parameter>
            <parameter key="EmailApiPort">39604</parameter>
            <parameter key="Level">PR</parameter>
            <parameter key="Host">10.14.223.2</parameter>
            <parameter key="Website bindings">[https=&quot;*:443:emailapi.dcs.${domain}&quot; sslFlags=&quot;0&quot; sslCertificate=&quot;server.dcs.${domain}&quot;];[https=&quot;*:${EmailApiPort}:*&quot; sslFlags=&quot;0&quot; sslCertificate=&quot;server.dcs.${domain}&quot;]</parameter>
            <parameter key="BET.DatabaseName">BETIDTracking</parameter>
        </instance>
    </environment>
</environments>
