<?xml version="1.0" encoding="utf-8"?>
<!-- ******************************************************* -->
<!-- !!!!! NEVER UPDATE THIS ENVIRONMENT FILE DIRECTLY !!!!! -->
<!--                                                         -->
<!-- ALWAYS use the Excel environment file editor to update  -->
<!-- and then generate the environment file.                 -->
<!-- ******************************************************* -->
<environments applicationName="DALC" roleName="DALC=WinSvc" securityCode="1458">
    <environment key="LEVEL 1 - MSQSSQLA1G2AT - Default" remoteDeploymentGroupName="" remoteDeploymentServers="">
        <group key="Database Setup">
            <parameter key="AdminGroup"></parameter>
            <parameter key="AppGroup"></parameter>
            <parameter key="DALC_Server"></parameter>
            <parameter key="DALC_Database"></parameter>
            <parameter key="ClientLinksSQLDBName"></parameter>
            <parameter key="PsiDeploymentStatusEmailAddress">DCRTEnvironments2@ato.gov.au</parameter>
        </group>
        <instance key="DEVQ">
            <parameter key="AdminGroup">CorroGen_DataAdmins_GG</parameter>
            <parameter key="AppGroup">Corrogen_Appusers_GG</parameter>
            <parameter key="DALC_Server">MSQSSQLA1G2AT\SQL001</parameter>
            <parameter key="DALC_Database">Outbound${InstanceKey}</parameter>
            <parameter key="ClientLinksSQLDBName">ClientCommunicationList${InstanceKey}</parameter>
        </instance>
        <instance key="DEVW">
            <parameter key="AdminGroup">CorroGen_DataAdmins_GG</parameter>
            <parameter key="AppGroup">Corrogen_Appusers_GG</parameter>
            <parameter key="DALC_Server">MSQSSQLA1G2AT\SQL001</parameter>
            <parameter key="DALC_Database">Outbound${InstanceKey}</parameter>
            <parameter key="ClientLinksSQLDBName">ClientCommunicationList${InstanceKey}</parameter>
        </instance>
        <instance key="DEVK">
            <parameter key="AdminGroup">CorroGen_DataAdmins_GG</parameter>
            <parameter key="AppGroup">Corrogen_Appusers_GG</parameter>
            <parameter key="DALC_Server">MSQSSQLA1G2AT\SQL001</parameter>
            <parameter key="DALC_Database">Outbound${InstanceKey}</parameter>
            <parameter key="ClientLinksSQLDBName">ClientCommunicationList${InstanceKey}</parameter>
        </instance>
        <instance key="DEVH">
            <parameter key="AdminGroup">CorroGen_DataAdmins_GG</parameter>
            <parameter key="AppGroup">Corrogen_Appusers_GG</parameter>
            <parameter key="DALC_Server">MSQSSQLA1G2AT\SQL001</parameter>
            <parameter key="DALC_Database">Outbound${InstanceKey}</parameter>
            <parameter key="ClientLinksSQLDBName">ClientCommunicationList${InstanceKey}</parameter>
        </instance>
        <instance key="DEVG">
            <parameter key="AdminGroup">CorroGen_DataAdmins_GG</parameter>
            <parameter key="AppGroup">Corrogen_Appusers_GG</parameter>
            <parameter key="DALC_Server">MSQSSQLA1G2AT\SQL001</parameter>
            <parameter key="DALC_Database">Outbound${InstanceKey}</parameter>
            <parameter key="ClientLinksSQLDBName">ClientCommunicationList${InstanceKey}</parameter>
        </instance>
        <instance key="DEVP">
            <parameter key="AdminGroup">CorroGen_DataAdmins_GG</parameter>
            <parameter key="AppGroup">Corrogen_Appusers_GG</parameter>
            <parameter key="DALC_Server">MSQSSQLA1G2AT\SQL001</parameter>
            <parameter key="DALC_Database">Outbound${InstanceKey}</parameter>
            <parameter key="ClientLinksSQLDBName">ClientCommunicationList${InstanceKey}</parameter>
        </instance>
        <instance key="DEVI">
            <parameter key="AdminGroup">CorroGen_DataAdmins_GG</parameter>
            <parameter key="AppGroup">Corrogen_Appusers_GG</parameter>
            <parameter key="DALC_Server">MSQSSQLA1G2AT\SQL001</parameter>
            <parameter key="DALC_Database">Outbound${InstanceKey}</parameter>
            <parameter key="ClientLinksSQLDBName">ClientCommunicationList${InstanceKey}</parameter>
        </instance>
    </environment>
    <environment key="LEVEL 1 - BLDFSQL00001AT - Default" remoteDeploymentGroupName="" remoteDeploymentServers="">
        <group key="Database Setup">
            <parameter key="AdminGroup"></parameter>
            <parameter key="AppGroup"></parameter>
            <parameter key="DALC_Server"></parameter>
            <parameter key="DALC_Database"></parameter>
            <parameter key="ClientLinksSQLDBName"></parameter>
            <parameter key="PsiDeploymentStatusEmailAddress">DCRTEnvironments2@ato.gov.au</parameter>
        </group>
        <instance key="DEVM">
            <parameter key="AdminGroup">CorroGen_DataAdmins_GG</parameter>
            <parameter key="AppGroup">Corrogen_Appusers_GG</parameter>
            <parameter key="DALC_Server">BLDFSQL00001AT\SQL001</parameter>
            <parameter key="DALC_Database">OutboundABDO</parameter>
            <parameter key="ClientLinksSQLDBName">ClientCommunicationListABDO</parameter>
        </instance>
    </environment>
    <environment key="LEVEL 1 - OUTBSQL00001DES - Default" remoteDeploymentGroupName="" remoteDeploymentServers="">
        <group key="Database Setup">
            <parameter key="AdminGroup"></parameter>
            <parameter key="AppGroup"></parameter>
            <parameter key="DALC_Server"></parameter>
            <parameter key="DALC_Database"></parameter>
            <parameter key="ClientLinksSQLDBName"></parameter>
            <parameter key="PsiDeploymentStatusEmailAddress">DCRTEnvironments2@ato.gov.au</parameter>
        </group>
        <instance key="DEM">
            <parameter key="AdminGroup">CorroGen_DataAdmins_GG</parameter>
            <parameter key="AppGroup">Corrogen_Appusers_GG</parameter>
            <parameter key="DALC_Server">OUTBSQL00001DES\SQL001</parameter>
            <parameter key="DALC_Database">Outbound${InstanceKey}</parameter>
            <parameter key="ClientLinksSQLDBName">ClientCommunicationList${InstanceKey}</parameter>
        </instance>
        <instance key="DEA">
            <parameter key="AdminGroup">CorroGen_DataAdmins_GG</parameter>
            <parameter key="AppGroup">Corrogen_Appusers_GG</parameter>
            <parameter key="DALC_Server">OUTBSQL00001DES\SQL001</parameter>
            <parameter key="DALC_Database">Outbound${InstanceKey}</parameter>
            <parameter key="ClientLinksSQLDBName">ClientCommunicationList${InstanceKey}</parameter>
        </instance>
        <instance key="DES">
            <parameter key="AdminGroup">CorroGen_DataAdmins_GG</parameter>
            <parameter key="AppGroup">Corrogen_Appusers_GG</parameter>
            <parameter key="DALC_Server">**TBC**</parameter>
            <parameter key="DALC_Database">Outbound${InstanceKey}</parameter>
            <parameter key="ClientLinksSQLDBName">ClientCommunicationList${InstanceKey}</parameter>
        </instance>
        <instance key="DEB">
            <parameter key="AdminGroup">CorroGen_DataAdmins_GG</parameter>
            <parameter key="AppGroup">Corrogen_Appusers_GG</parameter>
            <parameter key="DALC_Server">OUTBSQL00001DES\SQL001</parameter>
            <parameter key="DALC_Database">Outbound${InstanceKey}</parameter>
            <parameter key="ClientLinksSQLDBName">ClientCommunicationList${InstanceKey}</parameter>
        </instance>
    </environment>
    <environment key="LEVEL 2 - MSQSSQLA1G2AT - Default" remoteDeploymentGroupName="" remoteDeploymentServers="">
        <group key="Database Setup">
            <parameter key="AdminGroup"></parameter>
            <parameter key="AppGroup"></parameter>
            <parameter key="DALC_Server"></parameter>
            <parameter key="DALC_Database"></parameter>
            <parameter key="ClientLinksSQLDBName"></parameter>
            <parameter key="PsiDeploymentStatusEmailAddress">DCRTEnvironments2@ato.gov.au</parameter>
        </group>
        <instance key="ATJ">
            <parameter key="AdminGroup">CorroGen_DataAdmins_GG</parameter>
            <parameter key="AppGroup">Corrogen_Appusers_GG</parameter>
            <parameter key="DALC_Server">MSQSSQLA1G2AT\SQL001</parameter>
            <parameter key="DALC_Database">Outbound${InstanceKey}</parameter>
            <parameter key="ClientLinksSQLDBName">ClientCommunicationList${InstanceKey}</parameter>
        </instance>
        <instance key="ATH">
            <parameter key="AdminGroup">CorroGen_DataAdmins_GG</parameter>
            <parameter key="AppGroup">Corrogen_Appusers_GG</parameter>
            <parameter key="DALC_Server">MSQSSQLA1G2AT\SQL001</parameter>
            <parameter key="DALC_Database">Outbound${InstanceKey}</parameter>
            <parameter key="ClientLinksSQLDBName">ClientCommunicationList${InstanceKey}</parameter>
        </instance>
        <instance key="ATL">
            <parameter key="AdminGroup">CorroGen_DataAdmins_GG</parameter>
            <parameter key="AppGroup">Corrogen_Appusers_GG</parameter>
            <parameter key="DALC_Server">MSQSSQLA1G2AT\SQL001</parameter>
            <parameter key="DALC_Database">Outbound${InstanceKey}</parameter>
            <parameter key="ClientLinksSQLDBName">ClientCommunicationList${InstanceKey}</parameter>
        </instance>
        <instance key="ATG">
            <parameter key="AdminGroup">CorroGen_DataAdmins_GG</parameter>
            <parameter key="AppGroup">Corrogen_Appusers_GG</parameter>
            <parameter key="DALC_Server">MSQSSQLA1G2AT\SQL001</parameter>
            <parameter key="DALC_Database">Outbound${InstanceKey}</parameter>
            <parameter key="ClientLinksSQLDBName">ClientCommunicationList${InstanceKey}</parameter>
        </instance>
        <instance key="ATW">
            <parameter key="AdminGroup">CorroGen_DataAdmins_GG</parameter>
            <parameter key="AppGroup">Corrogen_Appusers_GG</parameter>
            <parameter key="DALC_Server">MSQSSQLA1G2AT\SQL001</parameter>
            <parameter key="DALC_Database">Outbound${InstanceKey}</parameter>
            <parameter key="ClientLinksSQLDBName">ClientCommunicationList${InstanceKey}</parameter>
        </instance>
        <instance key="ATN">
            <parameter key="AdminGroup">CorroGen_DataAdmins_GG</parameter>
            <parameter key="AppGroup">Corrogen_Appusers_GG</parameter>
            <parameter key="DALC_Server">MSQSSQLA1G2AT\SQL001</parameter>
            <parameter key="DALC_Database">Outbound${InstanceKey}</parameter>
            <parameter key="ClientLinksSQLDBName">ClientCommunicationList${InstanceKey}</parameter>
        </instance>
    </environment>
    <environment key="LEVEL 2 - OUTBSQL00001ATS - Default" remoteDeploymentGroupName="" remoteDeploymentServers="">
        <group key="Database Setup">
            <parameter key="AdminGroup"></parameter>
            <parameter key="AppGroup"></parameter>
            <parameter key="DALC_Server"></parameter>
            <parameter key="DALC_Database"></parameter>
            <parameter key="ClientLinksSQLDBName"></parameter>
            <parameter key="PsiDeploymentStatusEmailAddress">DCRTEnvironments2@ato.gov.au</parameter>
        </group>
        <instance key="ATM">
            <parameter key="AdminGroup">CorroGen_DataAdmins_GG</parameter>
            <parameter key="AppGroup">Corrogen_Appusers_GG</parameter>
            <parameter key="DALC_Server">OUTBSQL00001ATS\SQL001</parameter>
            <parameter key="DALC_Database">Outbound${InstanceKey}</parameter>
            <parameter key="ClientLinksSQLDBName">ClientCommunicationList${InstanceKey}</parameter>
        </instance>
        <instance key="ATA">
            <parameter key="AdminGroup">CorroGen_DataAdmins_GG</parameter>
            <parameter key="AppGroup">Corrogen_Appusers_GG</parameter>
            <parameter key="DALC_Server">OUTBSQL00001ATS\SQL001</parameter>
            <parameter key="DALC_Database">Outbound${InstanceKey}</parameter>
            <parameter key="ClientLinksSQLDBName">ClientCommunicationList${InstanceKey}</parameter>
        </instance>
        <instance key="ATS">
            <parameter key="AdminGroup">CorroGen_DataAdmins_GG</parameter>
            <parameter key="AppGroup">Corrogen_Appusers_GG</parameter>
            <parameter key="DALC_Server">OUTBSQL00001ATS\SQL001</parameter>
            <parameter key="DALC_Database">Outbound${InstanceKey}</parameter>
            <parameter key="ClientLinksSQLDBName">ClientCommunicationList${InstanceKey}</parameter>
        </instance>
        <instance key="ATB">
            <parameter key="AdminGroup">CorroGen_DataAdmins_GG</parameter>
            <parameter key="AppGroup">Corrogen_Appusers_GG</parameter>
            <parameter key="DALC_Server">OUTBSQL00001ATS\SQL001</parameter>
            <parameter key="DALC_Database">Outbound${InstanceKey}</parameter>
            <parameter key="ClientLinksSQLDBName">ClientCommunicationList${InstanceKey}</parameter>
        </instance>
    </environment>
    <environment key="LEVEL 3 - MSQSSQLA0G3PT - Default" remoteDeploymentGroupName="" remoteDeploymentServers="">
        <group key="Database Setup">
            <parameter key="AdminGroup"></parameter>
            <parameter key="AppGroup"></parameter>
            <parameter key="DALC_Server"></parameter>
            <parameter key="DALC_Database"></parameter>
            <parameter key="ClientLinksSQLDBName"></parameter>
            <parameter key="PsiDeploymentStatusEmailAddress">DCRTEnvironments2@ato.gov.au</parameter>
        </group>
        <instance key="PTI">
            <parameter key="AdminGroup">CorroGen_DataAdmins_GG</parameter>
            <parameter key="AppGroup">Corrogen_Appusers_GG</parameter>
            <parameter key="DALC_Server">MSQSSQLA1G3PT\SQL001</parameter>
            <parameter key="DALC_Database">Outbound${InstanceKey}</parameter>
            <parameter key="ClientLinksSQLDBName">ClientCommunicationList${InstanceKey}</parameter>
        </instance>
        <instance key="PTG">
            <parameter key="AdminGroup">CorroGen_DataAdmins_GG</parameter>
            <parameter key="AppGroup">Corrogen_Appusers_GG</parameter>
            <parameter key="DALC_Server">MSQSSQLA1G3PT\SQL001</parameter>
            <parameter key="DALC_Database">Outbound${InstanceKey}</parameter>
            <parameter key="ClientLinksSQLDBName">ClientCommunicationList${InstanceKey}</parameter>
        </instance>
        <instance key="PTH">
            <parameter key="AdminGroup">CorroGen_DataAdmins_GG</parameter>
            <parameter key="AppGroup">Corrogen_Appusers_GG</parameter>
            <parameter key="DALC_Server">MSQSSQLA1G3PT\SQL001</parameter>
            <parameter key="DALC_Database">Outbound${InstanceKey}</parameter>
            <parameter key="ClientLinksSQLDBName">ClientCommunicationList${InstanceKey}</parameter>
        </instance>
        <instance key="PTE">
            <parameter key="AdminGroup">CorroGen_DataAdmins_GG</parameter>
            <parameter key="AppGroup">Corrogen_Appusers_GG</parameter>
            <parameter key="DALC_Server">MSQSSQLA1G3PT\SQL001</parameter>
            <parameter key="DALC_Database">Outbound${InstanceKey}</parameter>
            <parameter key="ClientLinksSQLDBName">ClientCommunicationList${InstanceKey}</parameter>
        </instance>
        <instance key="PTW">
            <parameter key="AdminGroup">CorroGen_DataAdmins_GG</parameter>
            <parameter key="AppGroup">Corrogen_Appusers_GG</parameter>
            <parameter key="DALC_Server">MSQSSQLA1G3PT\SQL001</parameter>
            <parameter key="DALC_Database">Outbound${InstanceKey}</parameter>
            <parameter key="ClientLinksSQLDBName">ClientCommunicationList${InstanceKey}</parameter>
        </instance>
        <instance key="PTR">
            <parameter key="AdminGroup">CorroGen_DataAdmins_GG</parameter>
            <parameter key="AppGroup">Corrogen_Appusers_GG</parameter>
            <parameter key="DALC_Server">MSQSSQLA1G3PT\SQL001</parameter>
            <parameter key="DALC_Database">Outbound${InstanceKey}</parameter>
            <parameter key="ClientLinksSQLDBName">ClientCommunicationList${InstanceKey}</parameter>
        </instance>
        <instance key="PTF">
            <parameter key="AdminGroup">CorroGen_DataAdmins_GG</parameter>
            <parameter key="AppGroup">Corrogen_Appusers_GG</parameter>
            <parameter key="DALC_Server">MSQSSQLA1G3PT\SQL001</parameter>
            <parameter key="DALC_Database">Outbound${InstanceKey}</parameter>
            <parameter key="ClientLinksSQLDBName">ClientCommunicationList${InstanceKey}</parameter>
        </instance>
    </environment>
    <environment key="LEVEL 3 - OUTBSQL00002PTS - Default" remoteDeploymentGroupName="" remoteDeploymentServers="">
        <group key="Database Setup">
            <parameter key="AdminGroup"></parameter>
            <parameter key="AppGroup"></parameter>
            <parameter key="DALC_Server"></parameter>
            <parameter key="DALC_Database"></parameter>
            <parameter key="ClientLinksSQLDBName"></parameter>
            <parameter key="PsiDeploymentStatusEmailAddress">DCRTEnvironments2@ato.gov.au</parameter>
        </group>
        <instance key="PTM">
            <parameter key="AdminGroup">CorroGen_DataAdmins_GG</parameter>
            <parameter key="AppGroup">Corrogen_Appusers_GG</parameter>
            <parameter key="DALC_Server">OUTBSQL00002PTS\SQL001</parameter>
            <parameter key="DALC_Database">Outbound${InstanceKey}</parameter>
            <parameter key="ClientLinksSQLDBName">ClientCommunicationList${InstanceKey}</parameter>
        </instance>
        <instance key="PTA">
            <parameter key="AdminGroup">CorroGen_DataAdmins_GG</parameter>
            <parameter key="AppGroup">Corrogen_Appusers_GG</parameter>
            <parameter key="DALC_Server">OUTBSQL00002PTS\SQL001</parameter>
            <parameter key="DALC_Database">Outbound${InstanceKey}</parameter>
            <parameter key="ClientLinksSQLDBName">ClientCommunicationList${InstanceKey}</parameter>
        </instance>
        <instance key="PTS">
            <parameter key="AdminGroup">CorroGen_DataAdmins_GG</parameter>
            <parameter key="AppGroup">Corrogen_Appusers_GG</parameter>
            <parameter key="DALC_Server">**TBC**</parameter>
            <parameter key="DALC_Database">Outbound${InstanceKey}</parameter>
            <parameter key="ClientLinksSQLDBName">ClientCommunicationList${InstanceKey}</parameter>
        </instance>
        <instance key="PTB">
            <parameter key="AdminGroup">CorroGen_DataAdmins_GG</parameter>
            <parameter key="AppGroup">Corrogen_Appusers_GG</parameter>
            <parameter key="DALC_Server">OUTBSQL00002PTS\SQL001</parameter>
            <parameter key="DALC_Database">Outbound${InstanceKey}</parameter>
            <parameter key="ClientLinksSQLDBName">ClientCommunicationList${InstanceKey}</parameter>
        </instance>
    </environment>
    <environment key="LEVEL 3 EFIX - MSQSSQLD0G4UAT - Default" remoteDeploymentGroupName="" remoteDeploymentServers="">
        <group key="Database Setup">
            <parameter key="AdminGroup"></parameter>
            <parameter key="AppGroup"></parameter>
            <parameter key="DALC_Server"></parameter>
            <parameter key="DALC_Database"></parameter>
            <parameter key="ClientLinksSQLDBName"></parameter>
            <parameter key="PsiDeploymentStatusEmailAddress">DCRTEnvironments2@ato.gov.au</parameter>
        </group>
        <instance key="EFIX">
            <parameter key="AdminGroup">RES_CorroGen_DataAdmins_GG</parameter>
            <parameter key="AppGroup">RES_Corrogen_Appusers_GG</parameter>
            <parameter key="DALC_Server">MSQSSQLDPG4UAT\SQL001</parameter>
            <parameter key="DALC_Database">Outbound${InstanceKey}</parameter>
            <parameter key="ClientLinksSQLDBName">ClientCommunicationList${InstanceKey}</parameter>
        </instance>
    </environment>
    <environment key="LEVEL 4 UAT - MSQSSQLD0G4UAT - Default" remoteDeploymentGroupName="" remoteDeploymentServers="">
        <group key="Database Setup">
            <parameter key="AdminGroup"></parameter>
            <parameter key="AppGroup"></parameter>
            <parameter key="DALC_Server"></parameter>
            <parameter key="DALC_Database"></parameter>
            <parameter key="ClientLinksSQLDBName"></parameter>
            <parameter key="PsiDeploymentStatusEmailAddress">DCRTEnvironments2@ato.gov.au</parameter>
        </group>
        <instance key="UCTD">
            <parameter key="AdminGroup">RES_CorroGen_DataAdmins_GG</parameter>
            <parameter key="AppGroup">RES_Corrogen_Appusers_GG</parameter>
            <parameter key="DALC_Server">MSQSSQLDPG4UAT\SQL001</parameter>
            <parameter key="DALC_Database">Outbound${InstanceKey}</parameter>
            <parameter key="ClientLinksSQLDBName">ClientCommunicationList${InstanceKey}</parameter>
        </instance>
        <instance key="UATK">
            <parameter key="AdminGroup">RES_CorroGen_DataAdmins_GG</parameter>
            <parameter key="AppGroup">RES_Corrogen_Appusers_GG</parameter>
            <parameter key="DALC_Server">MSQSSQLDPG4UAT\SQL001</parameter>
            <parameter key="DALC_Database">Outbound${InstanceKey}</parameter>
            <parameter key="ClientLinksSQLDBName">ClientCommunicationList${InstanceKey}</parameter>
        </instance>
        <instance key="UATI">
            <parameter key="AdminGroup">RES_CorroGen_DataAdmins_GG</parameter>
            <parameter key="AppGroup">RES_Corrogen_Appusers_GG</parameter>
            <parameter key="DALC_Server">MSQSSQLDPG4UAT\SQL001</parameter>
            <parameter key="DALC_Database">Outbound${InstanceKey}</parameter>
            <parameter key="ClientLinksSQLDBName">ClientCommunicationList${InstanceKey}</parameter>
        </instance>
        <instance key="UCTC">
            <parameter key="AdminGroup">RES_CorroGen_DataAdmins_GG</parameter>
            <parameter key="AppGroup">RES_Corrogen_Appusers_GG</parameter>
            <parameter key="DALC_Server">MSQSSQLDPG4UAT\SQL001</parameter>
            <parameter key="DALC_Database">Outbound${InstanceKey}</parameter>
            <parameter key="ClientLinksSQLDBName">ClientCommunicationList${InstanceKey}</parameter>
        </instance>
    </environment>
    <environment key="LEVEL 4 PERF - MSQSSQLAPAPPRF - Default" remoteDeploymentGroupName="" remoteDeploymentServers="">
        <group key="Database Setup">
            <parameter key="AdminGroup"></parameter>
            <parameter key="AppGroup"></parameter>
            <parameter key="DALC_Server"></parameter>
            <parameter key="DALC_Database"></parameter>
            <parameter key="ClientLinksSQLDBName"></parameter>
            <parameter key="PsiDeploymentStatusEmailAddress">DCRTEnvironments2@ato.gov.au</parameter>
        </group>
        <instance key="PRFB">
            <parameter key="AdminGroup">RES_CorroGen_DataAdmins_GG</parameter>
            <parameter key="AppGroup">RES_Corrogen_Appusers_GG</parameter>
            <parameter key="DALC_Server">MSQSSQLAPAPPRF.perf.atoqnet.gov.au\SQL001</parameter>
            <parameter key="DALC_Database">Outbound${InstanceKey}</parameter>
            <parameter key="ClientLinksSQLDBName">ClientCommunicationList${InstanceKey}</parameter>
        </instance>
        <instance key="PRFE">
            <parameter key="AdminGroup">RES_CorroGen_DataAdmins_GG</parameter>
            <parameter key="AppGroup">RES_Corrogen_Appusers_GG</parameter>
            <parameter key="DALC_Server">MSQSSQLCPGPPRFE.perf.atoqnet.gov.au\SQL001</parameter>
            <parameter key="DALC_Database">Outbound${InstanceKey}</parameter>
            <parameter key="ClientLinksSQLDBName">ClientCommunicationList${InstanceKey}</parameter>
        </instance>
        <instance key="PRFG">
            <parameter key="AdminGroup">RES_CorroGen_DataAdmins_GG</parameter>
            <parameter key="AppGroup">RES_Corrogen_Appusers_GG</parameter>
            <parameter key="DALC_Server">MSQSSQLAPAPPRF.perf.atoqnet.gov.au\SQL001</parameter>
            <parameter key="DALC_Database">Outbound${InstanceKey}</parameter>
            <parameter key="ClientLinksSQLDBName">ClientCommunicationList${InstanceKey}</parameter>
        </instance>
    </environment>
    <environment key="LEVEL 5 - MSQSSQLDPG5 - Default" remoteDeploymentGroupName="" remoteDeploymentServers="">
        <group key="Database Setup">
            <parameter key="AdminGroup"></parameter>
            <parameter key="AppGroup"></parameter>
            <parameter key="DALC_Server"></parameter>
            <parameter key="DALC_Database"></parameter>
            <parameter key="ClientLinksSQLDBName"></parameter>
            <parameter key="PsiDeploymentStatusEmailAddress">DCRTEnvironments2@ato.gov.au</parameter>
        </group>
        <instance key="PROD">
            <parameter key="AdminGroup">RES_CorroGen_DataAdmins_GG</parameter>
            <parameter key="AppGroup">RES_Corrogen_Appusers_GG</parameter>
            <parameter key="DALC_Server">MSQSSQLDPG5.prod.atonet.gov.au\SQL001</parameter>
            <parameter key="DALC_Database">OutboundCorrogen_R3Prod</parameter>
            <parameter key="ClientLinksSQLDBName">ClientCommunicationList${InstanceKey}</parameter>
        </instance>
    </environment>
</environments>
