<?xml version="1.0"?>
<configuration>
	<configurationChanges>
		<configurationChange>
			<file>${TargetDir}\Ato.CD.Outbound.ReturnedCorres\Ato.CD.Outbound.ReturnedCorres.exe.config</file>
			<nodeChanges>
				<nodeChange action="update">
					<xpath>/configuration/appSettings/add[@key='LogTestAutomationSwitch']/@value</xpath>
					<value>${LogTestAutomationSwitch}</value>
				</nodeChange>
				<nodeChange action="update">
					<xpath>/configuration/appSettings/add[@key='LogRUCAddressUpdateReceiveSwitch']/@value</xpath>
					<value>${LogRUCAddressUpdateReceiveSwitch}</value>
				</nodeChange>
				<nodeChange action="update">
					<xpath>/configuration/appSettings/add[@key='LogRUCAddressUpdateSendSwitch']/@value</xpath>
					<value>${LogRUCAddressUpdateSendSwitch}</value>
				</nodeChange>
				<nodeChange action="update">
					<xpath>/configuration/appSettings/add[@key='LogOutboundReceiveSendSwitch']/@value</xpath>
					<value>${LogOutboundReceiveSendSwitch}</value>
				</nodeChange>
				<nodeChange action="update">
					<xpath>/configuration/appSettings/add[@key='LogInboundReceiveSwitch']/@value</xpath>
					<value>${LogInboundReceiveSwitch}</value>
				</nodeChange>
				<nodeChange action="update">
					<xpath>/configuration/appSettings/add[@key='LogSiebelSendSwitch']/@value</xpath>
					<value>${LogSiebelSendSwitch}</value>
				</nodeChange>
				<nodeChange action="update">
					<xpath>/configuration/appSettings/add[@key='LogTestAutomationLocation']/@value</xpath>
					<value>${LogTestAutomationLocation}</value>
				</nodeChange>
				<!-- Trace Logging -->
				<nodeChange action="update">
					<xpath>/configuration/appSettings/add[@key='TraceFilePath']/@value</xpath>
					<value>${TargetDir}\Ato.CD.Outbound.ReturnedCorres\trace.txt</value>
				</nodeChange>
				<!--MQ Config-->
				<nodeChange action="update" runapp="NOT ${MQServer.Channel.Cleanup}">
          			<xpath>/configuration/Ato.EN.ApplicationServices.MQ/@ccdt</xpath>
		          	<value>${CCDTSourcePath}\${CCDTFile}</value>
        		</nodeChange>
				<nodeChange action="update" runapp="NOT ${MQServer.Channel.Cleanup}">
					<xpath>/configuration/Ato.EN.ApplicationServices.MQ/transports/transport[@name='MQSeries']/@channel</xpath>
					<value>${ChannelName}.SVRCONN</value>
				</nodeChange>
				<nodeChange action="update" runapp="NOT ${MQServer.Channel.Cleanup}">
					<xpath>/configuration/Ato.EN.ApplicationServices.MQ/transports/transport[@name='MQSeries']/@hostName</xpath>
					<value>${MQSeries.hostName}</value>
				</nodeChange>
				<nodeChange action="update" runapp="NOT ${MQServer.Channel.Cleanup}">
					<xpath>/configuration/Ato.EN.ApplicationServices.MQ/transports/transport[@name='MQSeries']/@port</xpath>
					<value>${MQSeries.port}</value>
				</nodeChange>
				<nodeChange action="delete" runapp="${MQServer.Channel.Cleanup}">
					<xpath>/configuration/Ato.EN.ApplicationServices.MQ/transports/transport[@name='MQSeries']</xpath>
					<xmlattribute name="channel" />
				</nodeChange>
				<nodeChange action="delete" runapp="${MQServer.Channel.Cleanup}">
					<xpath>/configuration/Ato.EN.ApplicationServices.MQ/transports/transport[@name='MQSeries']</xpath>
					<xmlattribute name="hostName" />
				</nodeChange>
				<nodeChange action="delete" runapp="${MQServer.Channel.Cleanup}">
					<xpath>/configuration/Ato.EN.ApplicationServices.MQ/transports/transport[@name='MQSeries']</xpath>
					<xmlattribute name="port" />
				</nodeChange>
				<nodeChange action="update" runapp="${MQServer.Channel.Cleanup}">
					<xpath>/configuration/Ato.EN.ApplicationServices.MQ/transports/transport[@name='MQSeries']/@isServerConnection</xpath>
					<value>${MQSeries.isServer}</value>
				</nodeChange>
				<nodeChange action="update">
					<xpath>/configuration/Ato.EN.ApplicationServices.MQ/eaiServices/eaiService/*/endpoint/@uri</xpath>
					<value regex="(WMQ://)[^/]*">WMQ://${QueueManager}</value>
				</nodeChange>
				<!-- Database Setup -->
				<nodeChange action="update">
					<xpath>/configuration/connectionStrings/add[@name='OutboundCorroGen']/@connectionString</xpath>
					<value>server=${DALC_Server}; database=${DALC_Database};Integrated Security=true;MultiSubnetFailover=True</value>
				</nodeChange>
				<nodeChange action="update">
					<xpath>/configuration/appSettings/add[@key='ConnectionString']/@value</xpath>
					<value>data source=${SQLServer};database=${Database};integrated security=SSPI;persist security info=False</value>
				</nodeChange>
				<!-- Siebel Invalid Address Work Item Options -->
				<nodeChange action="update">
					<xpath>/configuration/appSettings/add[@key='IASearchMaintainURL']/@value</xpath>
					<value>http://${SearchMaintainURLServerName}/default.aspx?CorrespondenceId=[corresid]</value>
				</nodeChange>
				<nodeChange action="update">
					<xpath>/configuration/appSettings/add[@key='IAClientRegistryURL']/@value</xpath>
					<value>http://${ClientRegistryURLServerName}/ContactDetailsList.icp?ClientInternalId=[ClientInternalId]</value>
				</nodeChange>
				<!-- Siebel Super Action Work Item Options -->
				<nodeChange action="update">
					<xpath>/configuration/appSettings/add[@key='SASearchMaintainURL']/@value</xpath>
					<value>http://${SearchMaintainURLServerName}/default.aspx?CorrespondenceId=[corresid]</value>
				</nodeChange>
				<nodeChange action="update">
					<xpath>/configuration/appSettings/add[@key='SAClientRegistryURL']/@value</xpath>
					<value>http://${ClientRegistryURLServerName}/ContactDetailsList.icp?ClientInternalId=[ClientInternalId]</value>
				</nodeChange>
				<!-- Logging source -->
				<nodeChange action="update">
					<xpath>/configuration/loggingConfiguration/listeners/add[@name='Formatted EventLog TraceListener']/@source</xpath>
					<value>ATO-Outbound ReturnedCorres.${InstanceKey}</value>
				</nodeChange>
			</nodeChanges>
		</configurationChange>
	</configurationChanges>
</configuration>