<?xml version="1.0"?>
<configuration>
  <configurationChanges>
    <configurationChange>
      <file>${TargetDir}\Ato.CD.Outbound.CorroGen.Receive\ATO.CD.Outbound.CorroGen.Receive.exe.config</file>
      <nodeChanges>
        <nodeChange type="xmlblock" action="add">
          <xpath insert="start">/configuration/appSettings</xpath>
          <xmlBlock>
            <add key="UserLogin" value="${winServiceIdentity}" />
          </xmlBlock>
        </nodeChange>
        <!--
        <nodeChange>
          <xpath>/configuration/appSettings/add[@key='PollingInterval']/@value</xpath>
          <value>${PollingInterval}</value>
        </nodeChange>
		-->
		    <nodeChange action="update">
          <xpath>/configuration/appSettings/add[@key='LogTestAutomationSwitch']/@value</xpath>
          <value>${LogTestAutomationSwitch}</value>
        </nodeChange>
		    <nodeChange action="update">
          <xpath>/configuration/appSettings/add[@key='LogMQSendRUCRequestForUntrackableAddressRequestSwitch']/@value</xpath>
          <value>${LogMQSendRUCRequestForUntrackableAddressRequestSwitch}</value>
        </nodeChange>
		    <nodeChange action="update">
          <xpath>/configuration/appSettings/add[@key='LogMQClientAddressSelectionRequestSwitch']/@value</xpath>
          <value>${LogMQClientAddressSelectionRequestSwitch}</value>
        </nodeChange>
		    <nodeChange action="update">
          <xpath>/configuration/appSettings/add[@key='LogMQClientAddressSelectionResponseSwitch']/@value</xpath>
          <value>${LogMQClientAddressSelectionResponseSwitch}</value>
        </nodeChange>
		    <nodeChange action="update">
          <xpath>/configuration/appSettings/add[@key='LogMQClientGetPRNRequestSwitch']/@value</xpath>
          <value>${LogMQClientGetPRNRequestSwitch}</value>
        </nodeChange>
		    <nodeChange action="update">
          <xpath>/configuration/appSettings/add[@key='LogMQClientGetPRNResponseSwitch']/@value</xpath>
          <value>${LogMQClientGetPRNResponseSwitch}</value>
        </nodeChange>
		    <nodeChange action="update">
          <xpath>/configuration/appSettings/add[@key='LogTestAutomationLocation']/@value</xpath>
          <value>${LogTestAutomationLocation}</value>
        </nodeChange>
        <nodeChange action="update">
          <xpath>/configuration/appSettings/add[@key='GetPymtRefNumRequestXSLT']/@value</xpath>
          <value>${TargetDir}\Ato.CD.Outbound.CorroGen.Receive\Transformation\GetPymtRefNumRequest.xslt</value>
        </nodeChange>
        <nodeChange action="update">
          <xpath>/configuration/appSettings/add[@key='GetPymtRefNumResponseXSLT']/@value</xpath>
          <value>${TargetDir}\Ato.CD.Outbound.CorroGen.Receive\Transformation\GetPymtRefNumResponse.xslt</value>
        </nodeChange>
        <nodeChange action="update">
          <xpath>/configuration/appSettings/add[@key='Schema']/@value</xpath>
          <value>${TargetDir}\Ato.CD.Outbound.CorroGen.Receive\XmlFiles\EAIGenericOutboundCorrespondenceXMLSchema.xsd</value>
        </nodeChange>
        <nodeChange action="update">
          <xpath>/configuration/appSettings/add[@key='OutboundEAIService']/@value</xpath>
          <value>${OutboundEAIService}</value>
        </nodeChange>
        <nodeChange action="update">
          <xpath>/configuration/appSettings/add[@key='AppConfigLocation']/@value</xpath>
          <value>${AppConfigLocation}</value>
        </nodeChange>
        <nodeChange type="xmlblock" action="add">
          <xpath insert="start">/configuration/appSettings</xpath>
          <xmlBlock>
            <add key="AdapterTraceFile" value="${AdapterTraceFile}" />
          </xmlBlock>
        </nodeChange>
        <nodeChange action="update">
          <xpath>/configuration/appSettings/add[@key='ConnectionString']/@value</xpath>
          <value regex="[d|D]ata [s|S]ource=[a-zA-Z0-9.\\]+;">data source=${SQLServer};</value>
        </nodeChange>
		    <nodeChange action="update">
          <xpath>/configuration/appSettings/add[@key='ConnectionString']/@value</xpath>
          <value regex="[d|D]atabase=[a-zA-Z0-9.\\]+;">database=${Database};</value>
        </nodeChange>
    <!-- Ref-Bug 2228122 - Have added the below nodeChange to remove the "MultiSubnetFailover=False" entry in "app.config" -->
		   <!-- 09 Nov - Parked below code.
        <nodeChange action="update">
          <xpath>/configuration/appSettings/add[@key='ConnectionString']/@value</xpath>
          <value regex="; [m|M]ulti[s|S]ubnet[f|F]ailover=[a-zA-Z0-9.\\]+e"></value>
        </nodeChange>
        -->
        <nodeChange action="update">
          <xpath>/configuration/appSettings/add[@key='InstallDir']/@value</xpath>
          <value>${targetdir}</value>
        </nodeChange>
        <!--
        <nodeChange>
          <xpath>/configuration/appSettings/add[@key='SchedulerPath']/@value</xpath>
          <value>${SchedulerPath}</value>
        </nodeChange>
        -->
        <nodeChange action="update">
          <xpath>/configuration/connectionStrings/add[@name='OutBoundCorroGen']/@connectionString</xpath>
          <value regex="([s|S]erver=)[^;]*">server=${DALC_Server}</value>
        </nodeChange>
		<nodeChange action="update">
          <xpath>/configuration/connectionStrings/add[@name='OutBoundCorroGen']/@connectionString</xpath>
          <value regex="([d|D]atabase=)[^;]*">database=${DALC_Database}</value>
              </nodeChange>
        <!--MQ Config-->
        <nodeChange action="update" runapp="NOT ${MQServer.Channel.Cleanup}">
          <xpath>/configuration/Ato.EN.ApplicationServices.MQ/@ccdt</xpath>
          <value>${CCDTSourcePath}\${CCDTFile}</value>
        </nodeChange>
        <nodeChange action="update" runapp="NOT ${MQServer.Channel.Cleanup}">
          <xpath>/configuration/Ato.EN.ApplicationServices.MQ/transports/transport[@name='MQSeries']/@isServerConnection</xpath>
          <value>${MQSeries.isServer}</value>
        </nodeChange>
        <nodeChange action="update" runapp="NOT ${MQServer.Channel.Cleanup}">
          <xpath>/configuration/Ato.EN.ApplicationServices.MQ/transports/transport[@name='MQSeries']/@channel</xpath>
          <value>${ChannelName}.SVRCONN</value>
        </nodeChange>
        <nodeChange action="update" runapp="NOT ${MQServer.Channel.Cleanup}">
          <xpath>/configuration/Ato.EN.ApplicationServices.MQ/transports/transport[@name='MQSeries']/@hostName</xpath>
          <value>${MQSeries.hostName}</value>
        </nodeChange>
        <nodeChange action="update" runapp="NOT ${MQServer.Channel.Cleanup}">
          <xpath>/configuration/Ato.EN.ApplicationServices.MQ/transports/transport[@name='MQSeries']/@port</xpath>
          <value>${MQSeries.port}</value>
        </nodeChange>
        <nodeChange action="delete" runapp="${MQServer.Channel.Cleanup}">
          <xpath>/configuration/Ato.EN.ApplicationServices.MQ</xpath>
          <xmlattribute name="ccdt" />
        </nodeChange>
        <nodeChange action="delete" runapp="${MQServer.Channel.Cleanup}">
          <xpath>/configuration/Ato.EN.ApplicationServices.MQ/transports/transport[@name='MQSeries']</xpath>
          <xmlattribute name="channel" />
        </nodeChange>
        <nodeChange action="delete" runapp="${MQServer.Channel.Cleanup}">
          <xpath>/configuration/Ato.EN.ApplicationServices.MQ/transports/transport[@name='MQSeries']</xpath>
          <xmlattribute name="hostName" />
        </nodeChange>
        <nodeChange action="delete" runapp="${MQServer.Channel.Cleanup}">
          <xpath>/configuration/Ato.EN.ApplicationServices.MQ/transports/transport[@name='MQSeries']</xpath>
          <xmlattribute name="port" />
        </nodeChange>
        <nodeChange action="update" runapp="${MQServer.Channel.Cleanup}">
          <xpath>/configuration/Ato.EN.ApplicationServices.MQ/transports/transport[@name='MQSeries']/@isServerConnection</xpath>
          <value>${MQSeries.isServer}</value>
        </nodeChange>
        <nodeChange action="update">
          <xpath>/configuration/Ato.EN.ApplicationServices.MQ/eaiServices/eaiService/*/endpoint/@uri</xpath>
          <value regex="(WMQ://)[^/]*">WMQ://${QueueManager}</value>
        </nodeChange>
        <nodeChange action="update">
          <xpath>/configuration/Ato.EN.ApplicationServices.MQ/eaiServices/eaiService[@name="OutboundReceive"]/inwardBound/endpoint/@uri</xpath>
          <value>WMQ://${QueueManager}/${OutboundReceiveInwardQueue}</value>
        </nodeChange>
        <!--Codestable Lookup-->
        <nodeChange>
          <xpath>/configuration/system.runtime.remoting/application/client/wellknown [@type='ATO.CA.ApplicationServices.Service.Contracts.ICodesTableService,ATO.CA.ApplicationServices']/@url</xpath>
          <value>http://${RemotingIP}/${Path}/${CodesTableRem}</value>
        </nodeChange>
        <!-- Client Address Lookup Adapter-->
        <nodeChange action="update">
          <xpath>/configuration/adapterConfiguration/Adapters/adapter[@name='ClientRegAddressLookup']/@stubResponse</xpath>
          <value>${ClientAddressStubResponse}</value>
        </nodeChange>
        <!--
        <nodeChange>
          <xpath>/configuration/adapterConfiguration/Adapters/adapter[@name='ClientRegAddressLookup']/@stubRequest</xpath>
          <value>${ClientAddressStubRequest}</value>
        </nodeChange>
		-->
        <nodeChange action="update">
          <xpath>/configuration/adapterConfiguration/Adapters/adapter[@name='ClientRegAddressLookup']/@stubResponseFile</xpath>
          <value>${TargetDir}\Ato.CD.Outbound.CorroGen.Receive\XmlFiles\AdapterAddressResponse.xml</value>
        </nodeChange>
        <!--
        <nodeChange>
          <xpath>/configuration/adapterConfiguration/Adapters/adapter[@name='ClientRegAddressLookup']/@stubRequestFile</xpath>
          <value>${ClientAddressStubRequestFilePath}</value>
        </nodeChange>
		-->
        <nodeChange action="update">
          <xpath>/configuration/adapterConfiguration/Adapters/adapter[@name='ClientRegAddressLookup']/@trace</xpath>
          <value>${ClientAddressTrace}</value>
        </nodeChange>
        <!-- RUC Request Adapter-->
        <nodeChange action="update">
          <xpath>/configuration/adapterConfiguration/Adapters/adapter[@name='RUCAdapter']/@stubResponse</xpath>
          <value>${RUCRequestStubResponse}</value>
        </nodeChange>
        <nodeChange action="update">
          <xpath>/configuration/adapterConfiguration/Adapters/adapter[@name='RUCAdapter']/@stubRequest</xpath>
          <value>${RUCRequestStubRequest}</value>
        </nodeChange>
        <nodeChange action="update">
          <xpath>/configuration/adapterConfiguration/Adapters/adapter[@name='RUCAdapter']/@stubResponseFile</xpath>
          <value>${RUCRequestStubResponseFilePath}</value>
        </nodeChange>
        <nodeChange action="update">
          <xpath>/configuration/adapterConfiguration/Adapters/adapter[@name='RUCAdapter']/@stubRequestFile</xpath>
          <value>${RUCRequestStubRequestFilePath}</value>
        </nodeChange>
        <nodeChange action="update">
          <xpath>/configuration/adapterConfiguration/Adapters/adapter[@name='RUCAdapter']/@trace</xpath>
          <value>${RUCRequestTrace}</value>
        </nodeChange>
        <nodeChange action="update">
          <xpath>/configuration/loggingConfiguration/listeners/add[@name='Formatted EventLog TraceListener']/@source</xpath>
          <value>${EventLog.Sink.Source}</value>
        </nodeChange>
      </nodeChanges>
    </configurationChange>
  </configurationChanges>
</configuration>