<?xml version="1.0" encoding="utf-8"?>
<!-- ******************************************************* -->
<!-- !!!!! NEVER UPDATE THIS ENVIRONMENT FILE DIRECTLY !!!!! -->
<!--                                                         -->
<!-- ALWAYS use the Excel environment file editor to update  -->
<!-- and then generate the environment file.                 -->
<!-- ******************************************************* -->
<environments applicationName="Receive" roleName="Receive=WinSvc" securityCode="3888">
    <environment key="Cloud - MyMachine - Default" remoteDeploymentGroupName="" remoteDeploymentServers="">
        <group key="Deployment">
            <parameter key="winServiceIdentity"></parameter>
            <parameter key="LegacyEnv"></parameter>
            <parameter key="Environment"></parameter>
            <parameter key="ServiceInstance"></parameter>
            <parameter key="QueueManager"></parameter>
            <parameter key="MQSeries.hostName"></parameter>
            <parameter key="MQSeries.port"></parameter>
            <parameter key="SQLServer"></parameter>
            <parameter key="Domain"></parameter>
            <parameter key="Level"></parameter>
        </group>
        <group key="CorroGen Receive">
            <parameter key="LogTestAutomationSwitch">TRUE</parameter>
            <parameter key="LogMQSendRUCRequestForUntrackableAddressRequestSwitch">TRUE</parameter>
            <parameter key="LogMQClientAddressSelectionRequestSwitch">TRUE</parameter>
            <parameter key="LogMQClientAddressSelectionResponseSwitch">TRUE</parameter>
            <parameter key="LogMQClientGetPRNRequestSwitch">TRUE</parameter>
            <parameter key="LogMQClientGetPRNResponseSwitch">TRUE</parameter>
            <parameter key="LogTestAutomationLocation">${AtoApplicationDir}\AppLogs\OutboundReceive\${InstanceKey}\</parameter>
            <parameter key="OutboundEAIService">OutboundReceive</parameter>
            <parameter key="CCDTSourcePath">${InstallDrive}\EAI\CCDT</parameter>
            <parameter key="CCDTFile">${LegacyEnv}.OUT.TAB</parameter>
            <parameter key="ChannelName">OUT.CGS01</parameter>
            <parameter key="MQSeries.isServer">FALSE</parameter>
            <parameter key="MQServer.Channel.Cleanup">FALSE</parameter>
            <parameter key="OutboundReceiveInwardQueue">OTB.GENERATECORRESPONDENCE.REQUEST.B</parameter>
            <parameter key="DALC_Server">outboundDatabase${Level}.dcs.${domain},61301</parameter>
            <parameter key="DALC_Database">Outbound${Environment}</parameter>
            <parameter key="AppConfigLocation">Ato.CD.Outbound.CorroGen.Receive.exe.config</parameter>
            <parameter key="AdapterTraceFile">${InstallDrive}\Outbound\Receive</parameter>
            <parameter key="PsiDeploymentStatusEmailAddress">DCRTEnvironments2@ato.gov.au</parameter>
            <parameter key="EventLog.Sink.Source">CorroGenReceive.${Environment}</parameter>
        </group>
        <group key="CodesTableLookup">
            <parameter key="RemotingIP">interview${Environment}.dcs.${domain}:99</parameter>
            <parameter key="Path">ATO.CD.RemotingInterface</parameter>
            <parameter key="CodesTableRem">CodesTables.rem</parameter>
        </group>
        <group key="BusinessEventTracking">
            <parameter key="Database">BETIDTracking${LegacyEnv}</parameter>
        </group>
        <group key="ClientAddressLookupAdapter">
            <parameter key="ClientAddressStubResponse">false</parameter>
            <parameter key="ClientAddressTrace">false</parameter>
        </group>
        <group key="RUCRequestAdapter">
            <parameter key="RUCRequestStubRequest">false</parameter>
            <parameter key="RUCRequestStubRequestFilePath"></parameter>
            <parameter key="RUCRequestStubResponse">false</parameter>
            <parameter key="RUCRequestStubResponseFilePath"></parameter>
            <parameter key="RUCRequestTrace">false</parameter>
        </group>
        <instance key="DEA">
            <parameter key="winServiceIdentity">DevTest\SVC_DCSCORRES_DE</parameter>
            <parameter key="LegacyEnv">DEA</parameter>
            <parameter key="Environment">DEA</parameter>
            <parameter key="ServiceInstance">${InstanceKey}</parameter>
            <parameter key="QueueManager">CGS_1A01</parameter>
            <parameter key="MQSeries.hostName">10.195.108.51</parameter>
            <parameter key="MQSeries.port">1414</parameter>
            <parameter key="SQLServer">TECXSQL00001DES.product.atotnet.gov.au\SQL001</parameter>
            <parameter key="Domain">devtest.atohdtnet.gov.au</parameter>
            <parameter key="Level">DE</parameter>
        </instance>
        <instance key="DEB">
            <parameter key="winServiceIdentity">DevTest\SVC_DCSCORRES_DE</parameter>
            <parameter key="LegacyEnv">DEB</parameter>
            <parameter key="Environment">DEB</parameter>
            <parameter key="ServiceInstance">${InstanceKey}</parameter>
            <parameter key="QueueManager">CGS_1B01</parameter>
            <parameter key="MQSeries.hostName">10.195.104.171</parameter>
            <parameter key="MQSeries.port">1414</parameter>
            <parameter key="SQLServer">TECXSQL00001DES.product.atotnet.gov.au\SQL001</parameter>
            <parameter key="Domain">devtest.atohdtnet.gov.au</parameter>
            <parameter key="Level">DE</parameter>
        </instance>
        <instance key="DEE">
            <parameter key="winServiceIdentity">DevTest\SVC_DCSCORRES_DE</parameter>
            <parameter key="LegacyEnv">DEE</parameter>
            <parameter key="Environment">DEE</parameter>
            <parameter key="ServiceInstance">${InstanceKey}</parameter>
            <parameter key="QueueManager">CGSCD401</parameter>
            <parameter key="MQSeries.hostName">10.49.192.70</parameter>
            <parameter key="MQSeries.port">1415</parameter>
            <parameter key="SQLServer">CMSRAOL00002DVT.devtest.atohdtnet.gov.au,61301</parameter>
            <parameter key="Domain">devtest.atohdtnet.gov.au</parameter>
            <parameter key="Level">DE</parameter>
        </instance>
        <instance key="DEH">
            <parameter key="winServiceIdentity">DevTest\SVC_DCSCORRES_DE</parameter>
            <parameter key="LegacyEnv">DEVH</parameter>
            <parameter key="Environment">DEH</parameter>
            <parameter key="ServiceInstance">${InstanceKey}</parameter>
            <parameter key="QueueManager">CGS_1_01</parameter>
            <parameter key="MQSeries.hostName">10.192.57.216</parameter>
            <parameter key="MQSeries.port">1414</parameter>
            <parameter key="SQLServer">MSQSSQL00003DE.product.atotnet.gov.au\SQL001</parameter>
            <parameter key="Domain">devtest.atohdtnet.gov.au</parameter>
            <parameter key="Level">DE</parameter>
        </instance>
        <instance key="DEI">
            <parameter key="winServiceIdentity">DevTest\SVC_DCSCORRES_DE</parameter>
            <parameter key="LegacyEnv">DEVI</parameter>
            <parameter key="Environment">DEI</parameter>
            <parameter key="ServiceInstance">${InstanceKey}</parameter>
            <parameter key="QueueManager">CGS_A_01</parameter>
            <parameter key="MQSeries.hostName">10.192.57.216</parameter>
            <parameter key="MQSeries.port">1415</parameter>
            <parameter key="SQLServer">MSQSSQL00003DE.product.atotnet.gov.au\SQL001</parameter>
            <parameter key="Domain">devtest.atohdtnet.gov.au</parameter>
            <parameter key="Level">DE</parameter>
        </instance>
        <instance key="DEK">
            <parameter key="winServiceIdentity">DevTest\SVC_DCSCORRES_DE</parameter>
            <parameter key="LegacyEnv">DEVK</parameter>
            <parameter key="Environment">DEK</parameter>
            <parameter key="ServiceInstance">${InstanceKey}</parameter>
            <parameter key="QueueManager">CGS_T_01</parameter>
            <parameter key="MQSeries.hostName">10.192.57.216</parameter>
            <parameter key="MQSeries.port">1414</parameter>
            <parameter key="SQLServer">MSQSSQL00003DE.product.atotnet.gov.au\SQL001</parameter>
            <parameter key="Domain">devtest.atohdtnet.gov.au</parameter>
            <parameter key="Level">DE</parameter>
        </instance>
        <instance key="DEM">
            <parameter key="winServiceIdentity">DevTest\SVC_DCSCORRES_DE</parameter>
            <parameter key="LegacyEnv">DEM</parameter>
            <parameter key="Environment">DEM</parameter>
            <parameter key="ServiceInstance">${InstanceKey}</parameter>
            <parameter key="QueueManager">CGS_1R01</parameter>
            <parameter key="MQSeries.hostName">10.195.104.222</parameter>
            <parameter key="MQSeries.port">1414</parameter>
            <parameter key="SQLServer">TECXSQL00001DES.product.atotnet.gov.au\SQL001</parameter>
            <parameter key="Domain">devtest.atohdtnet.gov.au</parameter>
            <parameter key="Level">DE</parameter>
        </instance>
        <instance key="DEQ">
            <parameter key="winServiceIdentity">DevTest\SVC_DCSCORRES_DE</parameter>
            <parameter key="LegacyEnv">DEVQ</parameter>
            <parameter key="Environment">DEQ</parameter>
            <parameter key="ServiceInstance">${InstanceKey}</parameter>
            <parameter key="QueueManager">CGS_4_01</parameter>
            <parameter key="MQSeries.hostName">10.7.141.149</parameter>
            <parameter key="MQSeries.port">1415</parameter>
            <parameter key="SQLServer">MSQSSQL00003DE.product.atotnet.gov.au\SQL001</parameter>
            <parameter key="Domain">devtest.atohdtnet.gov.au</parameter>
            <parameter key="Level">DE</parameter>
        </instance>
        <instance key="DEW">
            <parameter key="winServiceIdentity">DevTest\SVC_DCSCORRES_DE</parameter>
            <parameter key="LegacyEnv">DEVW</parameter>
            <parameter key="Environment">DEW</parameter>
            <parameter key="ServiceInstance">${InstanceKey}</parameter>
            <parameter key="QueueManager">CGS_1L01</parameter>
            <parameter key="MQSeries.hostName">10.7.141.149</parameter>
            <parameter key="MQSeries.port">1415</parameter>
            <parameter key="SQLServer">MSQSSQL00003DE.product.atotnet.gov.au\SQL001</parameter>
            <parameter key="Domain">devtest.atohdtnet.gov.au</parameter>
            <parameter key="Level">DE</parameter>
        </instance>
        <instance key="ATA">
            <parameter key="winServiceIdentity">DevTest\SVC_DCSCORRES_AT</parameter>
            <parameter key="LegacyEnv">ATA</parameter>
            <parameter key="Environment">ATA</parameter>
            <parameter key="ServiceInstance">${InstanceKey}</parameter>
            <parameter key="QueueManager">CGS_2B01</parameter>
            <parameter key="MQSeries.hostName">10.195.104.55</parameter>
            <parameter key="MQSeries.port">1414</parameter>
            <parameter key="SQLServer">TECXSQL00003ATS.product.atotnet.gov.au\SQL001</parameter>
            <parameter key="Domain">devtest.atohdtnet.gov.au</parameter>
            <parameter key="Level">AT</parameter>
        </instance>
        <instance key="ATB">
            <parameter key="winServiceIdentity">DevTest\SVC_DCSCORRES_AT</parameter>
            <parameter key="LegacyEnv">ATB</parameter>
            <parameter key="Environment">ATB</parameter>
            <parameter key="ServiceInstance">${InstanceKey}</parameter>
            <parameter key="QueueManager">CGS_2A01</parameter>
            <parameter key="MQSeries.hostName">10.195.104.196</parameter>
            <parameter key="MQSeries.port">1414</parameter>
            <parameter key="SQLServer">TECXSQL00003ATS.product.atotnet.gov.au\SQL001</parameter>
            <parameter key="Domain">devtest.atohdtnet.gov.au</parameter>
            <parameter key="Level">AT</parameter>
        </instance>
        <instance key="ATG">
            <parameter key="winServiceIdentity">DevTest\SVC_DCSCORRES_AT</parameter>
            <parameter key="LegacyEnv">ATG</parameter>
            <parameter key="Environment">ATG</parameter>
            <parameter key="ServiceInstance">${InstanceKey}</parameter>
            <parameter key="QueueManager">CGS_2N01</parameter>
            <parameter key="MQSeries.hostName">10.192.46.36</parameter>
            <parameter key="MQSeries.port">1417</parameter>
            <parameter key="SQLServer">SYD02H805FV.product.atotnet.gov.au\SQL001</parameter>
            <parameter key="Domain">devtest.atohdtnet.gov.au</parameter>
            <parameter key="Level">AT</parameter>
        </instance>
        <instance key="ATH">
            <parameter key="winServiceIdentity">DevTest\SVC_DCSCORRES_AT</parameter>
            <parameter key="LegacyEnv">ATH</parameter>
            <parameter key="Environment">ATH</parameter>
            <parameter key="ServiceInstance">${InstanceKey}</parameter>
            <parameter key="QueueManager">CGS_E_01</parameter>
            <parameter key="MQSeries.hostName">10.195.104.196</parameter>
            <parameter key="MQSeries.port">1414</parameter>
            <parameter key="SQLServer">SYD02H805FV.product.atotnet.gov.au\SQL001</parameter>
            <parameter key="Domain">devtest.atohdtnet.gov.au</parameter>
            <parameter key="Level">AT</parameter>
        </instance>
        <instance key="ATL">
            <parameter key="winServiceIdentity">DevTest\SVC_DCSCORRES_AT</parameter>
            <parameter key="LegacyEnv">ATL</parameter>
            <parameter key="Environment">ATL</parameter>
            <parameter key="ServiceInstance">${InstanceKey}</parameter>
            <parameter key="QueueManager">CGS_I_01</parameter>
            <parameter key="MQSeries.hostName">10.192.46.36</parameter>
            <parameter key="MQSeries.port">1414</parameter>
            <parameter key="SQLServer">SYD02H805FV.product.atotnet.gov.au\SQL001</parameter>
            <parameter key="Domain">devtest.atohdtnet.gov.au</parameter>
            <parameter key="Level">AT</parameter>
        </instance>
        <instance key="ATM">
            <parameter key="winServiceIdentity">DevTest\SVC_DCSCORRES_AT</parameter>
            <parameter key="LegacyEnv">ATM</parameter>
            <parameter key="Environment">ATM</parameter>
            <parameter key="ServiceInstance">${InstanceKey}</parameter>
            <parameter key="QueueManager">CGS_2_01</parameter>
            <parameter key="MQSeries.hostName">10.195.104.252</parameter>
            <parameter key="MQSeries.port">1414</parameter>
            <parameter key="SQLServer">TECXSQL00003ATS.product.atotnet.gov.au\SQL001</parameter>
            <parameter key="Domain">devtest.atohdtnet.gov.au</parameter>
            <parameter key="Level">AT</parameter>
        </instance>
        <instance key="ATN">
            <parameter key="winServiceIdentity">DevTest\SVC_DCSCORRES_AT</parameter>
            <parameter key="LegacyEnv">ATN</parameter>
            <parameter key="Environment">ATN</parameter>
            <parameter key="ServiceInstance">${InstanceKey}</parameter>
            <parameter key="QueueManager">CGS_K_01</parameter>
            <parameter key="MQSeries.hostName">10.192.46.36</parameter>
            <parameter key="MQSeries.port">1415</parameter>
            <parameter key="SQLServer">SYD02H805FV.product.atotnet.gov.au\SQL001</parameter>
            <parameter key="Domain">devtest.atohdtnet.gov.au</parameter>
            <parameter key="Level">AT</parameter>
        </instance>
        <instance key="ATJ">
            <parameter key="winServiceIdentity">DevTest\SVC_DCSCORRES_AT</parameter>
            <parameter key="LegacyEnv">ATJ</parameter>
            <parameter key="Environment">ATJ</parameter>
            <parameter key="ServiceInstance">${InstanceKey}</parameter>
            <parameter key="QueueManager">CGS_3_01</parameter>
            <parameter key="MQSeries.hostName">10.7.141.151</parameter>
            <parameter key="MQSeries.port">1415</parameter>
            <parameter key="SQLServer">SYD02H805FV.product.atotnet.gov.au\SQL001</parameter>
            <parameter key="Domain">devtest.atohdtnet.gov.au</parameter>
            <parameter key="Level">AT</parameter>
        </instance>
        <instance key="ATQ">
            <parameter key="winServiceIdentity">DevTest\SVC_DCSCORRES_AT</parameter>
            <parameter key="LegacyEnv">ATQ</parameter>
            <parameter key="Environment">ATQ</parameter>
            <parameter key="ServiceInstance">${InstanceKey}</parameter>
            <parameter key="QueueManager">CGSCA401</parameter>
            <parameter key="MQSeries.hostName">10.49.192.65</parameter>
            <parameter key="MQSeries.port">1416</parameter>
            <parameter key="SQLServer">CMSRAOL00002DVT.devtest.atohdtnet.gov.au,61301</parameter>
            <parameter key="Domain">devtest.atohdtnet.gov.au</parameter>
            <parameter key="Level">AT</parameter>
        </instance>
        <instance key="PTA">
            <parameter key="winServiceIdentity">DevTest\SVC_DCSCORRES_PT</parameter>
            <parameter key="LegacyEnv">PTA</parameter>
            <parameter key="Environment">PTA</parameter>
            <parameter key="ServiceInstance">${InstanceKey}</parameter>
            <parameter key="QueueManager">CGS_3C01</parameter>
            <parameter key="MQSeries.hostName">10.195.112.35</parameter>
            <parameter key="MQSeries.port">1414</parameter>
            <parameter key="SQLServer">TECXSQL00001PTS.integrate.atotnet.gov.au\SQL001</parameter>
            <parameter key="Domain">devtest.atohdtnet.gov.au</parameter>
            <parameter key="Level">PT</parameter>
        </instance>
        <instance key="PTB">
            <parameter key="winServiceIdentity">DevTest\SVC_DCSCORRES_PT</parameter>
            <parameter key="LegacyEnv">PTB</parameter>
            <parameter key="Environment">PTB</parameter>
            <parameter key="ServiceInstance">${InstanceKey}</parameter>
            <parameter key="QueueManager">CGS_3G01</parameter>
            <parameter key="MQSeries.hostName">10.195.112.90</parameter>
            <parameter key="MQSeries.port">1414</parameter>
            <parameter key="SQLServer">TECXSQL00001PTS.integrate.atotnet.gov.au\SQL001</parameter>
            <parameter key="Domain">devtest.atohdtnet.gov.au</parameter>
            <parameter key="Level">PT</parameter>
        </instance>
        <instance key="PTE">
            <parameter key="winServiceIdentity">DevTest\SVC_DCSCORRES_PT</parameter>
            <parameter key="LegacyEnv">PTE</parameter>
            <parameter key="Environment">PTE</parameter>
            <parameter key="ServiceInstance">${InstanceKey}</parameter>
            <parameter key="QueueManager">CGS_3F01</parameter>
            <parameter key="MQSeries.hostName">10.7.12.95</parameter>
            <parameter key="MQSeries.port">1415</parameter>
            <parameter key="SQLServer">SYD02H555IV.integrate.atotnet.gov.au\SQL001</parameter>
            <parameter key="Domain">devtest.atohdtnet.gov.au</parameter>
            <parameter key="Level">PT</parameter>
        </instance>
        <instance key="PTG">
            <parameter key="winServiceIdentity">DevTest\SVC_DCSCORRES_PT</parameter>
            <parameter key="LegacyEnv">PTG</parameter>
            <parameter key="Environment">PTG</parameter>
            <parameter key="ServiceInstance">${InstanceKey}</parameter>
            <parameter key="QueueManager">CGS_C_01</parameter>
            <parameter key="MQSeries.hostName">10.7.12.95</parameter>
            <parameter key="MQSeries.port">1415</parameter>
            <parameter key="SQLServer">SYD02H555IV.integrate.atotnet.gov.au\SQL001</parameter>
            <parameter key="Domain">devtest.atohdtnet.gov.au</parameter>
            <parameter key="Level">PT</parameter>
        </instance>
        <instance key="PTH">
            <parameter key="winServiceIdentity">DevTest\SVC_DCSCORRES_PT</parameter>
            <parameter key="LegacyEnv">PTH</parameter>
            <parameter key="Environment">PTH</parameter>
            <parameter key="ServiceInstance">${InstanceKey}</parameter>
            <parameter key="QueueManager">CGS_Q_01</parameter>
            <parameter key="MQSeries.hostName">10.7.12.95</parameter>
            <parameter key="MQSeries.port">1417</parameter>
            <parameter key="SQLServer">SYD02H555IV.integrate.atotnet.gov.au\SQL001</parameter>
            <parameter key="Domain">devtest.atohdtnet.gov.au</parameter>
            <parameter key="Level">PT</parameter>
        </instance>
        <instance key="PTI">
            <parameter key="winServiceIdentity">DevTest\SVC_DCSCORRES_PT</parameter>
            <parameter key="LegacyEnv">PTI</parameter>
            <parameter key="Environment">PTI</parameter>
            <parameter key="ServiceInstance">${InstanceKey}</parameter>
            <parameter key="QueueManager">CGS_G_01</parameter>
            <parameter key="MQSeries.hostName">10.7.12.95</parameter>
            <parameter key="MQSeries.port">1414</parameter>
            <parameter key="SQLServer">SYD02H555IV.integrate.atotnet.gov.au\SQL001</parameter>
            <parameter key="Domain">devtest.atohdtnet.gov.au</parameter>
            <parameter key="Level">PT</parameter>
        </instance>
        <instance key="PTJ">
            <parameter key="winServiceIdentity">DevTest\SVC_DCSCORRES_PT</parameter>
            <parameter key="LegacyEnv">PTJ</parameter>
            <parameter key="Environment">PTJ</parameter>
            <parameter key="ServiceInstance">${InstanceKey}</parameter>
            <parameter key="QueueManager">CGS_3L01</parameter>
            <parameter key="MQSeries.hostName">10.7.12.95</parameter>
            <parameter key="MQSeries.port">1414</parameter>
            <parameter key="SQLServer">SYD02H555IV.integrate.atotnet.gov.au\SQL001</parameter>
            <parameter key="Domain">devtest.atohdtnet.gov.au</parameter>
            <parameter key="Level">PT</parameter>
        </instance>
        <instance key="PTK">
            <parameter key="winServiceIdentity">DevTest\SVC_DCSCORRES_PT</parameter>
            <parameter key="LegacyEnv">PTK</parameter>
            <parameter key="Environment">PTK</parameter>
            <parameter key="ServiceInstance">${InstanceKey}</parameter>
            <parameter key="QueueManager">CGS_3K01</parameter>
            <parameter key="MQSeries.hostName">10.7.12.95</parameter>
            <parameter key="MQSeries.port">1414</parameter>
            <parameter key="SQLServer">SYD02H555IV.integrate.atotnet.gov.au\SQL001</parameter>
            <parameter key="Domain">devtest.atohdtnet.gov.au</parameter>
            <parameter key="Level">PT</parameter>
        </instance>
        <instance key="PTM">
            <parameter key="winServiceIdentity">DevTest\SVC_DCSCORRES_PT</parameter>
            <parameter key="LegacyEnv">PTM</parameter>
            <parameter key="Environment">PTM</parameter>
            <parameter key="ServiceInstance">${InstanceKey}</parameter>
            <parameter key="QueueManager">CGS_3N01</parameter>
            <parameter key="MQSeries.hostName">10.195.112.117</parameter>
            <parameter key="MQSeries.port">1414</parameter>
            <parameter key="SQLServer">TECXSQL00001PTS.integrate.atotnet.gov.au\SQL001</parameter>
            <parameter key="Domain">devtest.atohdtnet.gov.au</parameter>
            <parameter key="Level">PT</parameter>
        </instance>
        <instance key="PTQ">
            <parameter key="winServiceIdentity">DevTest\SVC_DCSCORRES_PT</parameter>
            <parameter key="LegacyEnv">PTQ</parameter>
            <parameter key="Environment">PTQ</parameter>
            <parameter key="ServiceInstance">${InstanceKey}</parameter>
            <parameter key="QueueManager">CGSCT401</parameter>
            <parameter key="MQSeries.hostName">10.49.192.73</parameter>
            <parameter key="MQSeries.port">1416</parameter>
            <parameter key="SQLServer">CMSRAOL00002DVT.devtest.atohdtnet.gov.au,61301</parameter>
            <parameter key="Domain">devtest.atohdtnet.gov.au</parameter>
            <parameter key="Level">PT</parameter>
        </instance>
        <instance key="PTR">
            <parameter key="winServiceIdentity">DevTest\SVC_DCSCORRES_PT</parameter>
            <parameter key="LegacyEnv">PTR</parameter>
            <parameter key="Environment">PTR</parameter>
            <parameter key="ServiceInstance">${InstanceKey}</parameter>
            <parameter key="QueueManager">CGS_3A01</parameter>
            <parameter key="MQSeries.hostName">10.192.16.50</parameter>
            <parameter key="MQSeries.port">1414</parameter>
            <parameter key="SQLServer">SYD02H555IV.integrate.atotnet.gov.au\SQL001</parameter>
            <parameter key="Domain">devtest.atohdtnet.gov.au</parameter>
            <parameter key="Level">PT</parameter>
        </instance>
        <instance key="PTW">
            <parameter key="winServiceIdentity">DevTest\SVC_DCSCORRES_PT</parameter>
            <parameter key="LegacyEnv">PTW</parameter>
            <parameter key="Environment">PTW</parameter>
            <parameter key="ServiceInstance">${InstanceKey}</parameter>
            <parameter key="QueueManager">CGS_3I01</parameter>
            <parameter key="MQSeries.hostName">10.192.71.69</parameter>
            <parameter key="MQSeries.port">1414</parameter>
            <parameter key="SQLServer">SYD02H555IV.integrate.atotnet.gov.au\SQL001</parameter>
            <parameter key="Domain">devtest.atohdtnet.gov.au</parameter>
            <parameter key="Level">PT</parameter>
        </instance>
        <instance key="PFB1">
            <parameter key="winServiceIdentity">PREPRODHPPNET\SVC_DCSCORRES_PF</parameter>
            <parameter key="LegacyEnv">PRFB</parameter>
            <parameter key="Environment">PFB</parameter>
            <parameter key="ServiceInstance">${InstanceKey}</parameter>
            <parameter key="QueueManager">CGSCW_02</parameter>
            <parameter key="MQSeries.hostName">10.196.104.215</parameter>
            <parameter key="MQSeries.port">1414</parameter>
            <parameter key="SQLServer">designdatabasePF.dcs.${domain},61301</parameter>
            <parameter key="Domain">preprod.atohppnet.gov.au</parameter>
            <parameter key="Level">PF</parameter>
            <parameter key="LogTestAutomationSwitch">FALSE</parameter>
            <parameter key="LogMQSendRUCRequestForUntrackableAddressRequestSwitch">FALSE</parameter>
            <parameter key="LogMQClientAddressSelectionRequestSwitch">FALSE</parameter>
            <parameter key="LogMQClientAddressSelectionResponseSwitch">FALSE</parameter>
            <parameter key="LogMQClientGetPRNRequestSwitch">FALSE</parameter>
            <parameter key="LogMQClientGetPRNResponseSwitch">FALSE</parameter>
            <parameter key="CCDTFile">${LegacyEnv}.C.OUT.TAB</parameter>
        </instance>
        <instance key="PFB2">
            <parameter key="winServiceIdentity">PREPRODHPPNET\SVC_DCSCORRES_PF</parameter>
            <parameter key="LegacyEnv">PRFB</parameter>
            <parameter key="Environment">PFB</parameter>
            <parameter key="ServiceInstance">${InstanceKey}</parameter>
            <parameter key="QueueManager">CGSCW_03</parameter>
            <parameter key="MQSeries.hostName">10.196.110.21</parameter>
            <parameter key="MQSeries.port">1414</parameter>
            <parameter key="SQLServer">designdatabasePF.dcs.${domain},61301</parameter>
            <parameter key="Domain">preprod.atohppnet.gov.au</parameter>
            <parameter key="Level">PF</parameter>
            <parameter key="LogTestAutomationSwitch">FALSE</parameter>
            <parameter key="LogMQSendRUCRequestForUntrackableAddressRequestSwitch">FALSE</parameter>
            <parameter key="LogMQClientAddressSelectionRequestSwitch">FALSE</parameter>
            <parameter key="LogMQClientAddressSelectionResponseSwitch">FALSE</parameter>
            <parameter key="LogMQClientGetPRNRequestSwitch">FALSE</parameter>
            <parameter key="LogMQClientGetPRNResponseSwitch">FALSE</parameter>
            <parameter key="CCDTFile">${LegacyEnv}.C.OUT.TAB</parameter>
        </instance>
        <instance key="PFB3">
            <parameter key="winServiceIdentity">PREPRODHPPNET\SVC_DCSCORRES_PF</parameter>
            <parameter key="LegacyEnv">PRFB</parameter>
            <parameter key="Environment">PFB</parameter>
            <parameter key="ServiceInstance">${InstanceKey}</parameter>
            <parameter key="QueueManager">CGSCW_04</parameter>
            <parameter key="MQSeries.hostName">10.196.110.48</parameter>
            <parameter key="MQSeries.port">1414</parameter>
            <parameter key="SQLServer">designdatabasePF.dcs.${domain},61301</parameter>
            <parameter key="Domain">preprod.atohppnet.gov.au</parameter>
            <parameter key="Level">PF</parameter>
            <parameter key="LogTestAutomationSwitch">FALSE</parameter>
            <parameter key="LogMQSendRUCRequestForUntrackableAddressRequestSwitch">FALSE</parameter>
            <parameter key="LogMQClientAddressSelectionRequestSwitch">FALSE</parameter>
            <parameter key="LogMQClientAddressSelectionResponseSwitch">FALSE</parameter>
            <parameter key="LogMQClientGetPRNRequestSwitch">FALSE</parameter>
            <parameter key="LogMQClientGetPRNResponseSwitch">FALSE</parameter>
            <parameter key="CCDTFile">${LegacyEnv}.C.OUT.TAB</parameter>
        </instance>
        <instance key="PFE1">
            <parameter key="winServiceIdentity">PREPRODHPPNET\SVC_DCSCORRES_PF</parameter>
            <parameter key="LegacyEnv">PRFE</parameter>
            <parameter key="Environment">PFE</parameter>
            <parameter key="ServiceInstance">${InstanceKey}</parameter>
            <parameter key="QueueManager">CGSCU_02</parameter>
            <parameter key="MQSeries.hostName">10.196.104.215</parameter>
            <parameter key="MQSeries.port">1415</parameter>
            <parameter key="SQLServer">MSQSSQLAZGPPRFE.perf.atoqnet.gov.au\SQL001</parameter>
            <parameter key="Domain">preprod.atohppnet.gov.au</parameter>
            <parameter key="Level">PF</parameter>
            <parameter key="LogTestAutomationSwitch">FALSE</parameter>
            <parameter key="LogMQSendRUCRequestForUntrackableAddressRequestSwitch">FALSE</parameter>
            <parameter key="LogMQClientAddressSelectionRequestSwitch">FALSE</parameter>
            <parameter key="LogMQClientAddressSelectionResponseSwitch">FALSE</parameter>
            <parameter key="LogMQClientGetPRNRequestSwitch">FALSE</parameter>
            <parameter key="LogMQClientGetPRNResponseSwitch">FALSE</parameter>
            <parameter key="CCDTFile">${LegacyEnv}.C.OUT.TAB</parameter>
        </instance>
        <instance key="PFE2">
            <parameter key="winServiceIdentity">PREPRODHPPNET\SVC_DCSCORRES_PF</parameter>
            <parameter key="LegacyEnv">PRFE</parameter>
            <parameter key="Environment">PFE</parameter>
            <parameter key="ServiceInstance">${InstanceKey}</parameter>
            <parameter key="QueueManager">CGSCU_03</parameter>
            <parameter key="MQSeries.hostName">10.196.110.21</parameter>
            <parameter key="MQSeries.port">1415</parameter>
            <parameter key="SQLServer">MSQSSQLAZGPPRFE.perf.atoqnet.gov.au\SQL001</parameter>
            <parameter key="Domain">preprod.atohppnet.gov.au</parameter>
            <parameter key="Level">PF</parameter>
            <parameter key="LogTestAutomationSwitch">FALSE</parameter>
            <parameter key="LogMQSendRUCRequestForUntrackableAddressRequestSwitch">FALSE</parameter>
            <parameter key="LogMQClientAddressSelectionRequestSwitch">FALSE</parameter>
            <parameter key="LogMQClientAddressSelectionResponseSwitch">FALSE</parameter>
            <parameter key="LogMQClientGetPRNRequestSwitch">FALSE</parameter>
            <parameter key="LogMQClientGetPRNResponseSwitch">FALSE</parameter>
            <parameter key="CCDTFile">${LegacyEnv}.C.OUT.TAB</parameter>
            <parameter key="ChannelName">OUT.CGS02</parameter>
        </instance>
        <instance key="PFE3">
            <parameter key="winServiceIdentity">PREPRODHPPNET\SVC_DCSCORRES_PF</parameter>
            <parameter key="LegacyEnv">PRFE</parameter>
            <parameter key="Environment">PFE</parameter>
            <parameter key="ServiceInstance">${InstanceKey}</parameter>
            <parameter key="QueueManager">CGSCU_04</parameter>
            <parameter key="MQSeries.hostName">10.196.110.48</parameter>
            <parameter key="MQSeries.port">1415</parameter>
            <parameter key="SQLServer">MSQSSQLAZGPPRFE.perf.atoqnet.gov.au\SQL001</parameter>
            <parameter key="Domain">preprod.atohppnet.gov.au</parameter>
            <parameter key="Level">PF</parameter>
            <parameter key="LogTestAutomationSwitch">FALSE</parameter>
            <parameter key="LogMQSendRUCRequestForUntrackableAddressRequestSwitch">FALSE</parameter>
            <parameter key="LogMQClientAddressSelectionRequestSwitch">FALSE</parameter>
            <parameter key="LogMQClientAddressSelectionResponseSwitch">FALSE</parameter>
            <parameter key="LogMQClientGetPRNRequestSwitch">FALSE</parameter>
            <parameter key="LogMQClientGetPRNResponseSwitch">FALSE</parameter>
            <parameter key="CCDTFile">${LegacyEnv}.C.OUT.TAB</parameter>
        </instance>
        <instance key="PFG1">
            <parameter key="winServiceIdentity">PREPRODHPPNET\SVC_DCSCORRES_PF</parameter>
            <parameter key="LegacyEnv">PRFG</parameter>
            <parameter key="Environment">PFG</parameter>
            <parameter key="ServiceInstance">${InstanceKey}</parameter>
            <parameter key="QueueManager">CGS_S_01</parameter>
            <parameter key="MQSeries.hostName">10.10.160.203</parameter>
            <parameter key="MQSeries.port">1414</parameter>
            <parameter key="SQLServer">designdatabasePFsingle.${domain},61301</parameter>
            <parameter key="Domain">preprod.atohppnet.gov.au</parameter>
            <parameter key="Level">PF</parameter>
            <parameter key="LogTestAutomationSwitch">FALSE</parameter>
            <parameter key="LogMQSendRUCRequestForUntrackableAddressRequestSwitch">FALSE</parameter>
            <parameter key="LogMQClientAddressSelectionRequestSwitch">FALSE</parameter>
            <parameter key="LogMQClientAddressSelectionResponseSwitch">FALSE</parameter>
            <parameter key="LogMQClientGetPRNRequestSwitch">FALSE</parameter>
            <parameter key="LogMQClientGetPRNResponseSwitch">FALSE</parameter>
        </instance>
        <instance key="PFG2">
            <parameter key="winServiceIdentity">PREPRODHPPNET\SVC_DCSCORRES_PF</parameter>
            <parameter key="LegacyEnv">PRFG</parameter>
            <parameter key="Environment">PFG</parameter>
            <parameter key="ServiceInstance">${InstanceKey}</parameter>
            <parameter key="QueueManager">CGS_S_02</parameter>
            <parameter key="MQSeries.hostName">10.10.160.204</parameter>
            <parameter key="MQSeries.port">1414</parameter>
            <parameter key="SQLServer">designdatabasePFsingle.${domain},61301</parameter>
            <parameter key="Domain">preprod.atohppnet.gov.au</parameter>
            <parameter key="Level">PF</parameter>
            <parameter key="LogTestAutomationSwitch">FALSE</parameter>
            <parameter key="LogMQSendRUCRequestForUntrackableAddressRequestSwitch">FALSE</parameter>
            <parameter key="LogMQClientAddressSelectionRequestSwitch">FALSE</parameter>
            <parameter key="LogMQClientAddressSelectionResponseSwitch">FALSE</parameter>
            <parameter key="LogMQClientGetPRNRequestSwitch">FALSE</parameter>
            <parameter key="LogMQClientGetPRNResponseSwitch">FALSE</parameter>
        </instance>
        <instance key="EFX1">
            <parameter key="winServiceIdentity">PREPRODHPPNET\SVC_DCSCORRES_EF</parameter>
            <parameter key="LegacyEnv">EFIX</parameter>
            <parameter key="Environment">EFX</parameter>
            <parameter key="ServiceInstance">${InstanceKey}</parameter>
            <parameter key="QueueManager">CGS_X_01</parameter>
            <parameter key="MQSeries.hostName">10.6.156.201</parameter>
            <parameter key="MQSeries.port">1415</parameter>
            <parameter key="SQLServer">MSQSSQLAZG4UAT.uat.atoqnet.gov.au\SQL001</parameter>
            <parameter key="Domain">preprod.atohppnet.gov.au</parameter>
            <parameter key="Level">EF</parameter>
            <parameter key="LogTestAutomationSwitch">FALSE</parameter>
            <parameter key="LogMQSendRUCRequestForUntrackableAddressRequestSwitch">FALSE</parameter>
            <parameter key="LogMQClientAddressSelectionRequestSwitch">FALSE</parameter>
            <parameter key="LogMQClientAddressSelectionResponseSwitch">FALSE</parameter>
            <parameter key="LogMQClientGetPRNRequestSwitch">FALSE</parameter>
            <parameter key="LogMQClientGetPRNResponseSwitch">FALSE</parameter>
        </instance>
        <instance key="EFX2">
            <parameter key="winServiceIdentity">PREPRODHPPNET\SVC_DCSCORRES_EF</parameter>
            <parameter key="LegacyEnv">EFIX</parameter>
            <parameter key="Environment">EFX</parameter>
            <parameter key="ServiceInstance">${InstanceKey}</parameter>
            <parameter key="QueueManager">CGS_X_01</parameter>
            <parameter key="MQSeries.hostName">10.6.156.202</parameter>
            <parameter key="MQSeries.port">1415</parameter>
            <parameter key="SQLServer">MSQSSQLAZG4UAT.uat.atoqnet.gov.au\SQL001</parameter>
            <parameter key="Domain">preprod.atohppnet.gov.au</parameter>
            <parameter key="Level">EF</parameter>
            <parameter key="LogTestAutomationSwitch">FALSE</parameter>
            <parameter key="LogMQSendRUCRequestForUntrackableAddressRequestSwitch">FALSE</parameter>
            <parameter key="LogMQClientAddressSelectionRequestSwitch">FALSE</parameter>
            <parameter key="LogMQClientAddressSelectionResponseSwitch">FALSE</parameter>
            <parameter key="LogMQClientGetPRNRequestSwitch">FALSE</parameter>
            <parameter key="LogMQClientGetPRNResponseSwitch">FALSE</parameter>
        </instance>
        <instance key="EFX3">
            <parameter key="winServiceIdentity">PREPRODHPPNET\SVC_DCSCORRES_EF</parameter>
            <parameter key="LegacyEnv">EFIX</parameter>
            <parameter key="Environment">EFX</parameter>
            <parameter key="ServiceInstance">${InstanceKey}</parameter>
            <parameter key="QueueManager">CGS_X_01</parameter>
            <parameter key="MQSeries.hostName">10.6.156.202</parameter>
            <parameter key="MQSeries.port">1415</parameter>
            <parameter key="SQLServer">MSQSSQLAZG4UAT.uat.atoqnet.gov.au\SQL001</parameter>
            <parameter key="Domain">preprod.atohppnet.gov.au</parameter>
            <parameter key="Level">EF</parameter>
            <parameter key="LogTestAutomationSwitch">FALSE</parameter>
            <parameter key="LogMQSendRUCRequestForUntrackableAddressRequestSwitch">FALSE</parameter>
            <parameter key="LogMQClientAddressSelectionRequestSwitch">FALSE</parameter>
            <parameter key="LogMQClientAddressSelectionResponseSwitch">FALSE</parameter>
            <parameter key="LogMQClientGetPRNRequestSwitch">FALSE</parameter>
            <parameter key="LogMQClientGetPRNResponseSwitch">FALSE</parameter>
        </instance>
        <instance key="UAI1">
            <parameter key="winServiceIdentity">PREPRODHPPNET\SVC_DCSCORRES_UA</parameter>
            <parameter key="LegacyEnv">UATI</parameter>
            <parameter key="Environment">UAI</parameter>
            <parameter key="ServiceInstance">${InstanceKey}</parameter>
            <parameter key="QueueManager">CGS_8_01</parameter>
            <parameter key="MQSeries.hostName">10.6.156.227</parameter>
            <parameter key="MQSeries.port">1414</parameter>
            <parameter key="SQLServer">MSQSSQLAZG4UAT.uat.atoqnet.gov.au\SQL001</parameter>
            <parameter key="Domain">preprod.atohppnet.gov.au</parameter>
            <parameter key="Level">UA</parameter>
        </instance>
        <instance key="UAI2">
            <parameter key="winServiceIdentity">PREPRODHPPNET\SVC_DCSCORRES_UA</parameter>
            <parameter key="LegacyEnv">UATI</parameter>
            <parameter key="Environment">UAI</parameter>
            <parameter key="ServiceInstance">${InstanceKey}</parameter>
            <parameter key="QueueManager">CGS_8_01</parameter>
            <parameter key="MQSeries.hostName">10.6.156.227</parameter>
            <parameter key="MQSeries.port">1414</parameter>
            <parameter key="SQLServer">MSQSSQLAZG4UAT.uat.atoqnet.gov.au\SQL001</parameter>
            <parameter key="Domain">preprod.atohppnet.gov.au</parameter>
            <parameter key="Level">UA</parameter>
        </instance>
        <instance key="UAI3">
            <parameter key="winServiceIdentity">PREPRODHPPNET\SVC_DCSCORRES_UA</parameter>
            <parameter key="LegacyEnv">UATI</parameter>
            <parameter key="Environment">UAI</parameter>
            <parameter key="ServiceInstance">${InstanceKey}</parameter>
            <parameter key="QueueManager">CGS_8_01</parameter>
            <parameter key="MQSeries.hostName">10.6.156.227</parameter>
            <parameter key="MQSeries.port">1414</parameter>
            <parameter key="SQLServer">MSQSSQLAZG4UAT.uat.atoqnet.gov.au\SQL001</parameter>
            <parameter key="Domain">preprod.atohppnet.gov.au</parameter>
            <parameter key="Level">UA</parameter>
        </instance>
        <instance key="UCC1">
            <parameter key="winServiceIdentity">PREPRODHPPNET\SVC_DCSCORRES_UA</parameter>
            <parameter key="LegacyEnv">UCTC</parameter>
            <parameter key="Environment">UCC</parameter>
            <parameter key="ServiceInstance">${InstanceKey}</parameter>
            <parameter key="QueueManager">CGS_B_01</parameter>
            <parameter key="MQSeries.hostName">10.6.156.201</parameter>
            <parameter key="MQSeries.port">1414</parameter>
            <parameter key="SQLServer">MSQSSQL00002UCD.uat.atoqnet.gov.au\SQL001</parameter>
            <parameter key="Domain">preprod.atohppnet.gov.au</parameter>
            <parameter key="Level">UA</parameter>
        </instance>
        <instance key="UCC2">
            <parameter key="winServiceIdentity">PREPRODHPPNET\SVC_DCSCORRES_UA</parameter>
            <parameter key="LegacyEnv">UCTC</parameter>
            <parameter key="Environment">UCC</parameter>
            <parameter key="ServiceInstance">${InstanceKey}</parameter>
            <parameter key="QueueManager">CGS_B_01</parameter>
            <parameter key="MQSeries.hostName">10.6.156.201</parameter>
            <parameter key="MQSeries.port">1414</parameter>
            <parameter key="SQLServer">MSQSSQL00002UCD.uat.atoqnet.gov.au\SQL001</parameter>
            <parameter key="Domain">preprod.atohppnet.gov.au</parameter>
            <parameter key="Level">UA</parameter>
        </instance>
        <instance key="UCC3">
            <parameter key="winServiceIdentity">PREPRODHPPNET\SVC_DCSCORRES_UA</parameter>
            <parameter key="LegacyEnv">UCTC</parameter>
            <parameter key="Environment">UCC</parameter>
            <parameter key="ServiceInstance">${InstanceKey}</parameter>
            <parameter key="QueueManager">CGS_B_01</parameter>
            <parameter key="MQSeries.hostName">10.6.156.201</parameter>
            <parameter key="MQSeries.port">1414</parameter>
            <parameter key="SQLServer">MSQSSQL00002UCD.uat.atoqnet.gov.au\SQL001</parameter>
            <parameter key="Domain">preprod.atohppnet.gov.au</parameter>
            <parameter key="Level">UA</parameter>
        </instance>
        <instance key="UCD1">
            <parameter key="winServiceIdentity">PREPRODHPPNET\SVC_DCSCORRES_UA</parameter>
            <parameter key="LegacyEnv">UCTD</parameter>
            <parameter key="Environment">UCD</parameter>
            <parameter key="ServiceInstance">${InstanceKey}</parameter>
            <parameter key="QueueManager">CGS_R_01</parameter>
            <parameter key="MQSeries.hostName">10.6.156.201</parameter>
            <parameter key="MQSeries.port">1414</parameter>
            <parameter key="SQLServer">MSQSSQLAZG4UAT.uat.atoqnet.gov.au\SQL001</parameter>
            <parameter key="Domain">preprod.atohppnet.gov.au</parameter>
            <parameter key="Level">UA</parameter>
        </instance>
        <instance key="UCD2">
            <parameter key="winServiceIdentity">PREPRODHPPNET\SVC_DCSCORRES_UA</parameter>
            <parameter key="LegacyEnv">UCTD</parameter>
            <parameter key="Environment">UCD</parameter>
            <parameter key="ServiceInstance">${InstanceKey}</parameter>
            <parameter key="QueueManager">CGS_R_01</parameter>
            <parameter key="MQSeries.hostName">10.6.156.201</parameter>
            <parameter key="MQSeries.port">1414</parameter>
            <parameter key="SQLServer">MSQSSQLAZG4UAT.uat.atoqnet.gov.au\SQL001</parameter>
            <parameter key="Domain">preprod.atohppnet.gov.au</parameter>
            <parameter key="Level">UA</parameter>
        </instance>
        <instance key="UCD3">
            <parameter key="winServiceIdentity">PREPRODHPPNET\SVC_DCSCORRES_UA</parameter>
            <parameter key="LegacyEnv">UCTD</parameter>
            <parameter key="Environment">UCD</parameter>
            <parameter key="ServiceInstance">${InstanceKey}</parameter>
            <parameter key="QueueManager">CGS_R_01</parameter>
            <parameter key="MQSeries.hostName">10.6.156.201</parameter>
            <parameter key="MQSeries.port">1414</parameter>
            <parameter key="SQLServer">MSQSSQLAZG4UAT.uat.atoqnet.gov.au\SQL001</parameter>
            <parameter key="Domain">preprod.atohppnet.gov.au</parameter>
            <parameter key="Level">UA</parameter>
        </instance>
        <instance key="UAK1">
            <parameter key="winServiceIdentity">PREPRODHPPNET\SVC_DCSCORRES_UA</parameter>
            <parameter key="LegacyEnv">UATK</parameter>
            <parameter key="Environment">UAK</parameter>
            <parameter key="ServiceInstance">${InstanceKey}</parameter>
            <parameter key="QueueManager">CGS_9_01</parameter>
            <parameter key="MQSeries.hostName">10.6.136.49</parameter>
            <parameter key="MQSeries.port">1414</parameter>
            <parameter key="SQLServer">MSQSSQLAZG4UAT.uat.atoqnet.gov.au\SQL001</parameter>
            <parameter key="Domain">preprod.atohppnet.gov.au</parameter>
            <parameter key="Level">UA</parameter>
        </instance>
        <instance key="UAK2">
            <parameter key="winServiceIdentity">PREPRODHPPNET\SVC_DCSCORRES_UA</parameter>
            <parameter key="LegacyEnv">UATK</parameter>
            <parameter key="Environment">UAK</parameter>
            <parameter key="ServiceInstance">${InstanceKey}</parameter>
            <parameter key="QueueManager">CGS_9_01</parameter>
            <parameter key="MQSeries.hostName">10.6.136.49</parameter>
            <parameter key="MQSeries.port">1414</parameter>
            <parameter key="SQLServer">MSQSSQLAZG4UAT.uat.atoqnet.gov.au\SQL001</parameter>
            <parameter key="Domain">preprod.atohppnet.gov.au</parameter>
            <parameter key="Level">UA</parameter>
        </instance>
        <instance key="UAK3">
            <parameter key="winServiceIdentity">PREPRODHPPNET\SVC_DCSCORRES_UA</parameter>
            <parameter key="LegacyEnv">UATK</parameter>
            <parameter key="Environment">UAK</parameter>
            <parameter key="ServiceInstance">${InstanceKey}</parameter>
            <parameter key="QueueManager">CGS_9_01</parameter>
            <parameter key="MQSeries.hostName">10.6.136.49</parameter>
            <parameter key="MQSeries.port">1414</parameter>
            <parameter key="SQLServer">MSQSSQLAZG4UAT.uat.atoqnet.gov.au\SQL001</parameter>
            <parameter key="Domain">preprod.atohppnet.gov.au</parameter>
            <parameter key="Level">UA</parameter>
        </instance>
        <instance key="PRD1">
            <parameter key="winServiceIdentity">PRODHNET\SVC_DCSCORRES_PR</parameter>
            <parameter key="LegacyEnv">PROD</parameter>
            <parameter key="Environment">PRD</parameter>
            <parameter key="ServiceInstance">${InstanceKey}</parameter>
            <parameter key="QueueManager">CGSCP_02</parameter>
            <parameter key="MQSeries.hostName">10.10.8.116</parameter>
            <parameter key="MQSeries.port">1414</parameter>
            <parameter key="SQLServer">MSQSSQLAZG5.prod.atonet.gov.au\SQL001</parameter>
            <parameter key="Domain">prod.atohnet.gov.au</parameter>
            <parameter key="Level">PR</parameter>
            <parameter key="LogTestAutomationSwitch">FALSE</parameter>
            <parameter key="LogMQSendRUCRequestForUntrackableAddressRequestSwitch">FALSE</parameter>
            <parameter key="LogMQClientAddressSelectionRequestSwitch">FALSE</parameter>
            <parameter key="LogMQClientAddressSelectionResponseSwitch">FALSE</parameter>
            <parameter key="LogMQClientGetPRNRequestSwitch">FALSE</parameter>
            <parameter key="LogMQClientGetPRNResponseSwitch">FALSE</parameter>
            <parameter key="CCDTFile">${LegacyEnv}.C.OUT.TAB</parameter>
            <parameter key="RemotingIP">interview.dcs.${domain}:99</parameter>
            <parameter key="Database">BETIDTracking</parameter>
        </instance>
        <instance key="PRD2">
            <parameter key="winServiceIdentity">PRODHNET\SVC_DCSCORRES_PR</parameter>
            <parameter key="LegacyEnv">PROD</parameter>
            <parameter key="Environment">PRD</parameter>
            <parameter key="ServiceInstance">${InstanceKey}</parameter>
            <parameter key="QueueManager">CGSCP_03</parameter>
            <parameter key="MQSeries.hostName">10.10.8.117</parameter>
            <parameter key="MQSeries.port">1414</parameter>
            <parameter key="SQLServer">MSQSSQLAZG5.prod.atonet.gov.au\SQL001</parameter>
            <parameter key="Domain">prod.atohnet.gov.au</parameter>
            <parameter key="Level">PR</parameter>
            <parameter key="LogTestAutomationSwitch">FALSE</parameter>
            <parameter key="LogMQSendRUCRequestForUntrackableAddressRequestSwitch">FALSE</parameter>
            <parameter key="LogMQClientAddressSelectionRequestSwitch">FALSE</parameter>
            <parameter key="LogMQClientAddressSelectionResponseSwitch">FALSE</parameter>
            <parameter key="LogMQClientGetPRNRequestSwitch">FALSE</parameter>
            <parameter key="LogMQClientGetPRNResponseSwitch">FALSE</parameter>
            <parameter key="CCDTFile">${LegacyEnv}.C.OUT.TAB</parameter>
            <parameter key="RemotingIP">interview.dcs.${domain}:99</parameter>
            <parameter key="Database">BETIDTracking</parameter>
        </instance>
        <instance key="PRD3">
            <parameter key="winServiceIdentity">PRODHNET\SVC_DCSCORRES_PR</parameter>
            <parameter key="LegacyEnv">PROD</parameter>
            <parameter key="Environment">PRD</parameter>
            <parameter key="ServiceInstance">${InstanceKey}</parameter>
            <parameter key="QueueManager">CGSCP_04</parameter>
            <parameter key="MQSeries.hostName">10.6.3.90</parameter>
            <parameter key="MQSeries.port">1414</parameter>
            <parameter key="SQLServer">MSQSSQLAZG5.prod.atonet.gov.au\SQL001</parameter>
            <parameter key="Domain">prod.atohnet.gov.au</parameter>
            <parameter key="Level">PR</parameter>
            <parameter key="LogTestAutomationSwitch">FALSE</parameter>
            <parameter key="LogMQSendRUCRequestForUntrackableAddressRequestSwitch">FALSE</parameter>
            <parameter key="LogMQClientAddressSelectionRequestSwitch">FALSE</parameter>
            <parameter key="LogMQClientAddressSelectionResponseSwitch">FALSE</parameter>
            <parameter key="LogMQClientGetPRNRequestSwitch">FALSE</parameter>
            <parameter key="LogMQClientGetPRNResponseSwitch">FALSE</parameter>
            <parameter key="CCDTFile">${LegacyEnv}.C.OUT.TAB</parameter>
            <parameter key="RemotingIP">interview.dcs.${domain}:99</parameter>
            <parameter key="Database">BETIDTracking</parameter>
        </instance>
    </environment>
</environments>
