<configuration>
	<Application key="DCSServices">
		<WebService>
			<ApplicationPools>
				<ApplicationPool name="${WebSiteName}">
					<AppPoolIdentityType>3</AppPoolIdentityType>
					<ManagedRuntimeVersion>No Managed Code</ManagedRuntimeVersion>
					<ManagedPipelineMode>Integrated</ManagedPipelineMode>
					<Enable32BitAppOnWin64>false</Enable32BitAppOnWin64>
					<StartMode>OnDemand</StartMode>
				</ApplicationPool>
			</ApplicationPools>
			<WebSites>
				<WebSite name="${WebSiteName}">
					<ServerBindings>${Website bindings}</ServerBindings>
					<path>${TargetDir}\DCSServices</path>
					<AppPoolName>${WebSiteName}</AppPoolName>
					<AuthFlags.AuthBasic>false</AuthFlags.AuthBasic>
					<AuthFlags.AuthAnonymous>${AnonymousAuth}</AuthFlags.AuthAnonymous>
					<AuthFlags.AuthMD5>false</AuthFlags.AuthMD5>
					<AuthFlags.AuthNTLM>${WindowsAuth}</AuthFlags.AuthNTLM>
				</WebSite>
			</WebSites>
		</WebService>
	</Application>
</configuration>