<?xml version="1.0"?>
<configuration>
	<textfiles>
		<textfile action="install">
			<filename>${TargetDir}\DCSServices\appsettings.json</filename>
			<!-- Legacy -->
			<substitution>
				<targetstring regex="true">("myDcsUrl")(.*)</targetstring>
				<newstring>"myDcsUrl": "${Legacy.myDcsUrl}",</newstring>
			</substitution>
			<substitution>
				<targetstring regex="true">("SettingsFile")(.*)</targetstring>
				<newstring>"SettingsFile": "${Legacy.SettingsFile}",</newstring>
			</substitution>
			<substitution>
				<targetstring regex="true">("workingDir")(.*)</targetstring>
				<newstring>"workingDir": "${Legacy.workingDir}",</newstring>
			</substitution>
			<substitution>
				<targetstring regex="true">("RulesFolderPath")(.*)</targetstring>
				<newstring>"RulesFolderPath": "${Legacy.RulesFolderPath}",</newstring>
			</substitution>
			<!-- Auth -->
			<substitution>
				<targetstring regex="true">("ActiveDirectoryDomain")(.*)</targetstring>
				<newstring>"ActiveDirectoryDomain": "${Auth.ActiveDirectoryDomain}",</newstring>
			</substitution>
			<substitution>
				<targetstring regex="true">("AdGroupEditor")(.*)</targetstring>
				<newstring>"AdGroupEditor": "${Auth.AdGroupEditor}",</newstring>
			</substitution>
			<substitution>
				<targetstring regex="true">("AdGroupAdmin")(.*)</targetstring>
				<newstring>"AdGroupAdmin": "${Auth.AdGroupAdmin}",</newstring>
			</substitution>
			<substitution>
				<targetstring regex="true">("SuperUsers")(.*)</targetstring>
				<newstring>"SuperUsers": "${Auth.SuperUsers}",</newstring>
			</substitution>
			<!-- Features -->
			<substitution>
				<targetstring regex="true">("IsAllowApplicationToMakeChangesToDatabaseEnabled")(.*)</targetstring>
				<newstring>"IsAllowApplicationToMakeChangesToDatabaseEnabled": ${Features.IsAllowApplicationToMakeChangesToDatabaseEnabled},</newstring>
			</substitution>
			<!-- Delivery / SmtpListener -->
			<substitution>
				<targetstring regex="true">("HostName": "SmtpListener.HostName")(.*)</targetstring>
				<newstring>"HostName": "${SmtpListener.HostName}",</newstring>
			</substitution>
			<substitution>
				<targetstring regex="true">("ListenAddress": "SmtpListener.ListenAddress")(.*)</targetstring>
				<newstring>"ListenAddress": "${IPAddress}",</newstring>
			</substitution>
			<substitution>
				<targetstring regex="true">("ListenPort": "SmtpListener.ListenPort")(.*)</targetstring>
				<newstring>"ListenPort": ${SmtpListener.ListenPort},</newstring>
			</substitution>
			<!-- Delivery / PopRetrieval -->
			<substitution>
				<targetstring regex="true">("Username": "PopRetrieval.Username")(.*)</targetstring>
				<newstring>"Username": "${PopRetrieval.Username}",</newstring>
			</substitution>
			<substitution>
				<targetstring regex="true">("Password": "PopRetrieval.Password")(.*)</targetstring>
				<newstring>"Password": "${PopRetrieval.Password}",</newstring>
			</substitution>
			<substitution>
				<targetstring regex="true">("Host": "PopRetrieval.Host")(.*)</targetstring>
				<newstring>"Host": "${PopRetrieval.Host}",</newstring>
			</substitution>
			<substitution>
				<targetstring regex="true">("Port": "PopRetrieval.Port")(.*)</targetstring>
				<newstring>"Port": ${PopRetrieval.Port},</newstring>
			</substitution>
			<!-- Delivery / SmtpDelivery -->
			<substitution>
				<targetstring regex="true">("Username": "SmtpDelivery.Username")(.*)</targetstring>
				<newstring>"Username": "${SmtpDelivery.Username}",</newstring>
			</substitution>
			<substitution>
				<targetstring regex="true">("Password": "SmtpDelivery.Password")(.*)</targetstring>
				<newstring>"Password": "${SmtpDelivery.Password}",</newstring>
			</substitution>
			<substitution>
				<targetstring regex="true">("Host": "SmtpDelivery.Host")(.*)</targetstring>
				<newstring>"Host": "${SmtpDelivery.Host}",</newstring>
			</substitution>
			<substitution>
				<targetstring regex="true">("Port": "SmtpDelivery.Port")(.*)</targetstring>
				<newstring>"Port": ${SmtpDelivery.Port},</newstring>
			</substitution>
			<!-- ConnectionStrings -->
			<substitution>
				<targetstring regex="true">("Dcs")(.*)</targetstring>
				<newstring>"Dcs": "${DB.DCSContentMgt}",</newstring>
			</substitution>
			<substitution>
				<targetstring regex="true">("Hangfire")(.*)</targetstring>
				<newstring>"Hangfire": "${DB.Hangfire}",</newstring>
			</substitution>
			<substitution>
				<targetstring regex="true">("OutBoundCorroGen")(.*)</targetstring>
				<newstring>"OutBoundCorroGen": "${DB.Outbound}",</newstring>
			</substitution>
		</textfile>
	</textfiles>
	<configurationChanges>
		<configurationChange>
			<file>${TargetDir}\DCSServices\app.config</file>
			<nodeChanges>
				<nodeChange action="update">
					<xpath>/configuration/appSettings/add[@key="ConnectionString"]/@value</xpath>
					<value regex="(?i:data source)\=[^;]*">data source=${DB.BETIDTracking}</value>
				</nodeChange>
				<nodeChange action="update">
					<xpath>/configuration/appSettings/add[@key="ConnectionString"]/@value</xpath>
					<value regex="(?i:database)\=[^;]*">database=${DB.BETIDTracking.Name}</value>
				</nodeChange>
				<nodeChange action="update">
					<xpath>/configuration/Ato.EN.ApplicationServices.MQ/transports/transport[@name='MQSeries']/@hostName</xpath>
					<value>${App.MQSeries.hostName}</value>
				</nodeChange>
				<nodeChange action="update">
					<xpath>/configuration/Ato.EN.ApplicationServices.MQ/transports/transport[@name='MQSeries']/@port</xpath>
					<value>${App.MQSeries.port}</value>
				</nodeChange>
				<nodeChange action="update">
					<xpath>/configuration/Ato.EN.ApplicationServices.MQ/transports/transport[@name='MQSeries']/@channel</xpath>
					<value>${App.MQSeries.ChannelName}.SVRCONN</value>
				</nodeChange>
				<nodeChange action="update">
					<xpath>/configuration/Ato.EN.ApplicationServices.MQ/eaiServices/eaiService/*/endpoint/@uri</xpath>
					<value regex="(WMQ://)[^/]*">WMQ://${Web.MQSeries.QueueManager}</value>
				</nodeChange>
			</nodeChanges>
		</configurationChange>
	</configurationChanges>
	<configurationChanges>
		<configurationChange>
			<file>${TargetDir}\DCSServices\Ato.Ccm.Services.Dcs.Infrastructure.dll.config</file>
			<nodeChanges>
				<nodeChange action="update">
					<xpath>/configuration/Ato.EN.ApplicationServices.MQ/transports/transport[@name='MQSeries']/@hostName</xpath>
					<value>${Infrastructure.MQSeries.hostName}</value>
				</nodeChange>
				<nodeChange action="update">
					<xpath>/configuration/Ato.EN.ApplicationServices.MQ/transports/transport[@name='MQSeries']/@port</xpath>
					<value>${Infrastructure.MQSeries.port}</value>
				</nodeChange>
				<nodeChange action="update">
					<xpath>/configuration/Ato.EN.ApplicationServices.MQ/transports/transport[@name='MQSeries']/@channel</xpath>
					<value>${Web.MQSeries.QueueManager}.SVRCONN</value>
				</nodeChange>
				<nodeChange action="update">
					<xpath>/configuration/Ato.EN.ApplicationServices.MQ/@ccdt</xpath>
					<value>${Web.MQSeries.CCDTSourcePath}\${Web.MQSeries.CCDTFile}</value>
				</nodeChange>
				<nodeChange action="delete" runapp="${Web.MQServer.Channel.Cleanup}">
					<xpath>/configuration/Ato.EN.ApplicationServices.MQ</xpath>
					<xmlattribute name="ccdt" />
				</nodeChange>
				<nodeChange action="delete" runapp="${Web.MQServer.Channel.Cleanup}">
					<xpath>/configuration/Ato.EN.ApplicationServices.MQ/transports/transport[@name='MQSeries']</xpath>
					<xmlattribute name="channel" />
				</nodeChange>
				<nodeChange action="delete" runapp="${Web.MQServer.Channel.Cleanup}">
					<xpath>/configuration/Ato.EN.ApplicationServices.MQ/transports/transport[@name='MQSeries']</xpath>
					<xmlattribute name="hostName" />
				</nodeChange>
				<nodeChange action="delete" runapp="${Web.MQServer.Channel.Cleanup}">
					<xpath>/configuration/Ato.EN.ApplicationServices.MQ/transports/transport[@name='MQSeries']</xpath>
					<xmlattribute name="port" />
				</nodeChange>
				<nodeChange action="update" runapp="${Web.MQServer.Channel.Cleanup}">
					<xpath>/configuration/Ato.EN.ApplicationServices.MQ/transports/transport[@name='MQSeries']/@isServerConnection</xpath>
					<value>${Web.MQSeries.isServer}</value>
				</nodeChange>
				<nodeChange action="update">
					<xpath>/configuration/Ato.EN.ApplicationServices.MQ/eaiServices/eaiService/*/endpoint/@uri</xpath>
					<value regex="(WMQ://)[^/]*">WMQ://${Infrastructure.MQSeries.QueueManager}</value>
				</nodeChange>
			</nodeChanges>
		</configurationChange>
	</configurationChanges>
	<configurationChanges>
		<configurationChange>
			<file>${TargetDir}\DCSServices\Ato.Ccm.Services.Dcs.Web.exe.config</file>
			<nodeChanges>
				<nodeChange action="update">
					<xpath>/configuration/appSettings/add[@key="ConnectionString"]/@value</xpath>
					<value regex="(?i:data source)\=[^;]*">data source=${DB.BETIDTracking}</value>
				</nodeChange>
				<nodeChange action="update">
					<xpath>/configuration/appSettings/add[@key="ConnectionString"]/@value</xpath>
					<value regex="(?i:database)\=[^;]*">database=${DB.BETIDTracking.Name}</value>
				</nodeChange>
				<nodeChange action="update">
					<xpath>/configuration/Ato.EN.ApplicationServices.MQ/transports/transport[@name='MQSeries']/@hostName</xpath>
					<value>${Web.MQSeries.hostName}</value>
				</nodeChange>
				<nodeChange action="update">
					<xpath>/configuration/Ato.EN.ApplicationServices.MQ/transports/transport[@name='MQSeries']/@port</xpath>
					<value>${Web.MQSeries.port}</value>
				</nodeChange>
				<nodeChange action="update">
					<xpath>/configuration/Ato.EN.ApplicationServices.MQ/transports/transport[@name='MQSeries']/@channel</xpath>
					<value>${Infrastructure.MQSeries.ChannelName}.SVRCONN</value>
				</nodeChange>
				<nodeChange action="update">
					<xpath>/configuration/Ato.EN.ApplicationServices.MQ/@ccdt</xpath>
					<value>${Infrastructure.MQSeries.CCDTSourcePath}\${Infrastructure.MQSeries.CCDTFile}</value>
				</nodeChange>
				<nodeChange action="delete" runapp="${Web.MQServer.Channel.Cleanup}">
					<xpath>/configuration/Ato.EN.ApplicationServices.MQ</xpath>
					<xmlattribute name="ccdt" />
				</nodeChange>
				<nodeChange action="delete" runapp="${Web.MQServer.Channel.Cleanup}">
					<xpath>/configuration/Ato.EN.ApplicationServices.MQ/transports/transport[@name='MQSeries']</xpath>
					<xmlattribute name="channel" />
				</nodeChange>
				<nodeChange action="delete" runapp="${Web.MQServer.Channel.Cleanup}">
					<xpath>/configuration/Ato.EN.ApplicationServices.MQ/transports/transport[@name='MQSeries']</xpath>
					<xmlattribute name="hostName" />
				</nodeChange>
				<nodeChange action="delete" runapp="${Web.MQServer.Channel.Cleanup}">
					<xpath>/configuration/Ato.EN.ApplicationServices.MQ/transports/transport[@name='MQSeries']</xpath>
					<xmlattribute name="port" />
				</nodeChange>
				<nodeChange action="update" runapp="${Web.MQServer.Channel.Cleanup}">
					<xpath>/configuration/Ato.EN.ApplicationServices.MQ/transports/transport[@name='MQSeries']/@isServerConnection</xpath>
					<value>${Web.MQSeries.isServer}</value>
				</nodeChange>
				<nodeChange action="update">
					<xpath>/configuration/Ato.EN.ApplicationServices.MQ/eaiServices/eaiService/*/endpoint/@uri</xpath>
					<value regex="(WMQ://)[^/]*">WMQ://${Web.MQSeries.QueueManager}</value>
				</nodeChange>
			</nodeChanges>
		</configurationChange>
	</configurationChanges>
	<configurationChanges>
		<configurationChange>
			<file>${TargetDir}\DCSServices\log4net.config</file>
			<nodeChanges>
				<nodeChange action="update">
					<xpath>log4net/appender/file/@value</xpath>
					<value regex="DCS_HOME">DCS${Environment}_HOME</value>
				</nodeChange>
				<nodeChange action="update">
					<xpath>log4net/logger/level/@value</xpath>
					<value>${DCS.ServicesLogLevel}</value>
				</nodeChange>
				<nodeChange action="update">
					<xpath>log4net/appender/applicationName/@value</xpath>
					<value>${DCS.EventLogSource}</value>
				</nodeChange>
			</nodeChanges>
		</configurationChange>
	</configurationChanges>
</configuration>