<?xml version="1.0" encoding="utf-8"?>
<configuration>
  <CustomFunctions>
    <First>
      <Function name="Add-DomainUserToLocalGroup">
        <domainUserName>${WAMUserName}</domainUserName>
        <localGroup>Administrators</localGroup>
      </Function>
      <Function name="New-Folder" directory="${TargetDir}\WebApps\DCSServices\logs" />
    </First>
    <Last>
      <Function name="Add-WindowsFirewallRule">
        <displayName>ATO-DCS-DCSOnlineServices-${InstanceKey}</displayName>
        <optionalProperty>
          <protocol>tcp</protocol>
          <direction>inbound</direction>
          <localPort>${Port}</localPort>
          <profile>any</profile>
          <enabled>true</enabled>
        </optionalProperty>
      </Function>
      <Function name="Add-WindowsFirewallRule">
        <displayName>ATO-DCS-DCSOnlineServices-SMTP-${InstanceKey}</displayName>
        <optionalProperty>
          <protocol>tcp</protocol>
          <direction>inbound</direction>
          <localPort>${SmtpListener.ListenPort}</localPort>
          <profile>any</profile>
          <enabled>true</enabled>
        </optionalProperty>
      </Function>
    </Last>
  </CustomFunctions>
</configuration>