<?xml version="1.0" encoding="utf-8"?>
<!-- ******************************************************* -->
<!-- !!!!! NEVER UPDATE THIS ENVIRONMENT FILE DIRECTLY !!!!! -->
<!--                                                         -->
<!-- ALWAYS use the Excel environment file editor to update  -->
<!-- and then generate the environment file.                 -->
<!-- ******************************************************* -->
<environments applicationName="DCS" roleName="BDVPortal=BDVPortal" securityCode="6664">
    <environment key="Level 1 - DCSXWEB01G1DEV - Default" remoteDeploymentGroupName="" remoteDeploymentServers="">
        <group key="Deployment">
            <parameter key="Environment"></parameter>
            <parameter key="Domain">developer.atodnet.gov.au</parameter>
            <parameter key="WebSiteName">DCSBDVPortal${Environment}</parameter>
            <parameter key="WAMUserName">DEVELOPER\SVC_HPEXSTREAM_DEVEL</parameter>
            <parameter key="Website bindings"></parameter>
            <parameter key="ClientCredentialType">Windows</parameter>
            <parameter key="Authentication.Mode">Windows</parameter>
            <parameter key="OutBoundCorroGen.SQLInstance">MSQSSQLA1G2AT.product.atotnet.gov.au\SQL001</parameter>
            <parameter key="OutBoundCorroGen.Database.Name">Outbound${Environment}</parameter>
            <parameter key="DotNetFrameworkDir">${WinDir}\Microsoft.NET\Framework\v4.0.30319</parameter>
            <parameter key="AuthGroups">APP_DCS_BDV_PORTAL_GG,RES_DO_SYSDEV_GG</parameter>
            <parameter key="PsiDeploymentStatusEmailAddress">DCRTSystemsTeam@ato.gov.au</parameter>
            <parameter key="AuditLoggingEnabled">true</parameter>
            <parameter key="CorrespondenceSearchLoggingEnabled">true</parameter>
            <parameter key="TfsUri">http://atotfs01:8080/tfs/TPC01</parameter>
            <parameter key="TfsJobDefinitionLocation">$/CCM/br_Main/Source/Exstream/Command Center Configuration/Job Data</parameter>
            <parameter key="TfsScheduleDefinitionLocation">$/CCM/Deployment/Blue-Green-Schedules/Production</parameter>
            <parameter key="TfsImportTemplateLocation">$/CCM/Deployment/HPX_Build_Release/XML/ccAPIImportTemplate.xml</parameter>
            <parameter key="TfsUserName">ATONET\TDCS1</parameter>
            <parameter key="TfsPassword">N0tAT3st!</parameter>
            <parameter key="DBConnection">server=${OutBoundCorroGen.SQLInstance}; database=Outbound${Environment}; Integrated Security=true; Integrated Security=true</parameter>
            <parameter key="DCSUserName">SVC_HPEXSTREAM_DEVEL</parameter>
            <parameter key="DCSPassword">123HP3xstr3am!</parameter>
            <parameter key="DCSServer">DCSXWEB01G1DEV.developer.atodnet.gov.au</parameter>
            <parameter key="DCSWebsiteBinding">mydcsdevh.developer.atodnet.gov.au</parameter>
            <parameter key="DCSWebNameBlue">DCSWeb_BLUE</parameter>
            <parameter key="DCSWebNameGreen">DCSWeb_GREEN</parameter>
            <parameter key="DCSWebsiteShortBinding"></parameter>
            <parameter key="DCSWebSiteNodeBindings"></parameter>
            <parameter key="BWorkingFolder">\\EXSTAPPA1GDDEV.product.atotnet.gov.au\${Environment}\WorkingFolders</parameter>
            <parameter key="ExtractionsFolder">\\${CCServer}\DCSExstream\Utilities\Extractions\${Environment}</parameter>
        </group>
        <group key="Command Centre">
            <parameter key="CCServerName">dcsxapp01g1dev.developer.atodnet.gov.au</parameter>
            <parameter key="CCServer">dcsxapp01g1dev.developer.atodnet.gov.au</parameter>
            <parameter key="CCPortNumber">8081</parameter>
            <parameter key="CCEngineName">Engine9-5-301SB</parameter>
            <parameter key="InputRootFilemap">\\${CCServer}\DCSExstream\Workspaces\${Workspace}</parameter>
            <parameter key="JobsDir">\\${CCServer}\DCSExstream\Command-Center\var\jobs</parameter>
            <parameter key="BaseWorkspace">\\${CCServer}\DCSExstream\Workspaces</parameter>
        </group>
        <instance key="DCSBDVPortal_DEVI">
            <parameter key="Environment">devi</parameter>
            <parameter key="Website bindings">[http=&quot;*:10095:&quot;]</parameter>
        </instance>
        <instance key="DCSBDVPortal_DEVK">
            <parameter key="Environment">devk</parameter>
            <parameter key="Website bindings">[http=&quot;*:10115:&quot;]</parameter>
        </instance>
        <instance key="DCSBDVPortal_DEVW">
            <parameter key="Environment">devw</parameter>
            <parameter key="Website bindings">[http=&quot;*:10235:&quot;]</parameter>
        </instance>
        <instance key="DCSBDVPortal_DEVH">
            <parameter key="Environment">devh</parameter>
            <parameter key="Website bindings">[http=&quot;*:80:bdvportaldevh.developer.atodnet.gov.au&quot;]</parameter>
        </instance>
        <instance key="DCSBDVPortal_DEVQ">
            <parameter key="Environment">devq</parameter>
            <parameter key="Website bindings">[http=&quot;*:10175:&quot;]</parameter>
        </instance>
        <instance key="DCSBDVPortal_DEVG">
            <parameter key="Environment">devg</parameter>
            <parameter key="Website bindings">[http=&quot;*:10075:&quot;]</parameter>
        </instance>
        <instance key="DCSBDVPortal_DEVP">
            <parameter key="Environment">devp</parameter>
            <parameter key="Website bindings">[http=&quot;*:10165:&quot;]</parameter>
        </instance>
    </environment>
    <environment key="Level 1 - DCSXWEB00001DES - Default" remoteDeploymentGroupName="" remoteDeploymentServers="">
        <group key="Deployment">
            <parameter key="Environment"></parameter>
            <parameter key="Domain">developer.atodnet.gov.au</parameter>
            <parameter key="WebSiteName">DCSBDVPortal${Environment}</parameter>
            <parameter key="WAMUserName">DEVELOPER\SVC_HPEXSTREAM_DEVEL</parameter>
            <parameter key="Website bindings"></parameter>
            <parameter key="ClientCredentialType">Windows</parameter>
            <parameter key="Authentication.Mode">Windows</parameter>
            <parameter key="OutBoundCorroGen.SQLInstance">OUTBSQL00001DES.PRODUCT.ATOTNET.GOV.AU\SQL001</parameter>
            <parameter key="OutBoundCorroGen.Database.Name">Outbound${Environment}</parameter>
            <parameter key="DotNetFrameworkDir">${WinDir}\Microsoft.NET\Framework\v4.0.30319</parameter>
            <parameter key="AuthGroups">APP_DCS_BDV_PORTAL_GG,RES_DO_SYSDEV_GG</parameter>
            <parameter key="PsiDeploymentStatusEmailAddress">DCRTSystemsTeam@ato.gov.au</parameter>
            <parameter key="AuditLoggingEnabled">true</parameter>
            <parameter key="CorrespondenceSearchLoggingEnabled">true</parameter>
            <parameter key="TfsUri">http://atotfs01:8080/tfs/TPC01</parameter>
            <parameter key="TfsJobDefinitionLocation">$/CCM/br_Main/Source/Exstream/Command Center Configuration/Job Data</parameter>
            <parameter key="TfsScheduleDefinitionLocation">$/CCM/Deployment/Blue-Green-Schedules/Production</parameter>
            <parameter key="TfsImportTemplateLocation">$/CCM/Deployment/HPX_Build_Release/XML/ccAPIImportTemplate.xml</parameter>
            <parameter key="TfsUserName">ATONET\TDCS1</parameter>
            <parameter key="TfsPassword">N0tAT3st!</parameter>
            <parameter key="DBConnection">server=${OutBoundCorroGen.SQLInstance}; database=Outbound${Environment}; Integrated Security=true; Integrated Security=true</parameter>
            <parameter key="DCSUserName">SVC_HPEXSTREAM_DEVEL</parameter>
            <parameter key="DCSPassword">123HP3xstr3am!</parameter>
            <parameter key="DCSServer">DCSXWEB01G1DEV.developer.atodnet.gov.au</parameter>
            <parameter key="DCSWebsiteBinding">mydcsdevh.developer.atodnet.gov.au</parameter>
            <parameter key="DCSWebNameBlue">DCSWeb_BLUE</parameter>
            <parameter key="DCSWebNameGreen">DCSWeb_GREEN</parameter>
            <parameter key="DCSWebsiteShortBinding"></parameter>
            <parameter key="DCSWebSiteNodeBindings"></parameter>
            <parameter key="BWorkingFolder">\\EXSTAPPA1GDDEV.product.atotnet.gov.au\${Environment}\WorkingFolders</parameter>
            <parameter key="ExtractionsFolder">\\${CCServer}\DCSExstream\Utilities\Extractions\${Environment}</parameter>
        </group>
        <group key="Command Centre">
            <parameter key="CCServerName">dcsxapp01g1dev.developer.atodnet.gov.au</parameter>
            <parameter key="CCServer">dcsxapp01g1dev.developer.atodnet.gov.au</parameter>
            <parameter key="CCPortNumber">8081</parameter>
            <parameter key="CCEngineName">Engine9-5-301SB</parameter>
            <parameter key="InputRootFilemap">\\${CCServer}\DCSExstream\Workspaces\${Workspace}</parameter>
            <parameter key="JobsDir">\\${CCServer}\DCSExstream\Command-Center\var\jobs</parameter>
            <parameter key="BaseWorkspace">\\${CCServer}\DCSExstream\Workspaces</parameter>
        </group>
        <instance key="DCSBDVPortal_DEA">
            <parameter key="Environment">dea</parameter>
            <parameter key="Website bindings">[http=&quot;*:10015:&quot;]</parameter>
        </instance>
        <instance key="DCSBDVPortal_DEB">
            <parameter key="Environment">deb</parameter>
            <parameter key="Website bindings">[http=&quot;*:10025:&quot;]</parameter>
        </instance>
        <instance key="DCSBDVPortal_DEM">
            <parameter key="Environment">dem</parameter>
            <parameter key="Website bindings">[http=&quot;*:10135:&quot;]</parameter>
        </instance>
    </environment>
    <environment key="Level 2 - DCSXWEB01G2 - Default" remoteDeploymentGroupName="" remoteDeploymentServers="">
        <group key="Deployment">
            <parameter key="Environment"></parameter>
            <parameter key="Domain">product.atotnet.gov.au</parameter>
            <parameter key="WebSiteName">DCSBDVPortal${Environment}</parameter>
            <parameter key="WAMUserName">ATOTNETPRDCT\SVC_HPEXSTREAM_AT</parameter>
            <parameter key="Website bindings"></parameter>
            <parameter key="ClientCredentialType">Windows</parameter>
            <parameter key="Authentication.Mode">Windows</parameter>
            <parameter key="OutBoundCorroGen.SQLInstance">MSQSSQLA1G2AT.product.atotnet.gov.au\SQL001</parameter>
            <parameter key="OutBoundCorroGen.Database.Name">Outbound${Environment}</parameter>
            <parameter key="DotNetFrameworkDir">${WinDir}\Microsoft.NET\Framework\v4.0.30319</parameter>
            <parameter key="AuthGroups">APP_DCS_BDV_PORTAL_GG,RES_DO_SYSDEV_GG</parameter>
            <parameter key="PsiDeploymentStatusEmailAddress">DCRTSystemsTeam@ato.gov.au</parameter>
            <parameter key="AuditLoggingEnabled">true</parameter>
            <parameter key="CorrespondenceSearchLoggingEnabled">true</parameter>
            <parameter key="TfsUri">http://atotfs01:8080/tfs/TPC01</parameter>
            <parameter key="TfsJobDefinitionLocation">$/CCM/br_Main/Source/Exstream/Command Center Configuration/Job Data</parameter>
            <parameter key="TfsScheduleDefinitionLocation">$/CCM/Deployment/Blue-Green-Schedules/Production</parameter>
            <parameter key="TfsImportTemplateLocation">$/CCM/Deployment/HPX_Build_Release/XML/ccAPIImportTemplate.xml</parameter>
            <parameter key="TfsUserName">ATONET\TDCS1</parameter>
            <parameter key="TfsPassword">N0tAT3st!</parameter>
            <parameter key="DBConnection">server=${OutBoundCorroGen.SQLInstance}; database=Outbound${Environment}; Integrated Security=true; Integrated Security=true</parameter>
            <parameter key="DCSUserName"></parameter>
            <parameter key="DCSPassword"></parameter>
            <parameter key="DCSServer"></parameter>
            <parameter key="DCSWebsiteBinding"></parameter>
            <parameter key="DCSWebNameBlue"></parameter>
            <parameter key="DCSWebNameGreen"></parameter>
            <parameter key="DCSWebsiteShortBinding"></parameter>
            <parameter key="DCSWebSiteNodeBindings"></parameter>
            <parameter key="BWorkingFolder">\\EXSTAPPA1GDDEV.product.atotnet.gov.au\${Environment}\WorkingFolders</parameter>
            <parameter key="ExtractionsFolder">\\${CCServer}\DCSExstream\Utilities\Extractions\${Environment}</parameter>
        </group>
        <group key="Command Centre">
            <parameter key="CCServerName">syd02h077fv.product.atotnet.gov.au</parameter>
            <parameter key="CCServer">syd02h077fv.product.atotnet.gov.au</parameter>
            <parameter key="CCPortNumber">8081</parameter>
            <parameter key="CCEngineName">Engine9-5-301SB</parameter>
            <parameter key="InputRootFilemap">\\${CCServer}\DCSExstream\Workspaces\${Workspace}</parameter>
            <parameter key="JobsDir">\\${CCServer}\DCSExstream\Command-Center\var\jobs</parameter>
            <parameter key="BaseWorkspace">\\${CCServer}\DCSExstream\Workspaces</parameter>
        </group>
        <instance key="DCSBDVPortal_ATH">
            <parameter key="Environment">ath</parameter>
            <parameter key="Website bindings">[http=&quot;*:20085:&quot;]</parameter>
        </instance>
        <instance key="DCSBDVPortal_ATL">
            <parameter key="Environment">atl</parameter>
            <parameter key="Website bindings">[http=&quot;*:20125:&quot;]</parameter>
        </instance>
        <instance key="DCSBDVPortal_ATG">
            <parameter key="Environment">atg</parameter>
            <parameter key="Website bindings">[http=&quot;*:20075:&quot;]</parameter>
        </instance>
        <instance key="DCSBDVPortal_ATJ">
            <parameter key="Environment">atj</parameter>
            <parameter key="Website bindings">[http=&quot;*:20105:&quot;]</parameter>
        </instance>
        <instance key="DCSBDVPortal_ATN">
            <parameter key="Environment">atn</parameter>
            <parameter key="Website bindings">[http=&quot;*:20145:&quot;]</parameter>
        </instance>
        <instance key="DCSBDVPortal_ATW">
            <parameter key="Environment">atw</parameter>
            <parameter key="Website bindings">[http=&quot;*:20235:&quot;]</parameter>
        </instance>
    </environment>
    <environment key="Level 2 - DCSXWEB00001ATS - Default" remoteDeploymentGroupName="" remoteDeploymentServers="">
        <group key="Deployment">
            <parameter key="Environment"></parameter>
            <parameter key="Domain">product.atotnet.gov.au</parameter>
            <parameter key="WebSiteName">DCSBDVPortal${Environment}</parameter>
            <parameter key="WAMUserName">ATOTNETPRDCT\SVC_HPEXSTREAM_AT</parameter>
            <parameter key="Website bindings"></parameter>
            <parameter key="ClientCredentialType">Windows</parameter>
            <parameter key="Authentication.Mode">Windows</parameter>
            <parameter key="OutBoundCorroGen.SQLInstance">OUTBSQL00001ATS.PRODUCT.ATOTNET.GOV.AU\SQL001</parameter>
            <parameter key="OutBoundCorroGen.Database.Name">Outbound${Environment}</parameter>
            <parameter key="DotNetFrameworkDir">${WinDir}\Microsoft.NET\Framework\v4.0.30319</parameter>
            <parameter key="AuthGroups">APP_DCS_BDV_PORTAL_GG,RES_DO_SYSDEV_GG</parameter>
            <parameter key="PsiDeploymentStatusEmailAddress">DCRTSystemsTeam@ato.gov.au</parameter>
            <parameter key="AuditLoggingEnabled">true</parameter>
            <parameter key="CorrespondenceSearchLoggingEnabled">true</parameter>
            <parameter key="TfsUri">http://atotfs01:8080/tfs/TPC01</parameter>
            <parameter key="TfsJobDefinitionLocation">$/CCM/br_Main/Source/Exstream/Command Center Configuration/Job Data</parameter>
            <parameter key="TfsScheduleDefinitionLocation">$/CCM/Deployment/Blue-Green-Schedules/Production</parameter>
            <parameter key="TfsImportTemplateLocation">$/CCM/Deployment/HPX_Build_Release/XML/ccAPIImportTemplate.xml</parameter>
            <parameter key="TfsUserName">ATONET\TDCS1</parameter>
            <parameter key="TfsPassword">N0tAT3st!</parameter>
            <parameter key="DBConnection">server=${OutBoundCorroGen.SQLInstance}; database=Outbound${Environment}; Integrated Security=true; Integrated Security=true</parameter>
            <parameter key="DCSUserName"></parameter>
            <parameter key="DCSPassword"></parameter>
            <parameter key="DCSServer"></parameter>
            <parameter key="DCSWebsiteBinding"></parameter>
            <parameter key="DCSWebNameBlue"></parameter>
            <parameter key="DCSWebNameGreen"></parameter>
            <parameter key="DCSWebsiteShortBinding"></parameter>
            <parameter key="DCSWebSiteNodeBindings"></parameter>
            <parameter key="BWorkingFolder">\\EXSTAPPA1GDDEV.product.atotnet.gov.au\${Environment}\WorkingFolders</parameter>
            <parameter key="ExtractionsFolder">\\${CCServer}\DCSExstream\Utilities\Extractions\${Environment}</parameter>
        </group>
        <group key="Command Centre">
            <parameter key="CCServerName">syd02h077fv.product.atotnet.gov.au</parameter>
            <parameter key="CCServer">syd02h077fv.product.atotnet.gov.au</parameter>
            <parameter key="CCPortNumber">8081</parameter>
            <parameter key="CCEngineName">Engine9-5-301SB</parameter>
            <parameter key="InputRootFilemap">\\${CCServer}\DCSExstream\Workspaces\${Workspace}</parameter>
            <parameter key="JobsDir">\\${CCServer}\DCSExstream\Command-Center\var\jobs</parameter>
            <parameter key="BaseWorkspace">\\${CCServer}\DCSExstream\Workspaces</parameter>
        </group>
        <instance key="DCSBDVPortal_ATA">
            <parameter key="Environment">ata</parameter>
            <parameter key="Website bindings">[http=&quot;*:20015:&quot;]</parameter>
        </instance>
        <instance key="DCSBDVPortal_ATB">
            <parameter key="Environment">atb</parameter>
            <parameter key="Website bindings">[http=&quot;*:20025:&quot;]</parameter>
        </instance>
        <instance key="DCSBDVPortal_ATM">
            <parameter key="Environment">atm</parameter>
            <parameter key="Website bindings">[http=&quot;*:20135:&quot;]</parameter>
        </instance>
    </environment>
    <environment key="Level 3 - DCSXWEBB1G3PT - Default" remoteDeploymentGroupName="" remoteDeploymentServers="">
        <group key="Deployment">
            <parameter key="Environment"></parameter>
            <parameter key="Domain">integrate.atotnet.gov.au</parameter>
            <parameter key="WebSiteName">DCSBDVPortal${Environment}</parameter>
            <parameter key="WAMUserName">ATOTNETINTGRT\SVC_HPEXSTREAM_PT</parameter>
            <parameter key="Website bindings"></parameter>
            <parameter key="ClientCredentialType">Windows</parameter>
            <parameter key="Authentication.Mode">Windows</parameter>
            <parameter key="OutBoundCorroGen.SQLInstance">MSQSSQLA1G3PT.integrate.atotnet.gov.au\SQL001</parameter>
            <parameter key="OutBoundCorroGen.Database.Name">Outbound${Environment}</parameter>
            <parameter key="DotNetFrameworkDir">${WinDir}\Microsoft.NET\Framework\v4.0.30319</parameter>
            <parameter key="AuthGroups">APP_DCS_BDV_PORTAL_GG,RES_DO_SYSDEV_GG</parameter>
            <parameter key="PsiDeploymentStatusEmailAddress">DCRTSystemsTeam@ato.gov.au</parameter>
            <parameter key="AuditLoggingEnabled">true</parameter>
            <parameter key="CorrespondenceSearchLoggingEnabled">true</parameter>
            <parameter key="TfsUri">http://atotfs01:8080/tfs/TPC01</parameter>
            <parameter key="TfsJobDefinitionLocation">$/CCM/br_Main/Source/Exstream/Command Center Configuration/Job Data</parameter>
            <parameter key="TfsScheduleDefinitionLocation">$/CCM/Deployment/Blue-Green-Schedules/Production</parameter>
            <parameter key="TfsImportTemplateLocation">$/CCM/Deployment/HPX_Build_Release/XML/ccAPIImportTemplate.xml</parameter>
            <parameter key="TfsUserName">ATONET\TDCS1</parameter>
            <parameter key="TfsPassword">N0tAT3st!</parameter>
            <parameter key="DBConnection">server=${OutBoundCorroGen.SQLInstance}; database=Outbound${Environment}; Integrated Security=true; Integrated Security=true</parameter>
            <parameter key="DCSUserName"></parameter>
            <parameter key="DCSPassword"></parameter>
            <parameter key="DCSServer"></parameter>
            <parameter key="DCSWebsiteBinding"></parameter>
            <parameter key="DCSWebNameBlue"></parameter>
            <parameter key="DCSWebNameGreen"></parameter>
            <parameter key="DCSWebsiteShortBinding"></parameter>
            <parameter key="DCSWebSiteNodeBindings"></parameter>
            <parameter key="BWorkingFolder">\\EXSTAPPA1GDDEV.product.atotnet.gov.au\${Environment}\WorkingFolders</parameter>
            <parameter key="ExtractionsFolder">\\${CCServer}\DCSExstream\Utilities\Extractions\${Environment}</parameter>
        </group>
        <group key="Command Centre">
            <parameter key="CCServerName">commandcentern.integrate.atotnet.gov.au</parameter>
            <parameter key="CCServer">dcsxappang3pt.integrate.atotnet.gov.au</parameter>
            <parameter key="CCPortNumber">8081</parameter>
            <parameter key="CCEngineName">Engine9-5-301SB</parameter>
            <parameter key="InputRootFilemap">\\${CCServer}\DCSExstream\Workspaces\${Workspace}</parameter>
            <parameter key="JobsDir">\\${CCServer}\DCSExstream\Command-Center\var\jobs</parameter>
            <parameter key="BaseWorkspace">\\${CCServer}\DCSExstream\Workspaces</parameter>
        </group>
        <instance key="DCSBDVPortal_PTG">
            <parameter key="Environment">ptg</parameter>
            <parameter key="Website bindings">[http=&quot;*:30075:&quot;]</parameter>
        </instance>
        <instance key="DCSBDVPortal_PTH">
            <parameter key="Environment">pth</parameter>
            <parameter key="Website bindings">[http=&quot;*:30085:&quot;]</parameter>
        </instance>
        <instance key="DCSBDVPortal_PTE">
            <parameter key="Environment">pte</parameter>
            <parameter key="Website bindings">[http=&quot;*:30055:&quot;]</parameter>
        </instance>
        <instance key="DCSBDVPortal_PTI">
            <parameter key="Environment">pti</parameter>
            <parameter key="Website bindings">[http=&quot;*:30095:&quot;]</parameter>
        </instance>
        <instance key="DCSBDVPortal_PTW">
            <parameter key="Environment">ptw</parameter>
            <parameter key="Website bindings">[http=&quot;*:30235:&quot;]</parameter>
        </instance>
        <instance key="DCSBDVPortal_PTR">
            <parameter key="Environment">ptr</parameter>
            <parameter key="Website bindings">[http=&quot;*:30185:&quot;]</parameter>
        </instance>
    </environment>
    <environment key="Level 3 - DCSXWEB00001PTS - Default" remoteDeploymentGroupName="" remoteDeploymentServers="">
        <group key="Deployment">
            <parameter key="Environment"></parameter>
            <parameter key="Domain">integrate.atotnet.gov.au</parameter>
            <parameter key="WebSiteName">DCSBDVPortal${Environment}</parameter>
            <parameter key="WAMUserName">ATOTNETINTGRT\SVC_HPEXSTREAM_PT</parameter>
            <parameter key="Website bindings"></parameter>
            <parameter key="ClientCredentialType">Windows</parameter>
            <parameter key="Authentication.Mode">Windows</parameter>
            <parameter key="OutBoundCorroGen.SQLInstance">OUTBSQL00002PTS.integrate.atotnet.gov.au\SQL001</parameter>
            <parameter key="OutBoundCorroGen.Database.Name">Outbound${Environment}</parameter>
            <parameter key="DotNetFrameworkDir">${WinDir}\Microsoft.NET\Framework\v4.0.30319</parameter>
            <parameter key="AuthGroups">APP_DCS_BDV_PORTAL_GG,RES_DO_SYSDEV_GG</parameter>
            <parameter key="PsiDeploymentStatusEmailAddress">DCRTSystemsTeam@ato.gov.au</parameter>
            <parameter key="AuditLoggingEnabled">true</parameter>
            <parameter key="CorrespondenceSearchLoggingEnabled">true</parameter>
            <parameter key="TfsUri">http://atotfs01:8080/tfs/TPC01</parameter>
            <parameter key="TfsJobDefinitionLocation">$/CCM/br_Main/Source/Exstream/Command Center Configuration/Job Data</parameter>
            <parameter key="TfsScheduleDefinitionLocation">$/CCM/Deployment/Blue-Green-Schedules/Production</parameter>
            <parameter key="TfsImportTemplateLocation">$/CCM/Deployment/HPX_Build_Release/XML/ccAPIImportTemplate.xml</parameter>
            <parameter key="TfsUserName">ATONET\TDCS1</parameter>
            <parameter key="TfsPassword">N0tAT3st!</parameter>
            <parameter key="DBConnection">server=${OutBoundCorroGen.SQLInstance}; database=Outbound${Environment}; Integrated Security=true; Integrated Security=true</parameter>
            <parameter key="DCSUserName"></parameter>
            <parameter key="DCSPassword"></parameter>
            <parameter key="DCSServer"></parameter>
            <parameter key="DCSWebsiteBinding"></parameter>
            <parameter key="DCSWebNameBlue"></parameter>
            <parameter key="DCSWebNameGreen"></parameter>
            <parameter key="DCSWebsiteShortBinding"></parameter>
            <parameter key="DCSWebSiteNodeBindings"></parameter>
            <parameter key="BWorkingFolder">\\EXSTAPPA1GDDEV.product.atotnet.gov.au\${Environment}\WorkingFolders</parameter>
            <parameter key="ExtractionsFolder">\\${CCServer}\DCSExstream\Utilities\Extractions\${Environment}</parameter>
        </group>
        <group key="Command Centre">
            <parameter key="CCServerName">commandcentern.integrate.atotnet.gov.au</parameter>
            <parameter key="CCServer">dcsxappang3pt.integrate.atotnet.gov.au</parameter>
            <parameter key="CCPortNumber">8081</parameter>
            <parameter key="CCEngineName">Engine9-5-301SB</parameter>
            <parameter key="InputRootFilemap">\\${CCServer}\DCSExstream\Workspaces\${Workspace}</parameter>
            <parameter key="JobsDir">\\${CCServer}\DCSExstream\Command-Center\var\jobs</parameter>
            <parameter key="BaseWorkspace">\\${CCServer}\DCSExstream\Workspaces</parameter>
        </group>
        <instance key="DCSBDVPortal_PTA">
            <parameter key="Environment">pta</parameter>
            <parameter key="Website bindings">[http=&quot;*:30015:&quot;]</parameter>
        </instance>
        <instance key="DCSBDVPortal_PTB">
            <parameter key="Environment">ptb</parameter>
            <parameter key="Website bindings">[http=&quot;*:30025:&quot;]</parameter>
        </instance>
        <instance key="DCSBDVPortal_PTM">
            <parameter key="Environment">ptm</parameter>
            <parameter key="Website bindings">[http=&quot;*:30135:&quot;]</parameter>
        </instance>
    </environment>
    <environment key="Level 3 - DCSXWEBB2G3PT - Default" remoteDeploymentGroupName="" remoteDeploymentServers="">
        <group key="Deployment">
            <parameter key="Environment"></parameter>
            <parameter key="Domain">integrate.atotnet.gov.au</parameter>
            <parameter key="WebSiteName">DCSBDVPortal${Environment}</parameter>
            <parameter key="WAMUserName">ATOTNETINTGRT\SVC_HPEXSTREAM_PT</parameter>
            <parameter key="Website bindings"></parameter>
            <parameter key="ClientCredentialType">Windows</parameter>
            <parameter key="Authentication.Mode">Windows</parameter>
            <parameter key="OutBoundCorroGen.SQLInstance">MSQSSQLA1G3PT.integrate.atotnet.gov.au\SQL001</parameter>
            <parameter key="OutBoundCorroGen.Database.Name">Outbound${Environment}</parameter>
            <parameter key="DotNetFrameworkDir">${WinDir}\Microsoft.NET\Framework\v4.0.30319</parameter>
            <parameter key="AuthGroups">APP_DCS_BDV_PORTAL_GG,RES_DO_SYSDEV_GG</parameter>
            <parameter key="PsiDeploymentStatusEmailAddress">DCRTSystemsTeam@ato.gov.au</parameter>
            <parameter key="AuditLoggingEnabled">true</parameter>
            <parameter key="CorrespondenceSearchLoggingEnabled">true</parameter>
            <parameter key="TfsUri">http://atotfs01:8080/tfs/TPC01</parameter>
            <parameter key="TfsJobDefinitionLocation">$/CCM/br_Main/Source/Exstream/Command Center Configuration/Job Data</parameter>
            <parameter key="TfsScheduleDefinitionLocation">$/CCM/Deployment/Blue-Green-Schedules/Production</parameter>
            <parameter key="TfsImportTemplateLocation">$/CCM/Deployment/HPX_Build_Release/XML/ccAPIImportTemplate.xml</parameter>
            <parameter key="TfsUserName">ATONET\TDCS1</parameter>
            <parameter key="TfsPassword">N0tAT3st!</parameter>
            <parameter key="DBConnection">server=${OutBoundCorroGen.SQLInstance}; database=Outbound${Environment}; Integrated Security=true; Integrated Security=true</parameter>
            <parameter key="DCSUserName"></parameter>
            <parameter key="DCSPassword"></parameter>
            <parameter key="DCSServer"></parameter>
            <parameter key="DCSWebsiteBinding"></parameter>
            <parameter key="DCSWebNameBlue"></parameter>
            <parameter key="DCSWebNameGreen"></parameter>
            <parameter key="DCSWebsiteShortBinding"></parameter>
            <parameter key="DCSWebSiteNodeBindings"></parameter>
            <parameter key="BWorkingFolder">\\EXSTAPPA1GDDEV.product.atotnet.gov.au\${Environment}\WorkingFolders</parameter>
            <parameter key="ExtractionsFolder">\\${CCServer}\DCSExstream\Utilities\Extractions\${Environment}</parameter>
        </group>
        <group key="Command Centre">
            <parameter key="CCServerName">commandcentern.integrate.atotnet.gov.au</parameter>
            <parameter key="CCServer">dcsxappang3pt.integrate.atotnet.gov.au</parameter>
            <parameter key="CCPortNumber">8081</parameter>
            <parameter key="CCEngineName">Engine9-5-301SB</parameter>
            <parameter key="InputRootFilemap">\\${CCServer}\DCSExstream\Workspaces\${Workspace}</parameter>
            <parameter key="JobsDir">\\${CCServer}\DCSExstream\Command-Center\var\jobs</parameter>
            <parameter key="BaseWorkspace">\\${CCServer}\DCSExstream\Workspaces</parameter>
        </group>
        <instance key="DCSBDVPortal_PTG">
            <parameter key="Environment">ptg</parameter>
            <parameter key="Website bindings">[http=&quot;*:30075:&quot;]</parameter>
        </instance>
        <instance key="DCSBDVPortal_PTH">
            <parameter key="Environment">pth</parameter>
            <parameter key="Website bindings">[http=&quot;*:30085:&quot;]</parameter>
        </instance>
        <instance key="DCSBDVPortal_PTE">
            <parameter key="Environment">pte</parameter>
            <parameter key="Website bindings">[http=&quot;*:30055:&quot;]</parameter>
        </instance>
        <instance key="DCSBDVPortal_PTI">
            <parameter key="Environment">pti</parameter>
            <parameter key="Website bindings">[http=&quot;*:30095:&quot;]</parameter>
        </instance>
        <instance key="DCSBDVPortal_PTW">
            <parameter key="Environment">ptw</parameter>
            <parameter key="Website bindings">[http=&quot;*:30235:&quot;]</parameter>
        </instance>
        <instance key="DCSBDVPortal_PTR">
            <parameter key="Environment">ptr</parameter>
            <parameter key="Website bindings">[http=&quot;*:30185:&quot;]</parameter>
        </instance>
    </environment>
    <environment key="Level 3 - DCSXWEB00002PTS - Default" remoteDeploymentGroupName="" remoteDeploymentServers="">
        <group key="Deployment">
            <parameter key="Environment"></parameter>
            <parameter key="Domain">integrate.atotnet.gov.au</parameter>
            <parameter key="WebSiteName">DCSBDVPortal${Environment}</parameter>
            <parameter key="WAMUserName">ATOTNETINTGRT\SVC_HPEXSTREAM_PT</parameter>
            <parameter key="Website bindings"></parameter>
            <parameter key="ClientCredentialType">Windows</parameter>
            <parameter key="Authentication.Mode">Windows</parameter>
            <parameter key="OutBoundCorroGen.SQLInstance">OUTBSQL00002PTS.integrate.atotnet.gov.au\SQL001</parameter>
            <parameter key="OutBoundCorroGen.Database.Name">Outbound${Environment}</parameter>
            <parameter key="DotNetFrameworkDir">${WinDir}\Microsoft.NET\Framework\v4.0.30319</parameter>
            <parameter key="AuthGroups">APP_DCS_BDV_PORTAL_GG,RES_DO_SYSDEV_GG</parameter>
            <parameter key="PsiDeploymentStatusEmailAddress">DCRTSystemsTeam@ato.gov.au</parameter>
            <parameter key="AuditLoggingEnabled">true</parameter>
            <parameter key="CorrespondenceSearchLoggingEnabled">true</parameter>
            <parameter key="TfsUri">http://atotfs01:8080/tfs/TPC01</parameter>
            <parameter key="TfsJobDefinitionLocation">$/CCM/br_Main/Source/Exstream/Command Center Configuration/Job Data</parameter>
            <parameter key="TfsScheduleDefinitionLocation">$/CCM/Deployment/Blue-Green-Schedules/Production</parameter>
            <parameter key="TfsImportTemplateLocation">$/CCM/Deployment/HPX_Build_Release/XML/ccAPIImportTemplate.xml</parameter>
            <parameter key="TfsUserName">ATONET\TDCS1</parameter>
            <parameter key="TfsPassword">N0tAT3st!</parameter>
            <parameter key="DBConnection">server=${OutBoundCorroGen.SQLInstance}; database=Outbound${Environment}; Integrated Security=true; Integrated Security=true</parameter>
            <parameter key="DCSUserName"></parameter>
            <parameter key="DCSPassword"></parameter>
            <parameter key="DCSServer"></parameter>
            <parameter key="DCSWebsiteBinding"></parameter>
            <parameter key="DCSWebNameBlue"></parameter>
            <parameter key="DCSWebNameGreen"></parameter>
            <parameter key="DCSWebsiteShortBinding"></parameter>
            <parameter key="DCSWebSiteNodeBindings"></parameter>
            <parameter key="BWorkingFolder">\\EXSTAPPA1GDDEV.product.atotnet.gov.au\${Environment}\WorkingFolders</parameter>
            <parameter key="ExtractionsFolder">\\${CCServer}\DCSExstream\Utilities\Extractions\${Environment}</parameter>
        </group>
        <group key="Command Centre">
            <parameter key="CCServerName">commandcentern.integrate.atotnet.gov.au</parameter>
            <parameter key="CCServer">dcsxappang3pt.integrate.atotnet.gov.au</parameter>
            <parameter key="CCPortNumber">8081</parameter>
            <parameter key="CCEngineName">Engine9-5-301SB</parameter>
            <parameter key="InputRootFilemap">\\${CCServer}\DCSExstream\Workspaces\${Workspace}</parameter>
            <parameter key="JobsDir">\\${CCServer}\DCSExstream\Command-Center\var\jobs</parameter>
            <parameter key="BaseWorkspace">\\${CCServer}\DCSExstream\Workspaces</parameter>
        </group>
        <instance key="DCSBDVPortal_PTA">
            <parameter key="Environment">pta</parameter>
            <parameter key="Website bindings">[http=&quot;*:30015:&quot;]</parameter>
        </instance>
        <instance key="DCSBDVPortal_PTB">
            <parameter key="Environment">ptb</parameter>
            <parameter key="Website bindings">[http=&quot;*:30025:&quot;]</parameter>
        </instance>
        <instance key="DCSBDVPortal_PTM">
            <parameter key="Environment">ptm</parameter>
            <parameter key="Website bindings">[http=&quot;*:30135:&quot;]</parameter>
        </instance>
    </environment>
    <environment key="Level 3 EFIX - DCSXWEBA1G4EFIX - Default" remoteDeploymentGroupName="" remoteDeploymentServers="">
        <group key="Deployment">
            <parameter key="Environment">efix</parameter>
            <parameter key="Domain">uat.atoqnet.gov.au</parameter>
            <parameter key="WebSiteName">DCSBDVPortal${Environment}</parameter>
            <parameter key="WAMUserName">ATOQNETUAT\SVC_HPEXSTREAM_UAT</parameter>
            <parameter key="Website bindings">[http=&quot;*:80:bdvportalefix.uat.atoqnet.gov.au&quot;]</parameter>
            <parameter key="ClientCredentialType">Windows</parameter>
            <parameter key="Authentication.Mode">Windows</parameter>
            <parameter key="OutBoundCorroGen.SQLInstance">MSQSSQLDPG4UAT.uat.atoqnet.gov.au\SQL001</parameter>
            <parameter key="OutBoundCorroGen.Database.Name">OutboundEFix</parameter>
            <parameter key="DotNetFrameworkDir">${WinDir}\Microsoft.NET\Framework\v4.0.30319</parameter>
            <parameter key="AuthGroups">APP_DCS_BDV_PORTAL_GG,RES_DO_SYSDEV_GG</parameter>
            <parameter key="PsiDeploymentStatusEmailAddress">DCRTSystemsTeam@ato.gov.au</parameter>
            <parameter key="AuditLoggingEnabled">true</parameter>
            <parameter key="CorrespondenceSearchLoggingEnabled">true</parameter>
            <parameter key="TfsUri">http://atotfs01:8080/tfs/TPC01</parameter>
            <parameter key="TfsJobDefinitionLocation">$/CCM/br_Main/Source/Exstream/Command Center Configuration/Job Data</parameter>
            <parameter key="TfsScheduleDefinitionLocation">$/CCM/Deployment/Blue-Green-Schedules/Production</parameter>
            <parameter key="TfsImportTemplateLocation">$/CCM/Deployment/HPX_Build_Release/XML/ccAPIImportTemplate.xml</parameter>
            <parameter key="TfsUserName">ATONET\TDCS1</parameter>
            <parameter key="TfsPassword">N0tAT3st!</parameter>
            <parameter key="DBConnection">server=${OutBoundCorroGen.SQLInstance}; database=Outbound${Environment}; Integrated Security=true; Integrated Security=true</parameter>
            <parameter key="DCSUserName">ATOQNETUAT\SVC_HPEXSTREAM_UAT</parameter>
            <parameter key="DCSPassword">123HP3xstr3am!</parameter>
            <parameter key="DCSServer">DCSXWEBA1G4EFIX.uat.atoqnet.gov.au,DCSXWEBA2G4EFIX.uat.atoqnet.gov.au</parameter>
            <parameter key="DCSWebsiteBinding">mydcsefix.uat.atoqnet.gov.au</parameter>
            <parameter key="DCSWebNameBlue">DCSWeb_BLUE</parameter>
            <parameter key="DCSWebNameGreen">DCSWeb_GREEN</parameter>
            <parameter key="DCSWebsiteShortBinding">mydcsefix</parameter>
            <parameter key="DCSWebSiteNodeBindings">mydcsefixnode1.uat.atoqnet.gov.au,mydcsefixnode2.uat.atoqnet.gov.au</parameter>
            <parameter key="BWorkingFolder">\\New02h402lv.perf.atoqnet.gov.au\${Environment}\WorkingFolders</parameter>
            <parameter key="ExtractionsFolder">\\${CCServer}\DCSExstream\Utilities\Extractions</parameter>
        </group>
        <group key="Command Centre">
            <parameter key="CCServerName">commandcenterefix.uat.atoqnet.gov.au</parameter>
            <parameter key="CCServer">syd02h644uca1.uat.atoqnet.gov.au</parameter>
            <parameter key="CCPortNumber">8081</parameter>
            <parameter key="CCEngineName">Engine9-5-301SB</parameter>
            <parameter key="InputRootFilemap">\\${CCServer}\DCSExstream\Workspaces\${Workspace}</parameter>
            <parameter key="JobsDir">\\${CCServer}\DCSExstream\Command-Center\var\jobs</parameter>
            <parameter key="BaseWorkspace">\\${CCServer}\DCSExstream\Workspaces</parameter>
        </group>
    </environment>
    <environment key="Level 3 EFIX - DCSXWEBA2G4EFIX - Default" remoteDeploymentGroupName="" remoteDeploymentServers="">
        <group key="Deployment">
            <parameter key="Environment">efix</parameter>
            <parameter key="Domain">uat.atoqnet.gov.au</parameter>
            <parameter key="WebSiteName">DCSBDVPortal${Environment}</parameter>
            <parameter key="WAMUserName">ATOQNETUAT\SVC_HPEXSTREAM_UAT</parameter>
            <parameter key="Website bindings">[http=&quot;*:80:bdvportalefix.uat.atoqnet.gov.au&quot;]</parameter>
            <parameter key="ClientCredentialType">Windows</parameter>
            <parameter key="Authentication.Mode">Windows</parameter>
            <parameter key="OutBoundCorroGen.SQLInstance">MSQSSQLDPG4UAT.uat.atoqnet.gov.au\SQL001</parameter>
            <parameter key="OutBoundCorroGen.Database.Name">OutboundEFix</parameter>
            <parameter key="DotNetFrameworkDir">${WinDir}\Microsoft.NET\Framework\v4.0.30319</parameter>
            <parameter key="AuthGroups">APP_DCS_BDV_PORTAL_GG,RES_DO_SYSDEV_GG</parameter>
            <parameter key="PsiDeploymentStatusEmailAddress">DCRTSystemsTeam@ato.gov.au</parameter>
            <parameter key="AuditLoggingEnabled">true</parameter>
            <parameter key="CorrespondenceSearchLoggingEnabled">true</parameter>
            <parameter key="TfsUri">http://atotfs01:8080/tfs/TPC01</parameter>
            <parameter key="TfsJobDefinitionLocation">$/CCM/br_Main/Source/Exstream/Command Center Configuration/Job Data</parameter>
            <parameter key="TfsScheduleDefinitionLocation">$/CCM/Deployment/Blue-Green-Schedules/Production</parameter>
            <parameter key="TfsImportTemplateLocation">$/CCM/Deployment/HPX_Build_Release/XML/ccAPIImportTemplate.xml</parameter>
            <parameter key="TfsUserName">ATONET\TDCS1</parameter>
            <parameter key="TfsPassword">N0tAT3st!</parameter>
            <parameter key="DBConnection">server=${OutBoundCorroGen.SQLInstance}; database=Outbound${Environment}; Integrated Security=true; Integrated Security=true</parameter>
            <parameter key="DCSUserName">ATOQNETUAT\SVC_HPEXSTREAM_UAT</parameter>
            <parameter key="DCSPassword">123HP3xstr3am!</parameter>
            <parameter key="DCSServer">DCSXWEBA1G4EFIX.uat.atoqnet.gov.au,DCSXWEBA2G4EFIX.uat.atoqnet.gov.au</parameter>
            <parameter key="DCSWebsiteBinding">mydcsefix.uat.atoqnet.gov.au</parameter>
            <parameter key="DCSWebNameBlue">DCSWeb_BLUE</parameter>
            <parameter key="DCSWebNameGreen">DCSWeb_GREEN</parameter>
            <parameter key="DCSWebsiteShortBinding">mydcsefix</parameter>
            <parameter key="DCSWebSiteNodeBindings">mydcsefixnode1.uat.atoqnet.gov.au,mydcsefixnode2.uat.atoqnet.gov.au</parameter>
            <parameter key="BWorkingFolder">\\New02h402lv.perf.atoqnet.gov.au\${Environment}\WorkingFolders</parameter>
            <parameter key="ExtractionsFolder">\\${CCServer}\DCSExstream\Utilities\Extractions</parameter>
        </group>
        <group key="Command Centre">
            <parameter key="CCServerName">commandcenterefix.uat.atoqnet.gov.au</parameter>
            <parameter key="CCServer">syd02h644uca1.uat.atoqnet.gov.au</parameter>
            <parameter key="CCPortNumber">8081</parameter>
            <parameter key="CCEngineName">Engine9-5-301SB</parameter>
            <parameter key="InputRootFilemap">\\${CCServer}\DCSExstream\Workspaces\${Workspace}</parameter>
            <parameter key="JobsDir">\\${CCServer}\DCSExstream\Command-Center\var\jobs</parameter>
            <parameter key="BaseWorkspace">\\${CCServer}\DCSExstream\Workspaces</parameter>
        </group>
    </environment>
    <environment key="LEVEL 4 UAT - SYD02H008UVA1 - Default" remoteDeploymentGroupName="" remoteDeploymentServers="">
        <group key="Deployment">
            <parameter key="Environment"></parameter>
            <parameter key="Domain">uat.atoqnet.gov.au</parameter>
            <parameter key="WebSiteName">DCSBDVPortal${Environment}</parameter>
            <parameter key="WAMUserName">ATOQNETUAT\SVC_HPEXSTREAM_UAT</parameter>
            <parameter key="Website bindings"></parameter>
            <parameter key="ClientCredentialType">Windows</parameter>
            <parameter key="Authentication.Mode">Windows</parameter>
            <parameter key="OutBoundCorroGen.SQLInstance">MSQSSQLDPG4UAT.uat.atoqnet.gov.au\SQL001</parameter>
            <parameter key="OutBoundCorroGen.Database.Name">Outbound${Environment}</parameter>
            <parameter key="DotNetFrameworkDir">${WinDir}\Microsoft.NET\Framework\v4.0.30319</parameter>
            <parameter key="AuthGroups">APP_DCS_BDV_PORTAL_GG,RES_DO_SYSDEV_GG</parameter>
            <parameter key="PsiDeploymentStatusEmailAddress">DCRTSystemsTeam@ato.gov.au</parameter>
            <parameter key="AuditLoggingEnabled">true</parameter>
            <parameter key="CorrespondenceSearchLoggingEnabled">true</parameter>
            <parameter key="TfsUri">http://atotfs01:8080/tfs/TPC01</parameter>
            <parameter key="TfsJobDefinitionLocation">$/CCM/br_Main/Source/Exstream/Command Center Configuration/Job Data</parameter>
            <parameter key="TfsScheduleDefinitionLocation">$/CCM/Deployment/Blue-Green-Schedules/Production</parameter>
            <parameter key="TfsImportTemplateLocation">$/CCM/Deployment/HPX_Build_Release/XML/ccAPIImportTemplate.xml</parameter>
            <parameter key="TfsUserName">ATONET\TDCS1</parameter>
            <parameter key="TfsPassword">N0tAT3st!</parameter>
            <parameter key="DBConnection">server=${OutBoundCorroGen.SQLInstance}; database=Outbound${Environment}; Integrated Security=true; Integrated Security=true</parameter>
            <parameter key="DCSUserName"></parameter>
            <parameter key="DCSPassword"></parameter>
            <parameter key="DCSServer"></parameter>
            <parameter key="DCSWebsiteBinding"></parameter>
            <parameter key="DCSWebNameBlue"></parameter>
            <parameter key="DCSWebNameGreen"></parameter>
            <parameter key="DCSWebsiteShortBinding"></parameter>
            <parameter key="DCSWebSiteNodeBindings"></parameter>
            <parameter key="BWorkingFolder">\\New02h402lv.perf.atoqnet.gov.au\${Environment}\WorkingFolders</parameter>
            <parameter key="ExtractionsFolder">\\${CCServer}\DCSExstream\Utilities\Extractions\${Environment}</parameter>
        </group>
        <group key="Command Centre">
            <parameter key="CCServerName">commandcenter.uat.atoqnet.gov.au</parameter>
            <parameter key="CCServer">syd02h006uca1.uat.atoqnet.gov.au</parameter>
            <parameter key="CCPortNumber">8081</parameter>
            <parameter key="CCEngineName">Engine9-5-301SB</parameter>
            <parameter key="InputRootFilemap">\\${CCServer}\DCSExstream\Workspaces\${Workspace}</parameter>
            <parameter key="JobsDir">\\${CCServer}\DCSExstream\Command-Center\var\jobs</parameter>
            <parameter key="BaseWorkspace">\\${CCServer}\DCSExstream\Workspaces</parameter>
        </group>
        <instance key="DCSBDVPortal_UATI">
            <parameter key="Environment">uati</parameter>
            <parameter key="Website bindings">[http=&quot;*:40095:&quot;]</parameter>
        </instance>
        <instance key="DCSBDVPortal_UCTD">
            <parameter key="Environment">uctd</parameter>
            <parameter key="Website bindings">[http=&quot;*:40045:&quot;]</parameter>
        </instance>
        <instance key="DCSBDVPortal_UCTC">
            <parameter key="Environment">uctc</parameter>
            <parameter key="Website bindings">[http=&quot;*:40035:&quot;]</parameter>
        </instance>
        <instance key="DCSBDVPortal_UATK">
            <parameter key="Environment">uatk</parameter>
            <parameter key="Website bindings">[http=&quot;*:40115:&quot;]</parameter>
        </instance>
    </environment>
    <environment key="LEVEL 4 UAT - SYD02H008UVA2 - Default" remoteDeploymentGroupName="" remoteDeploymentServers="">
        <group key="Deployment">
            <parameter key="Environment"></parameter>
            <parameter key="Domain">uat.atoqnet.gov.au</parameter>
            <parameter key="WebSiteName">DCSBDVPortal${Environment}</parameter>
            <parameter key="WAMUserName">ATOQNETUAT\SVC_HPEXSTREAM_UAT</parameter>
            <parameter key="Website bindings"></parameter>
            <parameter key="ClientCredentialType">Windows</parameter>
            <parameter key="Authentication.Mode">Windows</parameter>
            <parameter key="OutBoundCorroGen.SQLInstance">MSQSSQLDPG4UAT.uat.atoqnet.gov.au\SQL001</parameter>
            <parameter key="OutBoundCorroGen.Database.Name">Outbound${Environment}</parameter>
            <parameter key="DotNetFrameworkDir">${WinDir}\Microsoft.NET\Framework\v4.0.30319</parameter>
            <parameter key="AuthGroups">APP_DCS_BDV_PORTAL_GG,RES_DO_SYSDEV_GG</parameter>
            <parameter key="PsiDeploymentStatusEmailAddress">DCRTSystemsTeam@ato.gov.au</parameter>
            <parameter key="AuditLoggingEnabled">true</parameter>
            <parameter key="CorrespondenceSearchLoggingEnabled">true</parameter>
            <parameter key="TfsUri">http://atotfs01:8080/tfs/TPC01</parameter>
            <parameter key="TfsJobDefinitionLocation">$/CCM/br_Main/Source/Exstream/Command Center Configuration/Job Data</parameter>
            <parameter key="TfsScheduleDefinitionLocation">$/CCM/Deployment/Blue-Green-Schedules/Production</parameter>
            <parameter key="TfsImportTemplateLocation">$/CCM/Deployment/HPX_Build_Release/XML/ccAPIImportTemplate.xml</parameter>
            <parameter key="TfsUserName">ATONET\TDCS1</parameter>
            <parameter key="TfsPassword">N0tAT3st!</parameter>
            <parameter key="DBConnection">server=${OutBoundCorroGen.SQLInstance}; database=Outbound${Environment}; Integrated Security=true; Integrated Security=true</parameter>
            <parameter key="DCSUserName"></parameter>
            <parameter key="DCSPassword"></parameter>
            <parameter key="DCSServer"></parameter>
            <parameter key="DCSWebsiteBinding"></parameter>
            <parameter key="DCSWebNameBlue"></parameter>
            <parameter key="DCSWebNameGreen"></parameter>
            <parameter key="DCSWebsiteShortBinding"></parameter>
            <parameter key="DCSWebSiteNodeBindings"></parameter>
            <parameter key="BWorkingFolder">\\New02h402lv.perf.atoqnet.gov.au\${Environment}\WorkingFolders</parameter>
            <parameter key="ExtractionsFolder">\\${CCServer}\DCSExstream\Utilities\Extractions\${Environment}</parameter>
        </group>
        <group key="Command Centre">
            <parameter key="CCServerName">commandcenter.uat.atoqnet.gov.au</parameter>
            <parameter key="CCServer">syd02h006uca1.uat.atoqnet.gov.au</parameter>
            <parameter key="CCPortNumber">8081</parameter>
            <parameter key="CCEngineName">Engine9-5-301SB</parameter>
            <parameter key="InputRootFilemap">\\${CCServer}\DCSExstream\Workspaces\${Workspace}</parameter>
            <parameter key="JobsDir">\\${CCServer}\DCSExstream\Command-Center\var\jobs</parameter>
            <parameter key="BaseWorkspace">\\${CCServer}\DCSExstream\Workspaces</parameter>
        </group>
        <instance key="DCSBDVPortal_UATI">
            <parameter key="Environment">uati</parameter>
            <parameter key="Website bindings">[http=&quot;*:40095:&quot;]</parameter>
        </instance>
        <instance key="DCSBDVPortal_UCTD">
            <parameter key="Environment">uctd</parameter>
            <parameter key="Website bindings">[http=&quot;*:40045:&quot;]</parameter>
        </instance>
        <instance key="DCSBDVPortal_UCTC">
            <parameter key="Environment">uctc</parameter>
            <parameter key="Website bindings">[http=&quot;*:40035:&quot;]</parameter>
        </instance>
        <instance key="DCSBDVPortal_UATK">
            <parameter key="Environment">uatk</parameter>
            <parameter key="Website bindings">[http=&quot;*:40115:&quot;]</parameter>
        </instance>
    </environment>
    <environment key="LEVEL 4 PERF - EXSTWEBA1GPPRFE - Default" remoteDeploymentGroupName="" remoteDeploymentServers="">
        <group key="Deployment">
            <parameter key="Environment"></parameter>
            <parameter key="Domain">perf.atoqnet.gov.au</parameter>
            <parameter key="WebSiteName">DCSBDVPortal${Environment}</parameter>
            <parameter key="WAMUserName">ATOQNETPERF\SVC_HPEXSTREAM_PERF</parameter>
            <parameter key="Website bindings"></parameter>
            <parameter key="ClientCredentialType">Windows</parameter>
            <parameter key="Authentication.Mode">Windows</parameter>
            <parameter key="OutBoundCorroGen.SQLInstance"></parameter>
            <parameter key="OutBoundCorroGen.Database.Name">Outbound${Environment}</parameter>
            <parameter key="DotNetFrameworkDir">${WinDir}\Microsoft.NET\Framework\v4.0.30319</parameter>
            <parameter key="AuthGroups">APP_DCS_BDV_PORTAL_GG,RES_DO_SYSDEV_GG</parameter>
            <parameter key="PsiDeploymentStatusEmailAddress">DCRTSystemsTeam@ato.gov.au</parameter>
            <parameter key="AuditLoggingEnabled">true</parameter>
            <parameter key="CorrespondenceSearchLoggingEnabled">true</parameter>
            <parameter key="TfsUri">http://atotfs01:8080/tfs/TPC01</parameter>
            <parameter key="TfsJobDefinitionLocation">$/CCM/br_Main/Source/Exstream/Command Center Configuration/Job Data</parameter>
            <parameter key="TfsScheduleDefinitionLocation">$/CCM/Deployment/Blue-Green-Schedules/Production</parameter>
            <parameter key="TfsImportTemplateLocation">$/CCM/Deployment/HPX_Build_Release/XML/ccAPIImportTemplate.xml</parameter>
            <parameter key="TfsUserName">ATONET\TDCS1</parameter>
            <parameter key="TfsPassword">N0tAT3st!</parameter>
            <parameter key="DBConnection">server=${OutBoundCorroGen.SQLInstance}; database=Outbound${Environment}; Integrated Security=true; Integrated Security=true</parameter>
            <parameter key="DCSUserName"></parameter>
            <parameter key="DCSPassword"></parameter>
            <parameter key="DCSServer"></parameter>
            <parameter key="DCSWebsiteBinding"></parameter>
            <parameter key="DCSWebNameBlue"></parameter>
            <parameter key="DCSWebNameGreen"></parameter>
            <parameter key="DCSWebsiteShortBinding"></parameter>
            <parameter key="DCSWebSiteNodeBindings"></parameter>
            <parameter key="BWorkingFolder">\\New02h402lv.perf.atoqnet.gov.au\${Environment}\WorkingFolders</parameter>
            <parameter key="ExtractionsFolder">\\${CCServer}\DCSExstream\Utilities\Extractions\${Environment}</parameter>
        </group>
        <group key="Command Centre">
            <parameter key="CCServerName">commandcenter.perf.atoqnet.gov.au</parameter>
            <parameter key="CCServer">syd02h209lca1.perf.atoqnet.gov.au</parameter>
            <parameter key="CCPortNumber">8081</parameter>
            <parameter key="CCEngineName">Engine9-5-301SB</parameter>
            <parameter key="InputRootFilemap">\\${CCServer}\DCSExstream\Workspaces\${Workspace}</parameter>
            <parameter key="JobsDir">\\${CCServer}\DCSExstream\Command-Center\var\jobs</parameter>
            <parameter key="BaseWorkspace">\\${CCServer}\DCSExstream\Workspaces</parameter>
        </group>
        <instance key="DCSBDVPortal_PRFB">
            <parameter key="Environment">prfb</parameter>
            <parameter key="Website bindings">[http=&quot;*:41025:&quot;]</parameter>
            <parameter key="OutBoundCorroGen.SQLInstance">MSQSSQLAPAPPRF.perf.atoqnet.gov.au\SQL001</parameter>
        </instance>
        <instance key="DCSBDVPortal_PRFE">
            <parameter key="Environment">prfe</parameter>
            <parameter key="Website bindings">[http=&quot;*:41055:&quot;]</parameter>
            <parameter key="OutBoundCorroGen.SQLInstance">MSQSSQLCPGPPRFE.perf.atoqnet.gov.au\SQL001</parameter>
        </instance>
    </environment>
    <environment key="LEVEL 4 PERF - EXSTWEBA2GPPRFE - Default" remoteDeploymentGroupName="" remoteDeploymentServers="">
        <group key="Deployment">
            <parameter key="Environment"></parameter>
            <parameter key="Domain">perf.atoqnet.gov.au</parameter>
            <parameter key="WebSiteName">DCSBDVPortal${Environment}</parameter>
            <parameter key="WAMUserName">ATOQNETPERF\SVC_HPEXSTREAM_PERF</parameter>
            <parameter key="Website bindings"></parameter>
            <parameter key="ClientCredentialType">Windows</parameter>
            <parameter key="Authentication.Mode">Windows</parameter>
            <parameter key="OutBoundCorroGen.SQLInstance"></parameter>
            <parameter key="OutBoundCorroGen.Database.Name">Outbound${Environment}</parameter>
            <parameter key="DotNetFrameworkDir">${WinDir}\Microsoft.NET\Framework\v4.0.30319</parameter>
            <parameter key="AuthGroups">APP_DCS_BDV_PORTAL_GG,RES_DO_SYSDEV_GG</parameter>
            <parameter key="PsiDeploymentStatusEmailAddress">DCRTSystemsTeam@ato.gov.au</parameter>
            <parameter key="AuditLoggingEnabled">true</parameter>
            <parameter key="CorrespondenceSearchLoggingEnabled">true</parameter>
            <parameter key="TfsUri">http://atotfs01:8080/tfs/TPC01</parameter>
            <parameter key="TfsJobDefinitionLocation">$/CCM/br_Main/Source/Exstream/Command Center Configuration/Job Data</parameter>
            <parameter key="TfsScheduleDefinitionLocation">$/CCM/Deployment/Blue-Green-Schedules/Production</parameter>
            <parameter key="TfsImportTemplateLocation">$/CCM/Deployment/HPX_Build_Release/XML/ccAPIImportTemplate.xml</parameter>
            <parameter key="TfsUserName">ATONET\TDCS1</parameter>
            <parameter key="TfsPassword">N0tAT3st!</parameter>
            <parameter key="DBConnection">server=${OutBoundCorroGen.SQLInstance}; database=Outbound${Environment}; Integrated Security=true; Integrated Security=true</parameter>
            <parameter key="DCSUserName"></parameter>
            <parameter key="DCSPassword"></parameter>
            <parameter key="DCSServer"></parameter>
            <parameter key="DCSWebsiteBinding"></parameter>
            <parameter key="DCSWebNameBlue"></parameter>
            <parameter key="DCSWebNameGreen"></parameter>
            <parameter key="DCSWebsiteShortBinding"></parameter>
            <parameter key="DCSWebSiteNodeBindings"></parameter>
            <parameter key="BWorkingFolder">\\New02h402lv.perf.atoqnet.gov.au\${Environment}\WorkingFolders</parameter>
            <parameter key="ExtractionsFolder">\\${CCServer}\DCSExstream\Utilities\Extractions\${Environment}</parameter>
        </group>
        <group key="Command Centre">
            <parameter key="CCServerName">commandcenter.perf.atoqnet.gov.au</parameter>
            <parameter key="CCServer">syd02h209lca1.perf.atoqnet.gov.au</parameter>
            <parameter key="CCPortNumber">8081</parameter>
            <parameter key="CCEngineName">Engine9-5-301SB</parameter>
            <parameter key="InputRootFilemap">\\${CCServer}\DCSExstream\Workspaces\${Workspace}</parameter>
            <parameter key="JobsDir">\\${CCServer}\DCSExstream\Command-Center\var\jobs</parameter>
            <parameter key="BaseWorkspace">\\${CCServer}\DCSExstream\Workspaces</parameter>
        </group>
        <instance key="DCSBDVPortal_PRFB">
            <parameter key="Environment">prfb</parameter>
            <parameter key="Website bindings">[http=&quot;*:41025:&quot;]</parameter>
            <parameter key="OutBoundCorroGen.SQLInstance">MSQSSQLAPAPPRF.perf.atoqnet.gov.au\SQL001</parameter>
        </instance>
        <instance key="DCSBDVPortal_PRFE">
            <parameter key="Environment">prfe</parameter>
            <parameter key="Website bindings">[http=&quot;*:41025:&quot;]</parameter>
            <parameter key="OutBoundCorroGen.SQLInstance">MSQSSQLCPGPPRFE.perf.atoqnet.gov.au\SQL001</parameter>
        </instance>
    </environment>
    <environment key="LEVEL 5 - SYD02H577PVA1 - DCSBDVPortal" remoteDeploymentGroupName="" remoteDeploymentServers="">
        <group key="Deployment">
            <parameter key="Environment">PROD</parameter>
            <parameter key="Domain">prod.atonet.gov.au</parameter>
            <parameter key="WebSiteName">DCSBDVPortal</parameter>
            <parameter key="WAMUserName">ATONET\Service_HPExstream</parameter>
            <parameter key="Website bindings">[http=&quot;*:80:bdvportal.prod.atonet.gov.au&quot;]</parameter>
            <parameter key="ClientCredentialType">Windows</parameter>
            <parameter key="Authentication.Mode">Windows</parameter>
            <parameter key="OutBoundCorroGen.SQLInstance">MSQSSQLDPG5.PROD.ATONET.GOV.AU\SQL001</parameter>
            <parameter key="OutBoundCorroGen.Database.Name">OutboundCorrogen_R3Prod</parameter>
            <parameter key="DotNetFrameworkDir">${WinDir}\Microsoft.NET\Framework\v4.0.30319</parameter>
            <parameter key="AuthGroups">APP_DCS_BDV_PORTAL_GG,RES_DO_SYSDEV_GG</parameter>
            <parameter key="PsiDeploymentStatusEmailAddress">DCRTSystemsTeam@ato.gov.au</parameter>
            <parameter key="AuditLoggingEnabled">true</parameter>
            <parameter key="CorrespondenceSearchLoggingEnabled">true</parameter>
            <parameter key="TfsUri">http://atotfs01:8080/tfs/TPC01</parameter>
            <parameter key="TfsJobDefinitionLocation">$/CCM/br_Main/Source/Exstream/Command Center Configuration/Job Data</parameter>
            <parameter key="TfsScheduleDefinitionLocation">$/CCM/Deployment/Blue-Green-Schedules/Production</parameter>
            <parameter key="TfsImportTemplateLocation">$/CCM/Deployment/HPX_Build_Release/XML/ccAPIImportTemplate.xml</parameter>
            <parameter key="TfsUserName">ATONET\TDCS1</parameter>
            <parameter key="TfsPassword">N0tAT3st!</parameter>
            <parameter key="DBConnection">server=${OutBoundCorroGen.SQLInstance}; database=Outbound${Environment}; Integrated Security=true; Integrated Security=true</parameter>
            <parameter key="DCSUserName">ATONET\Service_HPExstream</parameter>
            <parameter key="DCSPassword">Hp3xstr#@me!</parameter>
            <parameter key="DCSServer">SYD02H577PVA1.prod.atonet.gov.au,SYD02H577PVA2.prod.atonet.gov.au</parameter>
            <parameter key="DCSWebsiteBinding">mydcs.prod.atonet.gov.au</parameter>
            <parameter key="DCSWebNameBlue">DCSWeb_BLUE</parameter>
            <parameter key="DCSWebNameGreen">DCSWeb_GREEN</parameter>
            <parameter key="DCSWebsiteShortBinding">mydcs</parameter>
            <parameter key="DCSWebSiteNodeBindings">mydcsnode1.prod.atonet.gov.au,mydcsnode2.prod.atonet.gov.au</parameter>
            <parameter key="BWorkingFolder">\\syd02h493pp.prod.atonet.gov.au\${Environment}\WorkingFolders</parameter>
            <parameter key="ExtractionsFolder">\\${CCServer}\DCSExstream\Utilities\Extractions</parameter>
        </group>
        <group key="Command Centre">
            <parameter key="CCServerName">commandcenter.prod.atonet.gov.au</parameter>
            <parameter key="CCServer">syd02h575pca1.prod.atonet.gov.au</parameter>
            <parameter key="CCPortNumber">8081</parameter>
            <parameter key="CCEngineName">Engine9-5-301SB</parameter>
            <parameter key="InputRootFilemap">\\${CCServer}\DCSExstream\Workspaces\${Workspace}</parameter>
            <parameter key="JobsDir">\\${CCServer}\DCSExstream\Command-Center\var\jobs</parameter>
            <parameter key="BaseWorkspace">\\${CCServer}\DCSExstream\Workspaces</parameter>
        </group>
    </environment>
    <environment key="LEVEL 5 - SYD02H577PVA2 - DCSBDVPortal" remoteDeploymentGroupName="" remoteDeploymentServers="">
        <group key="Deployment">
            <parameter key="Environment">PROD</parameter>
            <parameter key="Domain">prod.atonet.gov.au</parameter>
            <parameter key="WebSiteName">DCSBDVPortal</parameter>
            <parameter key="WAMUserName">ATONET\Service_HPExstream</parameter>
            <parameter key="Website bindings">[http=&quot;*:80:bdvportal.prod.atonet.gov.au&quot;]</parameter>
            <parameter key="ClientCredentialType">Windows</parameter>
            <parameter key="Authentication.Mode">Windows</parameter>
            <parameter key="OutBoundCorroGen.SQLInstance">MSQSSQLDPG5.PROD.ATONET.GOV.AU\SQL001</parameter>
            <parameter key="OutBoundCorroGen.Database.Name">OutboundCorrogen_R3Prod</parameter>
            <parameter key="DotNetFrameworkDir">${WinDir}\Microsoft.NET\Framework\v4.0.30319</parameter>
            <parameter key="AuthGroups">APP_DCS_BDV_PORTAL_GG,RES_DO_SYSDEV_GG</parameter>
            <parameter key="PsiDeploymentStatusEmailAddress">DCRTSystemsTeam@ato.gov.au</parameter>
            <parameter key="AuditLoggingEnabled">true</parameter>
            <parameter key="CorrespondenceSearchLoggingEnabled">true</parameter>
            <parameter key="TfsUri">http://atotfs01:8080/tfs/TPC01</parameter>
            <parameter key="TfsJobDefinitionLocation">$/CCM/br_Main/Source/Exstream/Command Center Configuration/Job Data</parameter>
            <parameter key="TfsScheduleDefinitionLocation">$/CCM/Deployment/Blue-Green-Schedules/Production</parameter>
            <parameter key="TfsImportTemplateLocation">$/CCM/Deployment/HPX_Build_Release/XML/ccAPIImportTemplate.xml</parameter>
            <parameter key="TfsUserName">ATONET\TDCS1</parameter>
            <parameter key="TfsPassword">N0tAT3st!</parameter>
            <parameter key="DBConnection">server=${OutBoundCorroGen.SQLInstance}; database=Outbound${Environment}; Integrated Security=true; Integrated Security=true</parameter>
            <parameter key="DCSUserName">ATONET\Service_HPExstream</parameter>
            <parameter key="DCSPassword">Hp3xstr#@me!</parameter>
            <parameter key="DCSServer">SYD02H577PVA1.prod.atonet.gov.au,SYD02H577PVA2.prod.atonet.gov.au</parameter>
            <parameter key="DCSWebsiteBinding">mydcs.prod.atonet.gov.au</parameter>
            <parameter key="DCSWebNameBlue">DCSWeb_BLUE</parameter>
            <parameter key="DCSWebNameGreen">DCSWeb_GREEN</parameter>
            <parameter key="DCSWebsiteShortBinding">mydcs</parameter>
            <parameter key="DCSWebSiteNodeBindings">mydcsnode1.prod.atonet.gov.au,mydcsnode2.prod.atonet.gov.au</parameter>
            <parameter key="BWorkingFolder">\\syd02h493pp.prod.atonet.gov.au\${Environment}\WorkingFolders</parameter>
            <parameter key="ExtractionsFolder">\\${CCServer}\DCSExstream\Utilities\Extractions</parameter>
        </group>
        <group key="Command Centre">
            <parameter key="CCServerName">commandcenter.prod.atonet.gov.au</parameter>
            <parameter key="CCServer">syd02h575pca1.prod.atonet.gov.au</parameter>
            <parameter key="CCPortNumber">8081</parameter>
            <parameter key="CCEngineName">Engine9-5-301SB</parameter>
            <parameter key="InputRootFilemap">\\${CCServer}\DCSExstream\Workspaces\${Workspace}</parameter>
            <parameter key="JobsDir">\\${CCServer}\DCSExstream\Command-Center\var\jobs</parameter>
            <parameter key="BaseWorkspace">\\${CCServer}\DCSExstream\Workspaces</parameter>
        </group>
    </environment>
</environments>
