<?xml version="1.0" encoding="utf-8"?>
<configuration>
	<Application>
		<FtpService>
			<ApplicationPools>
				<ApplicationPool name="OutboundFTP.${InstanceKey}">
					<AppPoolIdentityType>3</AppPoolIdentityType>
					<StartMode>OnDemand</StartMode>
				</ApplicationPool>
			</ApplicationPools>	
			<FtpSites>
				<FtpSite name="OutboundFTP.${InstanceKey}">
					<serverbindings>${serverbindings}</serverbindings>
					<path>${FTProotFolder}</path>
					<AuthFlags.AuthBasic>true</AuthFlags.AuthBasic>
					<AuthFlags.AuthAnonymous>true</AuthFlags.AuthAnonymous>
					<MaxConnections>100000</MaxConnections>
					<ControlChannelTimeout>600</ControlChannelTimeout>
					<sslSetting>
						<controlChannelPolicy>0</controlChannelPolicy>
						<dataChannelPolicy>0</dataChannelPolicy>
					</sslSetting>
					<authorization>
						<Allow user="All" read="true" write="true" />
						<Allow user="IIS_IUSRS" read="true" write="true" />
					</authorization>
					<AppPoolName>OutboundFTP.${InstanceKey}</AppPoolName>
				</FtpSite>
			</FtpSites>
		</FtpService>
	</Application>
</configuration>