<?xml version="1.0" encoding="utf-8"?>
<configuration>
	<CustomFunctions>
		<First>
			<Function name="Grant-PermissionsForServiceUserToFolder">
				<domainUserName>${FTP_CloudServiceAccount_F_Access}</domainUserName>
				<directory>${FTProotFolder}</directory>
				<permission>F</permission>
			</Function>
			<Function name="Grant-PermissionsForServiceUserToFolder" runapp="${Apply_FTPServiceAccounts_F_Access}">
				<domainUserName>ATONET\ServiceRMS</domainUserName>
				<directory>${FTProotFolder}</directory>
				<permission>F</permission>
			</Function>
			<Function name="Grant-PermissionsForServiceUserToFolder" runapp="${Apply_FTPServiceAccounts_F_Access}">
				<domainUserName>ATONET\ServiceCoresFTP</domainUserName>
				<directory>${FTProotFolder}</directory>
				<permission>F</permission>
			</Function>
			<Function name="Grant-PermissionsForServiceUserToFolder" runapp="${Apply_FTPServiceAccounts_F_Access}">
				<domainUserName>ATONET\ServiceRMSFTP</domainUserName>
				<directory>${FTProotFolder}</directory>
				<permission>F</permission>
			</Function>
			<Function name="Grant-PermissionsForServiceUserToFolder" runapp="${Apply_FTPServiceAccounts_F_Access}">
				<domainUserName>ATONET\IMMSFTP</domainUserName>
				<directory>${FTProotFolder}</directory>
				<permission>F</permission>
			</Function>
			<Function name="Grant-PermissionsForServiceUserToFolder" runapp="${Apply_FTPServiceAccounts_F_Access}">
				<domainUserName>$ATONET\Service_HPExstream</domainUserName>
				<directory>${FTProotFolder}</directory>
				<permission>F</permission>
			</Function>
						
			<Function name="Grant-PermissionsForServiceUserToFolder" runapp="${Apply_FTPServiceAccounts_RX_Access}">
				<domainUserName>ATONET\ServiceAIS</domainUserName>
				<directory>${FTProotFolder}</directory>
				<permission>RX</permission>
			</Function>
			<Function name="Grant-PermissionsForServiceUserToFolder" runapp="${Apply_FTPServiceAccounts_RX_Access}">
				<domainUserName>ATONET\ServiceAISFTP</domainUserName>
				<directory>${FTProotFolder}</directory>
				<permission>RX</permission>
			</Function>
			
			<Function name="Grant-PermissionsForServiceUserToFolder" runapp="${Apply_FTPServiceAccounts_R_Access}">
				<domainUserName>ATONET\RES_CD_OTB_SUPPORT_R_GG</domainUserName>
				<directory>${FTProotFolder}</directory>
				<permission>R</permission>
			</Function>
					
			
			<Function name="Add-DomainUserToLocalGroup">
				<domainUserName>${IIS_IUSRS_CloudServiceAccount}</domainUserName>
				<localGroup>IIS_IUSRS</localGroup>
			</Function>
			<Function name="Add-DomainUserToLocalGroup" runapp="${Add_IIS_IUSRSServiceAccounts}">
				<domainUserName>ATONET\IMMSFTP</domainUserName>
				<localGroup>IIS_IUSRS</localGroup>
			</Function>
			<Function name="Add-DomainUserToLocalGroup" runapp="${Add_IIS_IUSRSServiceAccounts}">
				<domainUserName>ATONET\Service_HPExstream</domainUserName>
				<localGroup>IIS_IUSRS</localGroup>
			</Function>
			<Function name="Add-DomainUserToLocalGroup" runapp="${Add_IIS_IUSRSServiceAccounts}">
				<domainUserName>ATONET\ServiceAIS</domainUserName>
				<localGroup>IIS_IUSRS</localGroup>
			</Function>
			<Function name="Add-DomainUserToLocalGroup" runapp="${Add_IIS_IUSRSServiceAccounts}">
				<domainUserName>ATONET\ServiceAISFTP</domainUserName>
				<localGroup>IIS_IUSRS</localGroup>
			</Function>
			<Function name="Add-DomainUserToLocalGroup" runapp="${Add_IIS_IUSRSServiceAccounts}">
				<domainUserName>ATONET\ServiceCoresFTP</domainUserName>
				<localGroup>IIS_IUSRS</localGroup>
			</Function>
			<Function name="Add-DomainUserToLocalGroup" runapp="${Add_IIS_IUSRSServiceAccounts}">
				<domainUserName>ATONET\ServiceCores</domainUserName>
				<localGroup>IIS_IUSRS</localGroup>
			</Function>
			<Function name="Add-DomainUserToLocalGroup" runapp="${Add_IIS_IUSRSServiceAccounts}">
				<domainUserName>ATONET\ServiceRMSFTP</domainUserName>
				<localGroup>IIS_IUSRS</localGroup>
			</Function>
			<Function name="Add-DomainUserToLocalGroup" runapp="${Add_IIS_IUSRSServiceAccounts}">
				<domainUserName>ATONET\ServiceRMS</domainUserName>
				<localGroup>IIS_IUSRS</localGroup>
			</Function>
			<Function name="Add-DomainUserToLocalGroup" runapp="${Add_IIS_IUSRSServiceAccounts}">
				<domainUserName>ATONET\RES_CD_OTB_SUPPORT_R_GG</domainUserName>
				<localGroup>IIS_IUSRS</localGroup>
			</Function>
			
			<Function name="Add-DomainUserToLocalGroup">
				<domainUserName>${Administrator_CloudServiceAccount}</domainUserName>
				<localGroup>Administrators</localGroup>
			</Function>
			<Function name="Add-DomainUserToLocalGroup" runapp="${Add_AdministratorServiceAccounts}">
				<domainUserName>ATONET\Service_HPExstream</domainUserName>
				<localGroup>Administrators</localGroup>
			</Function>
			<Function name="Add-DomainUserToLocalGroup" runapp="${Add_AdministratorServiceAccounts}">
				<domainUserName>ATONET\ServiceAIS</domainUserName>
				<localGroup>Administrators</localGroup>
			</Function>
			<Function name="Add-DomainUserToLocalGroup" runapp="${Add_AdministratorServiceAccounts}">
				<domainUserName>ATONET\ServiceCores</domainUserName>
				<localGroup>Administrators</localGroup>
			</Function>
			<Function name="Add-DomainUserToLocalGroup" runapp="${Add_AdministratorServiceAccounts}">
				<domainUserName>ATONET\ServiceCoresFTP</domainUserName>
				<localGroup>Administrators</localGroup>
			</Function>
			<Function name="Add-DomainUserToLocalGroup" runapp="${Add_AdministratorServiceAccounts}">
				<domainUserName>ATONET\ServiceRMS</domainUserName>
				<localGroup>Administrators</localGroup>
			</Function>
			<Function name="Add-DomainUserToLocalGroup" runapp="${Add_AdministratorServiceAccounts}">
				<domainUserName>ATONET\ServiceRMSFTP</domainUserName>
				<localGroup>Administrators</localGroup>
			</Function>
		</First>
	</CustomFunctions>
</configuration>