<?xml version="1.0" encoding="utf-8"?>
<!-- ******************************************************* -->
<!-- !!!!! NEVER UPDATE THIS ENVIRONMENT FILE DIRECTLY !!!!! -->
<!--                                                         -->
<!-- ALWAYS use the Excel environment file editor to update  -->
<!-- and then generate the environment file.                 -->
<!-- ******************************************************* -->
<environments applicationName="OutboundFTP" roleName="OutboundFTP=WebApp" securityCode="1792">
    <environment key="Cloud - MyMachine - Default" remoteDeploymentGroupName="" remoteDeploymentServers="">
        <group key="Deployment">
            <parameter key="winServiceIdentity"></parameter>
            <parameter key="UNCUserName">${winServiceIdentity}</parameter>
            <parameter key="WAMUserName">${winServiceIdentity}</parameter>
            <parameter key="FTP_CloudServiceAccount_F_Access">${winServiceIdentity}</parameter>
            <parameter key="Apply_FTPServiceAccounts_F_Access">false</parameter>
            <parameter key="Apply_FTPServiceAccounts_RX_Access">false</parameter>
            <parameter key="Apply_FTPServiceAccounts_R_Access">false</parameter>
            <parameter key="IIS_IUSRS_CloudServiceAccount">${winServiceIdentity}</parameter>
            <parameter key="Add_IIS_IUSRSServiceAccounts">false</parameter>
            <parameter key="Administrator_CloudServiceAccount">${winServiceIdentity}</parameter>
            <parameter key="Add_AdministratorServiceAccounts">false</parameter>
            <parameter key="LegacyEnv"></parameter>
            <parameter key="Environment"></parameter>
            <parameter key="Level"></parameter>
            <parameter key="Domain"></parameter>
            <parameter key="fileshare"></parameter>
            <parameter key="serverbindings">[ftp=&quot;*:21:&quot;]</parameter>
        </group>
        <group key="General">
            <parameter key="FTProotFolder">\\${fileshare}.${Domain}\${Level}\${Environment}\ftproot</parameter>
        </group>
        <instance key="DEA">
            <parameter key="winServiceIdentity">DevTest\SVC_DCSCORRES_DE</parameter>
            <parameter key="LegacyEnv">DEA</parameter>
            <parameter key="Environment">DEA</parameter>
            <parameter key="Level">DE</parameter>
            <parameter key="Domain">dcs.devtest.atohdtnet.gov.au</parameter>
            <parameter key="fileshare">fileshareDT</parameter>
        </instance>
        <instance key="DEB">
            <parameter key="winServiceIdentity">DevTest\SVC_DCSCORRES_DE</parameter>
            <parameter key="LegacyEnv">DEB</parameter>
            <parameter key="Environment">DEB</parameter>
            <parameter key="Level">DE</parameter>
            <parameter key="Domain">dcs.devtest.atohdtnet.gov.au</parameter>
            <parameter key="fileshare">fileshareDT</parameter>
        </instance>
        <instance key="DEE">
            <parameter key="winServiceIdentity">DevTest\SVC_DCSCORRES_DE</parameter>
            <parameter key="LegacyEnv">DEE</parameter>
            <parameter key="Environment">DEE</parameter>
            <parameter key="Level">DE</parameter>
            <parameter key="Domain">dcs.devtest.atohdtnet.gov.au</parameter>
            <parameter key="fileshare">fileshareDT</parameter>
        </instance>
        <instance key="DEH">
            <parameter key="winServiceIdentity">DevTest\SVC_DCSCORRES_DE</parameter>
            <parameter key="LegacyEnv">DEH</parameter>
            <parameter key="Environment">DEH</parameter>
            <parameter key="Level">DE</parameter>
            <parameter key="Domain">dcs.devtest.atohdtnet.gov.au</parameter>
            <parameter key="fileshare">fileshareDT</parameter>
        </instance>
        <instance key="DEK">
            <parameter key="winServiceIdentity">DevTest\SVC_DCSCORRES_DE</parameter>
            <parameter key="LegacyEnv">DEVK</parameter>
            <parameter key="Environment">DEVK</parameter>
            <parameter key="Level">DE</parameter>
            <parameter key="Domain">dcs.devtest.atohdtnet.gov.au</parameter>
            <parameter key="fileshare">fileshareDT</parameter>
        </instance>
        <instance key="DEM">
            <parameter key="winServiceIdentity">DevTest\SVC_DCSCORRES_DE</parameter>
            <parameter key="LegacyEnv">DEM</parameter>
            <parameter key="Environment">DEM</parameter>
            <parameter key="Level">DE</parameter>
            <parameter key="Domain">dcs.devtest.atohdtnet.gov.au</parameter>
            <parameter key="fileshare">fileshareDT</parameter>
        </instance>
        <instance key="DEQ">
            <parameter key="winServiceIdentity">DevTest\SVC_DCSCORRES_DE</parameter>
            <parameter key="LegacyEnv">DEVQ</parameter>
            <parameter key="Environment">DEQ</parameter>
            <parameter key="Level">DE</parameter>
            <parameter key="Domain">dcs.devtest.atohdtnet.gov.au</parameter>
            <parameter key="fileshare">fileshareDT</parameter>
        </instance>
        <instance key="DEW">
            <parameter key="winServiceIdentity">DevTest\SVC_DCSCORRES_DE</parameter>
            <parameter key="LegacyEnv">DEVW</parameter>
            <parameter key="Environment">DEW</parameter>
            <parameter key="Level">DE</parameter>
            <parameter key="Domain">dcs.devtest.atohdtnet.gov.au</parameter>
            <parameter key="fileshare">fileshareDT</parameter>
        </instance>
        <instance key="ATA">
            <parameter key="winServiceIdentity">DevTest\SVC_DCSCORRES_AT</parameter>
            <parameter key="LegacyEnv">ATA</parameter>
            <parameter key="Environment">ATA</parameter>
            <parameter key="Level">AT</parameter>
            <parameter key="Domain">dcs.devtest.atohdtnet.gov.au</parameter>
            <parameter key="fileshare">fileshareDT</parameter>
        </instance>
        <instance key="ATB">
            <parameter key="winServiceIdentity">DevTest\SVC_DCSCORRES_AT</parameter>
            <parameter key="LegacyEnv">ATB</parameter>
            <parameter key="Environment">ATB</parameter>
            <parameter key="Level">AT</parameter>
            <parameter key="Domain">dcs.devtest.atohdtnet.gov.au</parameter>
            <parameter key="fileshare">fileshareDT</parameter>
        </instance>
        <instance key="ATG">
            <parameter key="winServiceIdentity">DevTest\SVC_DCSCORRES_AT</parameter>
            <parameter key="LegacyEnv">ATG</parameter>
            <parameter key="Environment">ATG</parameter>
            <parameter key="Level">AT</parameter>
            <parameter key="Domain">dcs.devtest.atohdtnet.gov.au</parameter>
            <parameter key="fileshare">fileshareDT</parameter>
        </instance>
        <instance key="ATH">
            <parameter key="winServiceIdentity">DevTest\SVC_DCSCORRES_AT</parameter>
            <parameter key="LegacyEnv">ATH</parameter>
            <parameter key="Environment">ATH</parameter>
            <parameter key="Level">AT</parameter>
            <parameter key="Domain">dcs.devtest.atohdtnet.gov.au</parameter>
            <parameter key="fileshare">fileshareDT</parameter>
        </instance>
        <instance key="ATJ">
            <parameter key="winServiceIdentity">DevTest\SVC_DCSCORRES_AT</parameter>
            <parameter key="LegacyEnv">ATJ</parameter>
            <parameter key="Environment">ATJ</parameter>
            <parameter key="Level">AT</parameter>
            <parameter key="Domain">dcs.devtest.atohdtnet.gov.au</parameter>
            <parameter key="fileshare">fileshareDT</parameter>
        </instance>
        <instance key="ATL">
            <parameter key="winServiceIdentity">DevTest\SVC_DCSCORRES_AT</parameter>
            <parameter key="LegacyEnv">ATL</parameter>
            <parameter key="Environment">ATL</parameter>
            <parameter key="Level">AT</parameter>
            <parameter key="Domain">dcs.devtest.atohdtnet.gov.au</parameter>
            <parameter key="fileshare">fileshareDT</parameter>
        </instance>
        <instance key="ATM">
            <parameter key="winServiceIdentity">DevTest\SVC_DCSCORRES_AT</parameter>
            <parameter key="LegacyEnv">ATM</parameter>
            <parameter key="Environment">ATM</parameter>
            <parameter key="Level">AT</parameter>
            <parameter key="Domain">dcs.devtest.atohdtnet.gov.au</parameter>
            <parameter key="fileshare">fileshareDT</parameter>
        </instance>
        <instance key="ATN">
            <parameter key="winServiceIdentity">DevTest\SVC_DCSCORRES_AT</parameter>
            <parameter key="LegacyEnv">ATN</parameter>
            <parameter key="Environment">ATN</parameter>
            <parameter key="Level">AT</parameter>
            <parameter key="Domain">dcs.devtest.atohdtnet.gov.au</parameter>
            <parameter key="fileshare">fileshareDT</parameter>
        </instance>
        <instance key="ATQ">
            <parameter key="winServiceIdentity">DevTest\SVC_DCSCORRES_AT</parameter>
            <parameter key="LegacyEnv">ATQ</parameter>
            <parameter key="Environment">ATQ</parameter>
            <parameter key="Level">AT</parameter>
            <parameter key="Domain">dcs.devtest.atohdtnet.gov.au</parameter>
            <parameter key="fileshare">fileshareDT</parameter>
        </instance>
        <instance key="PTA">
            <parameter key="winServiceIdentity">DevTest\SVC_DCSCORRES_PT</parameter>
            <parameter key="LegacyEnv">PTA</parameter>
            <parameter key="Environment">PTA</parameter>
            <parameter key="Level">PT</parameter>
            <parameter key="Domain">dcs.devtest.atohdtnet.gov.au</parameter>
            <parameter key="fileshare">fileshareDT</parameter>
        </instance>
        <instance key="PTB">
            <parameter key="winServiceIdentity">DevTest\SVC_DCSCORRES_PT</parameter>
            <parameter key="LegacyEnv">PTB</parameter>
            <parameter key="Environment">PTB</parameter>
            <parameter key="Level">PT</parameter>
            <parameter key="Domain">dcs.devtest.atohdtnet.gov.au</parameter>
            <parameter key="fileshare">fileshareDT</parameter>
        </instance>
        <instance key="PTE">
            <parameter key="winServiceIdentity">DevTest\SVC_DCSCORRES_PT</parameter>
            <parameter key="LegacyEnv">PTE</parameter>
            <parameter key="Environment">PTE</parameter>
            <parameter key="Level">PT</parameter>
            <parameter key="Domain">dcs.devtest.atohdtnet.gov.au</parameter>
            <parameter key="fileshare">fileshareDT</parameter>
        </instance>
        <instance key="PTF">
            <parameter key="winServiceIdentity">DevTest\SVC_DCSCORRES_PT</parameter>
            <parameter key="LegacyEnv">PTF</parameter>
            <parameter key="Environment">PTF</parameter>
            <parameter key="Level">PT</parameter>
            <parameter key="Domain">dcs.devtest.atohdtnet.gov.au</parameter>
            <parameter key="fileshare">fileshareDT</parameter>
        </instance>
        <instance key="PTG">
            <parameter key="winServiceIdentity">DevTest\SVC_DCSCORRES_PT</parameter>
            <parameter key="LegacyEnv">PTG</parameter>
            <parameter key="Environment">PTG</parameter>
            <parameter key="Level">PT</parameter>
            <parameter key="Domain">dcs.devtest.atohdtnet.gov.au</parameter>
            <parameter key="fileshare">fileshareDT</parameter>
        </instance>
        <instance key="PTH">
            <parameter key="winServiceIdentity">DevTest\SVC_DCSCORRES_PT</parameter>
            <parameter key="LegacyEnv">PTH</parameter>
            <parameter key="Environment">PTH</parameter>
            <parameter key="Level">PT</parameter>
            <parameter key="Domain">dcs.devtest.atohdtnet.gov.au</parameter>
            <parameter key="fileshare">fileshareDT</parameter>
        </instance>
        <instance key="PTI">
            <parameter key="winServiceIdentity">DevTest\SVC_DCSCORRES_PT</parameter>
            <parameter key="LegacyEnv">PTI</parameter>
            <parameter key="Environment">PTI</parameter>
            <parameter key="Level">PT</parameter>
            <parameter key="Domain">dcs.devtest.atohdtnet.gov.au</parameter>
            <parameter key="fileshare">fileshareDT</parameter>
        </instance>
        <instance key="PTJ">
            <parameter key="winServiceIdentity">DevTest\SVC_DCSCORRES_PT</parameter>
            <parameter key="LegacyEnv">PTJ</parameter>
            <parameter key="Environment">PTJ</parameter>
            <parameter key="Level">PT</parameter>
            <parameter key="Domain">dcs.devtest.atohdtnet.gov.au</parameter>
            <parameter key="fileshare">fileshareDT</parameter>
        </instance>
        <instance key="PTK">
            <parameter key="winServiceIdentity">DevTest\SVC_DCSCORRES_PT</parameter>
            <parameter key="LegacyEnv">PTK</parameter>
            <parameter key="Environment">PTK</parameter>
            <parameter key="Level">PT</parameter>
            <parameter key="Domain">dcs.devtest.atohdtnet.gov.au</parameter>
            <parameter key="fileshare">fileshareDT</parameter>
        </instance>
        <instance key="PTM">
            <parameter key="winServiceIdentity">DevTest\SVC_DCSCORRES_PT</parameter>
            <parameter key="LegacyEnv">PTM</parameter>
            <parameter key="Environment">PTM</parameter>
            <parameter key="Level">PT</parameter>
            <parameter key="Domain">dcs.devtest.atohdtnet.gov.au</parameter>
            <parameter key="fileshare">fileshareDT</parameter>
        </instance>
        <instance key="PTQ">
            <parameter key="winServiceIdentity">DevTest\SVC_DCSCORRES_PT</parameter>
            <parameter key="LegacyEnv">PTQ</parameter>
            <parameter key="Environment">PTQ</parameter>
            <parameter key="Level">PT</parameter>
            <parameter key="Domain">dcs.devtest.atohdtnet.gov.au</parameter>
            <parameter key="fileshare">fileshareDT</parameter>
        </instance>
        <instance key="PTR">
            <parameter key="winServiceIdentity">DevTest\SVC_DCSCORRES_PT</parameter>
            <parameter key="LegacyEnv">PTR</parameter>
            <parameter key="Environment">PTR</parameter>
            <parameter key="Level">PT</parameter>
            <parameter key="Domain">dcs.devtest.atohdtnet.gov.au</parameter>
            <parameter key="fileshare">fileshareDT</parameter>
        </instance>
        <instance key="PTW">
            <parameter key="winServiceIdentity">DevTest\SVC_DCSCORRES_PT</parameter>
            <parameter key="LegacyEnv">PTW</parameter>
            <parameter key="Environment">PTW</parameter>
            <parameter key="Level">PT</parameter>
            <parameter key="Domain">dcs.devtest.atohdtnet.gov.au</parameter>
            <parameter key="fileshare">fileshareDT</parameter>
        </instance>
        <instance key="PFB1">
            <parameter key="winServiceIdentity">PREPRODHPPNET\SVC_DCSCORRES_PF</parameter>
            <parameter key="LegacyEnv">PRFB</parameter>
            <parameter key="Environment">PFB</parameter>
            <parameter key="Level">PF</parameter>
            <parameter key="Domain">dcs.preprod.atohppnet.gov.au</parameter>
            <parameter key="fileshare">filesharePP</parameter>
        </instance>
        <instance key="PFB2">
            <parameter key="winServiceIdentity">PREPRODHPPNET\SVC_DCSCORRES_PF</parameter>
            <parameter key="LegacyEnv">PRFB</parameter>
            <parameter key="Environment">PFB</parameter>
            <parameter key="Level">PF</parameter>
            <parameter key="Domain">dcs.preprod.atohppnet.gov.au</parameter>
            <parameter key="fileshare">filesharePP</parameter>
        </instance>
        <instance key="PFB3">
            <parameter key="winServiceIdentity">PREPRODHPPNET\SVC_DCSCORRES_PF</parameter>
            <parameter key="LegacyEnv">PRFB</parameter>
            <parameter key="Environment">PFB</parameter>
            <parameter key="Level">PF</parameter>
            <parameter key="Domain">dcs.preprod.atohppnet.gov.au</parameter>
            <parameter key="fileshare">filesharePP</parameter>
        </instance>
        <instance key="PFE1">
            <parameter key="winServiceIdentity">PREPRODHPPNET\SVC_DCSCORRES_PF</parameter>
            <parameter key="LegacyEnv">PRFE</parameter>
            <parameter key="Environment">PFE</parameter>
            <parameter key="Level">PF</parameter>
            <parameter key="Domain">dcs.preprod.atohppnet.gov.au</parameter>
            <parameter key="fileshare">filesharePP</parameter>
        </instance>
        <instance key="PFE2">
            <parameter key="winServiceIdentity">PREPRODHPPNET\SVC_DCSCORRES_PF</parameter>
            <parameter key="LegacyEnv">PRFE</parameter>
            <parameter key="Environment">PFE</parameter>
            <parameter key="Level">PF</parameter>
            <parameter key="Domain">dcs.preprod.atohppnet.gov.au</parameter>
            <parameter key="fileshare">filesharePP</parameter>
        </instance>
        <instance key="PFE3">
            <parameter key="winServiceIdentity">PREPRODHPPNET\SVC_DCSCORRES_PF</parameter>
            <parameter key="LegacyEnv">PRFE</parameter>
            <parameter key="Environment">PFE</parameter>
            <parameter key="Level">PF</parameter>
            <parameter key="Domain">dcs.preprod.atohppnet.gov.au</parameter>
            <parameter key="fileshare">filesharePP</parameter>
        </instance>
        <instance key="PFG1">
            <parameter key="winServiceIdentity">PREPRODHPPNET\SVC_DCSCORRES_PF</parameter>
            <parameter key="LegacyEnv">PRFG</parameter>
            <parameter key="Environment">PFG</parameter>
            <parameter key="Level">PF</parameter>
            <parameter key="Domain">dcs.preprod.atohppnet.gov.au</parameter>
            <parameter key="fileshare">filesharePP</parameter>
        </instance>
        <instance key="PFG2">
            <parameter key="winServiceIdentity">PREPRODHPPNET\SVC_DCSCORRES_PF</parameter>
            <parameter key="LegacyEnv">PRFG</parameter>
            <parameter key="Environment">PFG</parameter>
            <parameter key="Level">PF</parameter>
            <parameter key="Domain">dcs.preprod.atohppnet.gov.au</parameter>
            <parameter key="fileshare">filesharePP</parameter>
        </instance>
        <instance key="EFX1">
            <parameter key="winServiceIdentity">PREPRODHPPNET\SVC_DCSCORRES_EF</parameter>
            <parameter key="LegacyEnv">EFIX</parameter>
            <parameter key="Environment">EFX</parameter>
            <parameter key="Level">EF</parameter>
            <parameter key="Domain">dcs.preprod.atohppnet.gov.au</parameter>
            <parameter key="fileshare">filesharePP</parameter>
        </instance>
        <instance key="EFX2">
            <parameter key="winServiceIdentity">PREPRODHPPNET\SVC_DCSCORRES_EF</parameter>
            <parameter key="LegacyEnv">EFIX</parameter>
            <parameter key="Environment">EFX</parameter>
            <parameter key="Level">EF</parameter>
            <parameter key="Domain">dcs.preprod.atohppnet.gov.au</parameter>
            <parameter key="fileshare">filesharePP</parameter>
        </instance>
        <instance key="EFX3">
            <parameter key="winServiceIdentity">PREPRODHPPNET\SVC_DCSCORRES_EF</parameter>
            <parameter key="LegacyEnv">EFIX</parameter>
            <parameter key="Environment">EFX</parameter>
            <parameter key="Level">EF</parameter>
            <parameter key="Domain">dcs.preprod.atohppnet.gov.au</parameter>
            <parameter key="fileshare">filesharePP</parameter>
        </instance>
        <instance key="UAB1">
            <parameter key="winServiceIdentity">PREPRODHPPNET\SVC_DCSCORRES_UA</parameter>
            <parameter key="LegacyEnv">UAB</parameter>
            <parameter key="Environment">UAB</parameter>
            <parameter key="Level">UA</parameter>
            <parameter key="Domain">dcs.preprod.atohppnet.gov.au</parameter>
            <parameter key="fileshare">filesharePP</parameter>
        </instance>
        <instance key="UAB2">
            <parameter key="winServiceIdentity">PREPRODHPPNET\SVC_DCSCORRES_UA</parameter>
            <parameter key="LegacyEnv">UAB</parameter>
            <parameter key="Environment">UAB</parameter>
            <parameter key="Level">UA</parameter>
            <parameter key="Domain">dcs.preprod.atohppnet.gov.au</parameter>
            <parameter key="fileshare">filesharePP</parameter>
        </instance>
        <instance key="UAB3">
            <parameter key="winServiceIdentity">PREPRODHPPNET\SVC_DCSCORRES_UA</parameter>
            <parameter key="LegacyEnv">UAB</parameter>
            <parameter key="Environment">UAB</parameter>
            <parameter key="Level">UA</parameter>
            <parameter key="Domain">dcs.preprod.atohppnet.gov.au</parameter>
            <parameter key="fileshare">filesharePP</parameter>
        </instance>
        <instance key="UAI1">
            <parameter key="winServiceIdentity">PREPRODHPPNET\SVC_DCSCORRES_UA</parameter>
            <parameter key="LegacyEnv">UATI</parameter>
            <parameter key="Environment">UAI</parameter>
            <parameter key="Level">UA</parameter>
            <parameter key="Domain">dcs.preprod.atohppnet.gov.au</parameter>
            <parameter key="fileshare">filesharePP</parameter>
        </instance>
        <instance key="UAI2">
            <parameter key="winServiceIdentity">PREPRODHPPNET\SVC_DCSCORRES_UA</parameter>
            <parameter key="LegacyEnv">UATI</parameter>
            <parameter key="Environment">UAI</parameter>
            <parameter key="Level">UA</parameter>
            <parameter key="Domain">dcs.preprod.atohppnet.gov.au</parameter>
            <parameter key="fileshare">filesharePP</parameter>
        </instance>
        <instance key="UAI3">
            <parameter key="winServiceIdentity">PREPRODHPPNET\SVC_DCSCORRES_UA</parameter>
            <parameter key="LegacyEnv">UATI</parameter>
            <parameter key="Environment">UAI</parameter>
            <parameter key="Level">UA</parameter>
            <parameter key="Domain">dcs.preprod.atohppnet.gov.au</parameter>
            <parameter key="fileshare">filesharePP</parameter>
        </instance>
        <instance key="UAK1">
            <parameter key="winServiceIdentity">PREPRODHPPNET\SVC_DCSCORRES_UA</parameter>
            <parameter key="LegacyEnv">UATK</parameter>
            <parameter key="Environment">UAK</parameter>
            <parameter key="Level">UA</parameter>
            <parameter key="Domain">dcs.preprod.atohppnet.gov.au</parameter>
            <parameter key="fileshare">filesharePP</parameter>
        </instance>
        <instance key="UAK2">
            <parameter key="winServiceIdentity">PREPRODHPPNET\SVC_DCSCORRES_UA</parameter>
            <parameter key="LegacyEnv">UATK</parameter>
            <parameter key="Environment">UAK</parameter>
            <parameter key="Level">UA</parameter>
            <parameter key="Domain">dcs.preprod.atohppnet.gov.au</parameter>
            <parameter key="fileshare">filesharePP</parameter>
        </instance>
        <instance key="UAK3">
            <parameter key="winServiceIdentity">PREPRODHPPNET\SVC_DCSCORRES_UA</parameter>
            <parameter key="LegacyEnv">UATK</parameter>
            <parameter key="Environment">UAK</parameter>
            <parameter key="Level">UA</parameter>
            <parameter key="Domain">dcs.preprod.atohppnet.gov.au</parameter>
            <parameter key="fileshare">filesharePP</parameter>
        </instance>
        <instance key="UCC1">
            <parameter key="winServiceIdentity">PREPRODHPPNET\SVC_DCSCORRES_UA</parameter>
            <parameter key="LegacyEnv">UCTC</parameter>
            <parameter key="Environment">UCC</parameter>
            <parameter key="Level">UA</parameter>
            <parameter key="Domain">dcs.preprod.atohppnet.gov.au</parameter>
            <parameter key="fileshare">filesharePP</parameter>
        </instance>
        <instance key="UCC2">
            <parameter key="winServiceIdentity">PREPRODHPPNET\SVC_DCSCORRES_UA</parameter>
            <parameter key="LegacyEnv">UCTC</parameter>
            <parameter key="Environment">UCC</parameter>
            <parameter key="Level">UA</parameter>
            <parameter key="Domain">dcs.preprod.atohppnet.gov.au</parameter>
            <parameter key="fileshare">filesharePP</parameter>
        </instance>
        <instance key="UCC3">
            <parameter key="winServiceIdentity">PREPRODHPPNET\SVC_DCSCORRES_UA</parameter>
            <parameter key="LegacyEnv">UCTC</parameter>
            <parameter key="Environment">UCC</parameter>
            <parameter key="Level">UA</parameter>
            <parameter key="Domain">dcs.preprod.atohppnet.gov.au</parameter>
            <parameter key="fileshare">filesharePP</parameter>
        </instance>
        <instance key="UCD1">
            <parameter key="winServiceIdentity">PREPRODHPPNET\SVC_DCSCORRES_UA</parameter>
            <parameter key="LegacyEnv">UCTD</parameter>
            <parameter key="Environment">UCD</parameter>
            <parameter key="Level">UA</parameter>
            <parameter key="Domain">dcs.preprod.atohppnet.gov.au</parameter>
            <parameter key="fileshare">filesharePP</parameter>
        </instance>
        <instance key="UCD2">
            <parameter key="winServiceIdentity">PREPRODHPPNET\SVC_DCSCORRES_UA</parameter>
            <parameter key="LegacyEnv">UCTD</parameter>
            <parameter key="Environment">UCD</parameter>
            <parameter key="Level">UA</parameter>
            <parameter key="Domain">dcs.preprod.atohppnet.gov.au</parameter>
            <parameter key="fileshare">filesharePP</parameter>
        </instance>
        <instance key="UCD3">
            <parameter key="winServiceIdentity">PREPRODHPPNET\SVC_DCSCORRES_UA</parameter>
            <parameter key="LegacyEnv">UCTD</parameter>
            <parameter key="Environment">UCD</parameter>
            <parameter key="Level">UA</parameter>
            <parameter key="Domain">dcs.preprod.atohppnet.gov.au</parameter>
            <parameter key="fileshare">filesharePP</parameter>
        </instance>
        <instance key="PRD1">
            <parameter key="winServiceIdentity">PRODHNET\SVC_DCSCORRES_PR</parameter>
            <parameter key="Apply_FTPServiceAccounts_F_Access">true</parameter>
            <parameter key="Apply_FTPServiceAccounts_RX_Access">true</parameter>
            <parameter key="Apply_FTPServiceAccounts_R_Access">true</parameter>
            <parameter key="Add_IIS_IUSRSServiceAccounts">true</parameter>
            <parameter key="Add_AdministratorServiceAccounts">true</parameter>
            <parameter key="LegacyEnv">PROD</parameter>
            <parameter key="Environment">PRD</parameter>
            <parameter key="Level">PR</parameter>
            <parameter key="Domain">dcs.prod.atohnet.gov.au</parameter>
            <parameter key="fileshare">filesharePR</parameter>
        </instance>
        <instance key="PRD2">
            <parameter key="winServiceIdentity">PRODHNET\SVC_DCSCORRES_PR</parameter>
            <parameter key="Apply_FTPServiceAccounts_F_Access">true</parameter>
            <parameter key="Apply_FTPServiceAccounts_RX_Access">true</parameter>
            <parameter key="Apply_FTPServiceAccounts_R_Access">true</parameter>
            <parameter key="Add_IIS_IUSRSServiceAccounts">true</parameter>
            <parameter key="Add_AdministratorServiceAccounts">true</parameter>
            <parameter key="LegacyEnv">PROD</parameter>
            <parameter key="Environment">PRD</parameter>
            <parameter key="Level">PR</parameter>
            <parameter key="Domain">dcs.prod.atohnet.gov.au</parameter>
            <parameter key="fileshare">filesharePR</parameter>
        </instance>
        <instance key="PRD3">
            <parameter key="winServiceIdentity">PRODHNET\SVC_DCSCORRES_PR</parameter>
            <parameter key="Apply_FTPServiceAccounts_F_Access">true</parameter>
            <parameter key="Apply_FTPServiceAccounts_RX_Access">true</parameter>
            <parameter key="Apply_FTPServiceAccounts_R_Access">true</parameter>
            <parameter key="Add_IIS_IUSRSServiceAccounts">true</parameter>
            <parameter key="Add_AdministratorServiceAccounts">true</parameter>
            <parameter key="LegacyEnv">PROD</parameter>
            <parameter key="Environment">PRD</parameter>
            <parameter key="Level">PR</parameter>
            <parameter key="Domain">dcs.prod.atohnet.gov.au</parameter>
            <parameter key="fileshare">filesharePR</parameter>
        </instance>
    </environment>
</environments>
