<?xml version="1.0"?>
<configuration>
  <configurationChanges>
    <configurationChange>
      <file>${TargetDir}\Ato.CD.Outbound.CorroGen.DeliveryUpload\Ato.CD.Outbound.CorroGen.DeliveryUpload.exe.config</file>
      <nodeChanges>
        <!-- Logging source -->
        <nodeChange action="update">
          <xpath>/configuration/loggingConfiguration/listeners/add[@name='EventLog']/@source</xpath>
          <value>DeliveryUpload.${InstanceKey}</value>
        </nodeChange>
        <nodeChange action="update">
          <xpath>/configuration/loggingConfiguration/listeners/add[@name='FlatFile']/@fileName</xpath>
          <value>${loggingConfiguration.FlatFile}</value>
        </nodeChange>
        <nodeChange action="update">
          <xpath>/configuration/appSettings/add[@key='TransportationDirectory']/@value</xpath>
          <value>${TargetDir}\${TransportationDirectory}</value>
        </nodeChange>
        <nodeChange action="update">
          <xpath>/configuration/appSettings/add[@key='MaxSendPerPass']/@value</xpath>
          <value>${MaxSendPerPass}</value>
        </nodeChange>
        <nodeChange action="update">
          <xpath>/configuration/appSettings/add[@key='StartSendWindow']/@value</xpath>
          <value>${StartSendWindow}</value>
        </nodeChange>
        <nodeChange action="update">
          <xpath>/configuration/appSettings/add[@key='EndSendWindow']/@value</xpath>
          <value>${EndSendWindow}</value>
        </nodeChange>
        <nodeChange action="update">
          <xpath>/configuration/appSettings/add[@key='TransportAgentThreadMultiplier']/@value</xpath>
          <value>${TransportAgentThreadMultiplier}</value>
        </nodeChange>
        <nodeChange action="update">
          <xpath>/configuration/appSettings/add[@key='ErroneousFileDirectory']/@value</xpath>
          <value>${ErroneousFileDirectory}</value>
        </nodeChange>
        <nodeChange action="update">
          <xpath>/configuration/appSettings/add[@key='PathToControlXmlDirectory']/@value</xpath>
          <value>${PathToControlXmlDirectory}</value>
        </nodeChange>
        <nodeChange action="update">
          <xpath>/configuration/appSettings/add[@key='PathToControlXmlStorageDirectory']/@value</xpath>
          <value>${PathToControlXmlStorageDirectory}</value>
        </nodeChange>
        <nodeChange action="update">
          <xpath>/configuration/appSettings/add[@key='PathToControlXmlErrorDirectory']/@value</xpath>
          <value>${PathToControlXmlErrorDirectory}</value>
        </nodeChange>
        <nodeChange action="update">
          <xpath>/configuration/appSettings/add[@key='PathToPdfDirectory']/@value</xpath>
          <value>${PathToPdfDirectory}</value>
        </nodeChange>
        <nodeChange action="update">
          <xpath>/configuration/appSettings/add[@key='PathToPdfStorageDirectory']/@value</xpath>
          <value>${PathToPdfStorageDirectory}</value>
        </nodeChange>
        <nodeChange action="update">
          <xpath>/configuration/appSettings/add[@key='PathToPdfDeliveryLocationToPrinter']/@value</xpath>
          <value>${PathToPdfDeliveryLocationToPrinter}</value>
        </nodeChange>
        <nodeChange action="update">
          <xpath>/configuration/appSettings/add[@key='ReadyToSendSubDirectoryCount']/@value</xpath>
          <value>${ReadyToSendSubDirectoryCount}</value>
        </nodeChange>
        <!--MQ Config-->
        <nodeChange action="update" runapp="NOT ${MQServer.Channel.Cleanup}">
          <xpath>/configuration/Ato.EN.ApplicationServices.MQ/transports/transport[@name='MQSeries']/@channel</xpath>
          <value>${ChannelName}.SVRCONN</value>
        </nodeChange>
        <nodeChange action="update" runapp="NOT ${MQServer.Channel.Cleanup}">
          <xpath>/configuration/Ato.EN.ApplicationServices.MQ/transports/transport[@name='MQSeries']/@hostName</xpath>
          <value>${MQSeries.hostName}</value>
        </nodeChange>
        <nodeChange action="update" runapp="NOT ${MQServer.Channel.Cleanup}">
          <xpath>/configuration/Ato.EN.ApplicationServices.MQ/transports/transport[@name='MQSeries']/@port</xpath>
          <value>${MQSeries.port}</value>
        </nodeChange>
        <nodeChange action="delete" runapp="${MQServer.Channel.Cleanup}">
          <xpath>/configuration/Ato.EN.ApplicationServices.MQ/transports/transport[@name='MQSeries']</xpath>
          <xmlattribute name="channel" />
        </nodeChange>
        <nodeChange action="delete" runapp="${MQServer.Channel.Cleanup}">
          <xpath>/configuration/Ato.EN.ApplicationServices.MQ/transports/transport[@name='MQSeries']</xpath>
          <xmlattribute name="hostName" />
        </nodeChange>
        <nodeChange action="delete" runapp="${MQServer.Channel.Cleanup}">
          <xpath>/configuration/Ato.EN.ApplicationServices.MQ/transports/transport[@name='MQSeries']</xpath>
          <xmlattribute name="port" />
        </nodeChange>
        <nodeChange action="update" runapp="${MQServer.Channel.Cleanup}">
          <xpath>/configuration/Ato.EN.ApplicationServices.MQ/transports/transport[@name='MQSeries']/@isServerConnection</xpath>
          <value>${MQSeries.isServer}</value>
        </nodeChange>
        <nodeChange action="update">
          <xpath>/configuration/Ato.EN.ApplicationServices.MQ/eaiServices/eaiService[@name='Ato.CD.Outbound.CorroGen.DeliveryUpload']/outwardBound/endpoint/@uri</xpath>
          <value>WMQ://${ReceiveQueueManager}/${SendQueue}</value>
        </nodeChange>
        <nodeChange action="update">
          <xpath>/configuration/Ato.EN.ApplicationServices.MQ/eaiServices/eaiService[@name='Ato.CD.Outbound.CorroGen.DeliveryUpload']/error/endpoint/@uri</xpath>
          <value>WMQ://${ReceiveQueueManager}/${ErrorQueue}</value>
        </nodeChange>
        <nodeChange action="update">
          <xpath>/configuration/Ato.EN.ApplicationServices.MQ/eaiServices/eaiService[@name='LoggingService']/outwardBound/endpoint/@uri</xpath>
          <value>WMQ://${CorroGenDeliveryUploadLoggingManager}/${CorroGenDeliveryUploadLoggingQueue}</value>
        </nodeChange>
        <nodeChange action="update">
          <xpath>/configuration/Ato.EN.ApplicationServices.MQ/eaiServices/eaiService[@name='Staging']/inwardBound/endpoint/@uri</xpath>
          <value>WMQ://${CorroGenDeliveryUploadLoggingManager}/${InwardStagingQueue}</value>
        </nodeChange>
        <nodeChange action="update">
          <xpath>/configuration/Ato.EN.ApplicationServices.MQ/eaiServices/eaiService[@name='Staging']/outwardBound/endpoint/@uri</xpath>
          <value>WMQ://${CorroGenDeliveryUploadLoggingManager}/${OutwardStagingQueue}</value>
        </nodeChange>
        <!--MQ Config-->
        <nodeChange action="update" runapp="NOT ${MQServer.Channel.Cleanup}">
          <xpath>/configuration/Ato.EN.ApplicationServices.MQ/@ccdt</xpath>
          <value>${CCDTSourcePath}\${CCDTFile}</value>
        </nodeChange>
        <nodeChange action="update" runapp="NOT ${MQServer.Channel.Cleanup}">
          <xpath>/configuration/Ato.EN.ApplicationServices.MQ/transports/transport[@name='MQSeries']/@isServerConnection</xpath>
          <value>${MQSeries.isServer}</value>
        </nodeChange>
        <nodeChange action="update" runapp="NOT ${MQServer.Channel.Cleanup}">
          <xpath>/configuration/Ato.EN.ApplicationServices.MQ/transports/transport[@name='MQSeries']/@channel</xpath>
          <value>${ChannelName}.SVRCONN</value>
        </nodeChange>
        <nodeChange action="update" runapp="NOT ${MQServer.Channel.Cleanup}">
          <xpath>/configuration/Ato.EN.ApplicationServices.MQ/transports/transport[@name='MQSeries']/@hostName</xpath>
          <value>${MQSeries.hostName}</value>
        </nodeChange>
        <nodeChange action="update" runapp="NOT ${MQServer.Channel.Cleanup}">
          <xpath>/configuration/Ato.EN.ApplicationServices.MQ/transports/transport[@name='MQSeries']/@port</xpath>
          <value>${MQSeries.port}</value>
        </nodeChange>
        <nodeChange action="delete" runapp="${MQServer.Channel.Cleanup}">
          <xpath>/configuration/Ato.EN.ApplicationServices.MQ</xpath>
          <xmlattribute name="ccdt" />
        </nodeChange>
        <nodeChange action="delete" runapp="${MQServer.Channel.Cleanup}">
          <xpath>/configuration/Ato.EN.ApplicationServices.MQ/transports/transport[@name='MQSeries']</xpath>
          <xmlattribute name="channel" />
        </nodeChange>
        <nodeChange action="delete" runapp="${MQServer.Channel.Cleanup}">
          <xpath>/configuration/Ato.EN.ApplicationServices.MQ/transports/transport[@name='MQSeries']</xpath>
          <xmlattribute name="hostName" />
        </nodeChange>
        <nodeChange action="delete" runapp="${MQServer.Channel.Cleanup}">
          <xpath>/configuration/Ato.EN.ApplicationServices.MQ/transports/transport[@name='MQSeries']</xpath>
          <xmlattribute name="port" />
        </nodeChange>
        <nodeChange action="update" runapp="${MQServer.Channel.Cleanup}">
          <xpath>/configuration/Ato.EN.ApplicationServices.MQ/transports/transport[@name='MQSeries']/@isServerConnection</xpath>
          <value>${MQSeries.isServer}</value>
        </nodeChange>
      </nodeChanges>
    </configurationChange>
  </configurationChanges>
</configuration>