<?xml version="1.0" encoding="utf-8"?>
<configuration>
  <CustomFunctions>
    <First>
      <Function name="Add-DomainUserToLocalGroup">
        <domainUserName>${winServiceIdentity}</domainUserName>
        <localGroup>Administrators</localGroup>
      </Function>
      <Function name="Grant-LogOnAsAservice" domainUserName="${winServiceIdentity}" />
      <Function name="New-Folder" directory="${PathToControlXmlDirectory}" />
      <Function name="New-Folder" directory="${PathToPdfDirectory}" />
    </First>
    <Last>
    </Last>
  </CustomFunctions>
</configuration>