<?xml version="1.0" encoding="utf-8"?>
<!-- ******************************************************* -->
<!-- !!!!! NEVER UPDATE THIS ENVIRONMENT FILE DIRECTLY !!!!! -->
<!--                                                         -->
<!-- ALWAYS use the Excel environment file editor to update  -->
<!-- and then generate the environment file.                 -->
<!-- ******************************************************* -->
<environments applicationName="DeliveryUpload" roleName="DeliveryUpload=WinSvc" securityCode="4860">
    <environment key="Cloud - MyMachine - Default" remoteDeploymentGroupName="" remoteDeploymentServers="">
        <group key="Deployment">
            <parameter key="winServiceIdentity"></parameter>
            <parameter key="LegacyEnv"></parameter>
            <parameter key="Environment"></parameter>
            <parameter key="ServiceInstance"></parameter>
            <parameter key="ReceiveQueueManager"></parameter>
            <parameter key="MQSeries.hostName"></parameter>
            <parameter key="MQSeries.port"></parameter>
            <parameter key="loggingConfiguration.FlatFile">E:\ATOApplication\DeliveryUpload\WinSvc\${InstanceKey}\WinSvcs\Logging\dcs.legacy.deliveryupload.log</parameter>
            <parameter key="domain"></parameter>
            <parameter key="fileshare">\\fileshare${Network}.dcs.${domain}\${Level}</parameter>
            <parameter key="Network"></parameter>
            <parameter key="Level"></parameter>
        </group>
        <group key="Service">
            <parameter key="winServicePassword"></parameter>
        </group>
        <group key="Splitter">
            <parameter key="TransportationDirectory">Transportation</parameter>
            <parameter key="PathToControlXmlDirectory">${fileshare}\${Environment}\ftproot\rmspdf\XML\</parameter>
            <parameter key="PathToControlXmlStorageDirectory">${fileshare}\${Environment}\Legacy\DeliveryUpload\ProcessedControlFiles</parameter>
            <parameter key="PathToControlXmlErrorDirectory">${fileshare}\${Environment}\Legacy\DeliveryUpload\ErroneousControlFiles</parameter>
            <parameter key="PathToPdfDirectory">${fileshare}\${Environment}\ftproot\rmspdf\DOC1PDF\</parameter>
            <parameter key="PathToPdfStorageDirectory">${fileshare}\${Environment}\Legacy\DeliveryUpload\ProcessedPdfRoot</parameter>
            <parameter key="PathToPdfDeliveryLocationToPrinter">${fileshare}\${Environment}\Legacy\DeliveryUpload\RMSPDFsToPrinters</parameter>
            <parameter key="ReadyToSendSubDirectoryCount">10</parameter>
        </group>
        <group key="TransportAgent">
            <parameter key="MaxSendPerPass">100</parameter>
            <parameter key="StartSendWindow">06:00</parameter>
            <parameter key="EndSendWindow">20:00</parameter>
            <parameter key="TransportAgentThreadMultiplier">1</parameter>
            <parameter key="ErroneousFileDirectory">${fileshare}\${Environment}\Legacy\DeliveryUpload\ErroneousXmlFiles</parameter>
            <parameter key="CCDTSourcePath">${InstallDrive}\EAI\CCDT</parameter>
            <parameter key="CCDTFile">${LegacyEnv}.OUT.TAB</parameter>
            <parameter key="ChannelName">OUT.CGS01</parameter>
            <parameter key="MQSeries.isServer">FALSE</parameter>
            <parameter key="MQServer.Channel.Cleanup">FALSE</parameter>
            <parameter key="SendQueue">OUTBOUND.EAI.MANAGEDOC.REQUEST</parameter>
            <parameter key="ErrorQueue">OTB.GENERATECORRESPONDENCE.ERROR</parameter>
        </group>
        <group key="Logging">
            <parameter key="CorroGenDeliveryUploadLoggingManager">${ReceiveQueueManager}</parameter>
            <parameter key="CorroGenDeliveryUploadLoggingQueue">OTB.GENERIC.ERROR</parameter>
            <parameter key="InwardStagingQueue">ATO.STAGING.ERROR.BASE</parameter>
            <parameter key="OutwardStagingQueue">ATO.STAGING.ERROR.BASE</parameter>
            <parameter key="PsiDeploymentStatusEmailAddress">DCRTEnvironments2@ato.gov.au</parameter>
        </group>
        <instance key="DEA">
            <parameter key="winServiceIdentity">DevTest\SVC_DCSCORRES_DE</parameter>
            <parameter key="LegacyEnv">DEA</parameter>
            <parameter key="Environment">DEA</parameter>
            <parameter key="ServiceInstance">${InstanceKey}</parameter>
            <parameter key="ReceiveQueueManager">CGS_1A01</parameter>
            <parameter key="MQSeries.hostName">10.195.108.51</parameter>
            <parameter key="MQSeries.port">1414</parameter>
            <parameter key="domain">devtest.atohdtnet.gov.au</parameter>
            <parameter key="Network">DT</parameter>
            <parameter key="Level">DE</parameter>
        </instance>
        <instance key="DEB">
            <parameter key="winServiceIdentity">DevTest\SVC_DCSCORRES_DE</parameter>
            <parameter key="LegacyEnv">DEB</parameter>
            <parameter key="Environment">DEB</parameter>
            <parameter key="ServiceInstance">${InstanceKey}</parameter>
            <parameter key="ReceiveQueueManager">CGS_1B01</parameter>
            <parameter key="MQSeries.hostName">10.195.104.171</parameter>
            <parameter key="MQSeries.port">1414</parameter>
            <parameter key="domain">devtest.atohdtnet.gov.au</parameter>
            <parameter key="Network">DT</parameter>
            <parameter key="Level">DE</parameter>
        </instance>
        <instance key="DEE">
            <parameter key="winServiceIdentity">DevTest\SVC_DCSCORRES_DE</parameter>
            <parameter key="LegacyEnv">DEE</parameter>
            <parameter key="Environment">DEE</parameter>
            <parameter key="ServiceInstance">${InstanceKey}</parameter>
            <parameter key="ReceiveQueueManager">CGSCD401</parameter>
            <parameter key="MQSeries.hostName">10.49.192.70</parameter>
            <parameter key="MQSeries.port">1416</parameter>
            <parameter key="domain">devtest.atohdtnet.gov.au</parameter>
            <parameter key="Network">DT</parameter>
            <parameter key="Level">DE</parameter>
        </instance>
        <instance key="DEH">
            <parameter key="winServiceIdentity">DevTest\SVC_DCSCORRES_DE</parameter>
            <parameter key="LegacyEnv">DEVH</parameter>
            <parameter key="Environment">DEH</parameter>
            <parameter key="ServiceInstance">${InstanceKey}</parameter>
            <parameter key="ReceiveQueueManager">CGS_1_01</parameter>
            <parameter key="MQSeries.hostName">10.192.57.216</parameter>
            <parameter key="MQSeries.port">1414</parameter>
            <parameter key="domain">devtest.atohdtnet.gov.au</parameter>
            <parameter key="Network">DT</parameter>
            <parameter key="Level">DE</parameter>
        </instance>
        <instance key="DEM">
            <parameter key="winServiceIdentity">DevTest\SVC_DCSCORRES_DE</parameter>
            <parameter key="LegacyEnv">DEM</parameter>
            <parameter key="Environment">DEM</parameter>
            <parameter key="ServiceInstance">${InstanceKey}</parameter>
            <parameter key="ReceiveQueueManager">CGS_1R01</parameter>
            <parameter key="MQSeries.hostName">10.195.104.222</parameter>
            <parameter key="MQSeries.port">1414</parameter>
            <parameter key="domain">devtest.atohdtnet.gov.au</parameter>
            <parameter key="Network">DT</parameter>
            <parameter key="Level">DE</parameter>
        </instance>
        <instance key="DEK">
            <parameter key="winServiceIdentity">DevTest\SVC_DCSCORRES_DE</parameter>
            <parameter key="LegacyEnv">DEVK</parameter>
            <parameter key="Environment">DEK</parameter>
            <parameter key="ServiceInstance">${InstanceKey}</parameter>
            <parameter key="ReceiveQueueManager">CGS_T_01</parameter>
            <parameter key="MQSeries.hostName">10.192.57.216</parameter>
            <parameter key="MQSeries.port">1414</parameter>
            <parameter key="domain">devtest.atohdtnet.gov.au</parameter>
            <parameter key="Network">DT</parameter>
            <parameter key="Level">DE</parameter>
        </instance>
        <instance key="DEQ">
            <parameter key="winServiceIdentity">DevTest\SVC_DCSCORRES_DE</parameter>
            <parameter key="LegacyEnv">DEVQ</parameter>
            <parameter key="Environment">DEQ</parameter>
            <parameter key="ServiceInstance">${InstanceKey}</parameter>
            <parameter key="ReceiveQueueManager">CGS_4_01</parameter>
            <parameter key="MQSeries.hostName">10.192.57.216</parameter>
            <parameter key="MQSeries.port">1414</parameter>
            <parameter key="domain">devtest.atohdtnet.gov.au</parameter>
            <parameter key="Network">DT</parameter>
            <parameter key="Level">DE</parameter>
        </instance>
        <instance key="DEW">
            <parameter key="winServiceIdentity">DevTest\SVC_DCSCORRES_DE</parameter>
            <parameter key="LegacyEnv">DEVW</parameter>
            <parameter key="Environment">DEW</parameter>
            <parameter key="ServiceInstance">${InstanceKey}</parameter>
            <parameter key="ReceiveQueueManager">CGS_1L01</parameter>
            <parameter key="MQSeries.hostName">10.192.57.216</parameter>
            <parameter key="MQSeries.port">1414</parameter>
            <parameter key="domain">devtest.atohdtnet.gov.au</parameter>
            <parameter key="Network">DT</parameter>
            <parameter key="Level">DE</parameter>
        </instance>
        <instance key="ATA">
            <parameter key="winServiceIdentity">DevTest\SVC_DCSCORRES_AT</parameter>
            <parameter key="LegacyEnv">ATA</parameter>
            <parameter key="Environment">ATA</parameter>
            <parameter key="ServiceInstance">${InstanceKey}</parameter>
            <parameter key="ReceiveQueueManager">CGS_2B01</parameter>
            <parameter key="MQSeries.hostName">10.195.104.55</parameter>
            <parameter key="MQSeries.port">1414</parameter>
            <parameter key="domain">devtest.atohdtnet.gov.au</parameter>
            <parameter key="Network">DT</parameter>
            <parameter key="Level">AT</parameter>
        </instance>
        <instance key="ATB">
            <parameter key="winServiceIdentity">DevTest\SVC_DCSCORRES_AT</parameter>
            <parameter key="LegacyEnv">ATB</parameter>
            <parameter key="Environment">ATB</parameter>
            <parameter key="ServiceInstance">${InstanceKey}</parameter>
            <parameter key="ReceiveQueueManager">CGS_2A01</parameter>
            <parameter key="MQSeries.hostName">10.195.104.196</parameter>
            <parameter key="MQSeries.port">1414</parameter>
            <parameter key="domain">devtest.atohdtnet.gov.au</parameter>
            <parameter key="Network">DT</parameter>
            <parameter key="Level">AT</parameter>
        </instance>
        <instance key="ATG">
            <parameter key="winServiceIdentity">DevTest\SVC_DCSCORRES_AT</parameter>
            <parameter key="LegacyEnv">ATG</parameter>
            <parameter key="Environment">ATG</parameter>
            <parameter key="ServiceInstance">${InstanceKey}</parameter>
            <parameter key="ReceiveQueueManager">CGS_2N01</parameter>
            <parameter key="MQSeries.hostName">10.192.46.36</parameter>
            <parameter key="MQSeries.port">1417</parameter>
            <parameter key="domain">devtest.atohdtnet.gov.au</parameter>
            <parameter key="Network">DT</parameter>
            <parameter key="Level">AT</parameter>
        </instance>
        <instance key="ATH">
            <parameter key="winServiceIdentity">DevTest\SVC_DCSCORRES_AT</parameter>
            <parameter key="LegacyEnv">ATH</parameter>
            <parameter key="Environment">ATH</parameter>
            <parameter key="ServiceInstance">${InstanceKey}</parameter>
            <parameter key="ReceiveQueueManager">CGS_E_01</parameter>
            <parameter key="MQSeries.hostName">10.195.104.196</parameter>
            <parameter key="MQSeries.port">1414</parameter>
            <parameter key="domain">devtest.atohdtnet.gov.au</parameter>
            <parameter key="Network">DT</parameter>
            <parameter key="Level">AT</parameter>
        </instance>
        <instance key="ATJ">
            <parameter key="winServiceIdentity">DevTest\SVC_DCSCORRES_AT</parameter>
            <parameter key="LegacyEnv">ATJ</parameter>
            <parameter key="Environment">ATJ</parameter>
            <parameter key="ServiceInstance">${InstanceKey}</parameter>
            <parameter key="ReceiveQueueManager">CGS_3_01</parameter>
            <parameter key="MQSeries.hostName">10.195.104.196</parameter>
            <parameter key="MQSeries.port">1414</parameter>
            <parameter key="domain">devtest.atohdtnet.gov.au</parameter>
            <parameter key="Network">DT</parameter>
            <parameter key="Level">AT</parameter>
        </instance>
        <instance key="ATL">
            <parameter key="winServiceIdentity">DevTest\SVC_DCSCORRES_AT</parameter>
            <parameter key="LegacyEnv">ATL</parameter>
            <parameter key="Environment">ATL</parameter>
            <parameter key="ServiceInstance">${InstanceKey}</parameter>
            <parameter key="ReceiveQueueManager">CGS_I_01</parameter>
            <parameter key="MQSeries.hostName">10.192.46.36</parameter>
            <parameter key="MQSeries.port">1414</parameter>
            <parameter key="domain">devtest.atohdtnet.gov.au</parameter>
            <parameter key="Network">DT</parameter>
            <parameter key="Level">AT</parameter>
        </instance>
        <instance key="ATM">
            <parameter key="winServiceIdentity">DevTest\SVC_DCSCORRES_AT</parameter>
            <parameter key="LegacyEnv">ATM</parameter>
            <parameter key="Environment">ATM</parameter>
            <parameter key="ServiceInstance">${InstanceKey}</parameter>
            <parameter key="ReceiveQueueManager">CGS_2_01</parameter>
            <parameter key="MQSeries.hostName">10.195.104.252</parameter>
            <parameter key="MQSeries.port">1414</parameter>
            <parameter key="domain">devtest.atohdtnet.gov.au</parameter>
            <parameter key="Network">DT</parameter>
            <parameter key="Level">AT</parameter>
        </instance>
        <instance key="ATN">
            <parameter key="winServiceIdentity">DevTest\SVC_DCSCORRES_AT</parameter>
            <parameter key="LegacyEnv">ATN</parameter>
            <parameter key="Environment">ATN</parameter>
            <parameter key="ServiceInstance">${InstanceKey}</parameter>
            <parameter key="ReceiveQueueManager">CGS_K_01</parameter>
            <parameter key="MQSeries.hostName">10.192.46.36</parameter>
            <parameter key="MQSeries.port">1415</parameter>
            <parameter key="domain">devtest.atohdtnet.gov.au</parameter>
            <parameter key="Network">DT</parameter>
            <parameter key="Level">AT</parameter>
        </instance>
        <instance key="ATQ">
            <parameter key="winServiceIdentity">DevTest\SVC_DCSCORRES_AT</parameter>
            <parameter key="LegacyEnv">ATQ</parameter>
            <parameter key="Environment">ATQ</parameter>
            <parameter key="ServiceInstance">${InstanceKey}</parameter>
            <parameter key="ReceiveQueueManager">CGSCA401</parameter>
            <parameter key="MQSeries.hostName">10.49.192.65</parameter>
            <parameter key="MQSeries.port">1416</parameter>
            <parameter key="domain">devtest.atohdtnet.gov.au</parameter>
            <parameter key="Network">DT</parameter>
            <parameter key="Level">AT</parameter>
        </instance>
        <instance key="PTA">
            <parameter key="winServiceIdentity">DevTest\SVC_DCSCORRES_PT</parameter>
            <parameter key="LegacyEnv">PTA</parameter>
            <parameter key="Environment">PTA</parameter>
            <parameter key="ServiceInstance">${InstanceKey}</parameter>
            <parameter key="ReceiveQueueManager">CGS_3C01</parameter>
            <parameter key="MQSeries.hostName">10.195.112.35</parameter>
            <parameter key="MQSeries.port">1414</parameter>
            <parameter key="domain">devtest.atohdtnet.gov.au</parameter>
            <parameter key="Network">DT</parameter>
            <parameter key="Level">PT</parameter>
        </instance>
        <instance key="PTB">
            <parameter key="winServiceIdentity">DevTest\SVC_DCSCORRES_PT</parameter>
            <parameter key="LegacyEnv">PTB</parameter>
            <parameter key="Environment">PTB</parameter>
            <parameter key="ServiceInstance">${InstanceKey}</parameter>
            <parameter key="ReceiveQueueManager">CGS_3G01</parameter>
            <parameter key="MQSeries.hostName">10.195.112.90</parameter>
            <parameter key="MQSeries.port">1414</parameter>
            <parameter key="domain">devtest.atohdtnet.gov.au</parameter>
            <parameter key="Network">DT</parameter>
            <parameter key="Level">PT</parameter>
        </instance>
        <instance key="PTE">
            <parameter key="winServiceIdentity">DevTest\SVC_DCSCORRES_PT</parameter>
            <parameter key="LegacyEnv">PTE</parameter>
            <parameter key="Environment">PTE</parameter>
            <parameter key="ServiceInstance">${InstanceKey}</parameter>
            <parameter key="ReceiveQueueManager">CGS_3F01</parameter>
            <parameter key="MQSeries.hostName">10.7.12.95</parameter>
            <parameter key="MQSeries.port">1415</parameter>
            <parameter key="domain">devtest.atohdtnet.gov.au</parameter>
            <parameter key="Network">DT</parameter>
            <parameter key="Level">PT</parameter>
        </instance>
        <instance key="PTG">
            <parameter key="winServiceIdentity">DevTest\SVC_DCSCORRES_PT</parameter>
            <parameter key="LegacyEnv">PTG</parameter>
            <parameter key="Environment">PTG</parameter>
            <parameter key="ServiceInstance">${InstanceKey}</parameter>
            <parameter key="ReceiveQueueManager">CGS_C_01</parameter>
            <parameter key="MQSeries.hostName">10.7.12.95</parameter>
            <parameter key="MQSeries.port">1415</parameter>
            <parameter key="domain">devtest.atohdtnet.gov.au</parameter>
            <parameter key="Network">DT</parameter>
            <parameter key="Level">PT</parameter>
        </instance>
        <instance key="PTH">
            <parameter key="winServiceIdentity">DevTest\SVC_DCSCORRES_PT</parameter>
            <parameter key="LegacyEnv">PTH</parameter>
            <parameter key="Environment">PTH</parameter>
            <parameter key="ServiceInstance">${InstanceKey}</parameter>
            <parameter key="ReceiveQueueManager">CGS_Q_01</parameter>
            <parameter key="MQSeries.hostName">10.7.12.95</parameter>
            <parameter key="MQSeries.port">1417</parameter>
            <parameter key="domain">devtest.atohdtnet.gov.au</parameter>
            <parameter key="Network">DT</parameter>
            <parameter key="Level">PT</parameter>
        </instance>
        <instance key="PTI">
            <parameter key="winServiceIdentity">DevTest\SVC_DCSCORRES_PT</parameter>
            <parameter key="LegacyEnv">PTI</parameter>
            <parameter key="Environment">PTI</parameter>
            <parameter key="ServiceInstance">${InstanceKey}</parameter>
            <parameter key="ReceiveQueueManager">CGS_G_01</parameter>
            <parameter key="MQSeries.hostName">10.7.12.95</parameter>
            <parameter key="MQSeries.port">1417</parameter>
            <parameter key="domain">devtest.atohdtnet.gov.au</parameter>
            <parameter key="Network">DT</parameter>
            <parameter key="Level">PT</parameter>
        </instance>
        <instance key="PTJ">
            <parameter key="winServiceIdentity">DevTest\SVC_DCSCORRES_PT</parameter>
            <parameter key="LegacyEnv">PTJ</parameter>
            <parameter key="Environment">PTJ</parameter>
            <parameter key="ServiceInstance">${InstanceKey}</parameter>
            <parameter key="ReceiveQueueManager">CGS_3L01</parameter>
            <parameter key="MQSeries.hostName">10.7.12.95</parameter>
            <parameter key="MQSeries.port">1417</parameter>
            <parameter key="domain">devtest.atohdtnet.gov.au</parameter>
            <parameter key="Network">DT</parameter>
            <parameter key="Level">PT</parameter>
        </instance>
        <instance key="PTK">
            <parameter key="winServiceIdentity">DevTest\SVC_DCSCORRES_PT</parameter>
            <parameter key="LegacyEnv">PTK</parameter>
            <parameter key="Environment">PTK</parameter>
            <parameter key="ServiceInstance">${InstanceKey}</parameter>
            <parameter key="ReceiveQueueManager">CGS_3K01</parameter>
            <parameter key="MQSeries.hostName">10.7.12.95</parameter>
            <parameter key="MQSeries.port">1417</parameter>
            <parameter key="domain">devtest.atohdtnet.gov.au</parameter>
            <parameter key="Network">DT</parameter>
            <parameter key="Level">PT</parameter>
        </instance>
        <instance key="PTM">
            <parameter key="winServiceIdentity">DevTest\SVC_DCSCORRES_PT</parameter>
            <parameter key="LegacyEnv">PTM</parameter>
            <parameter key="Environment">PTM</parameter>
            <parameter key="ServiceInstance">${InstanceKey}</parameter>
            <parameter key="ReceiveQueueManager">CGS_3N01</parameter>
            <parameter key="MQSeries.hostName">10.195.112.117</parameter>
            <parameter key="MQSeries.port">1414</parameter>
            <parameter key="domain">devtest.atohdtnet.gov.au</parameter>
            <parameter key="Network">DT</parameter>
            <parameter key="Level">PT</parameter>
        </instance>
        <instance key="PTQ">
            <parameter key="winServiceIdentity">DevTest\SVC_DCSCORRES_PT</parameter>
            <parameter key="LegacyEnv">PTQ</parameter>
            <parameter key="Environment">PTQ</parameter>
            <parameter key="ServiceInstance">${InstanceKey}</parameter>
            <parameter key="ReceiveQueueManager">CGSCT401</parameter>
            <parameter key="MQSeries.hostName">10.49.192.73</parameter>
            <parameter key="MQSeries.port">1416</parameter>
            <parameter key="domain">devtest.atohdtnet.gov.au</parameter>
            <parameter key="Network">DT</parameter>
            <parameter key="Level">PT</parameter>
        </instance>
        <instance key="PTR">
            <parameter key="winServiceIdentity">DevTest\SVC_DCSCORRES_PT</parameter>
            <parameter key="LegacyEnv">PTR</parameter>
            <parameter key="Environment">PTR</parameter>
            <parameter key="ServiceInstance">${InstanceKey}</parameter>
            <parameter key="ReceiveQueueManager">CGS_3A01</parameter>
            <parameter key="MQSeries.hostName">10.192.16.50</parameter>
            <parameter key="MQSeries.port">1414</parameter>
            <parameter key="domain">devtest.atohdtnet.gov.au</parameter>
            <parameter key="Network">DT</parameter>
            <parameter key="Level">PT</parameter>
        </instance>
        <instance key="PTW">
            <parameter key="winServiceIdentity">DevTest\SVC_DCSCORRES_PT</parameter>
            <parameter key="LegacyEnv">PTW</parameter>
            <parameter key="Environment">PTW</parameter>
            <parameter key="ServiceInstance">${InstanceKey}</parameter>
            <parameter key="ReceiveQueueManager">CGS_3I01</parameter>
            <parameter key="MQSeries.hostName">10.192.71.69</parameter>
            <parameter key="MQSeries.port">1417</parameter>
            <parameter key="domain">devtest.atohdtnet.gov.au</parameter>
            <parameter key="Network">DT</parameter>
            <parameter key="Level">PT</parameter>
        </instance>
        <instance key="PFB1">
            <parameter key="winServiceIdentity">PREPRODHPPNET\SVC_DCSCORRES_PF</parameter>
            <parameter key="LegacyEnv">PRFB</parameter>
            <parameter key="Environment">PFB</parameter>
            <parameter key="ServiceInstance">${InstanceKey}</parameter>
            <parameter key="ReceiveQueueManager">CGSCW_01</parameter>
            <parameter key="MQSeries.hostName">10.10.161.41</parameter>
            <parameter key="MQSeries.port">1414</parameter>
            <parameter key="domain">preprod.atohppnet.gov.au</parameter>
            <parameter key="Network">PP</parameter>
            <parameter key="Level">PF</parameter>
            <parameter key="CCDTFile">${LegacyEnv}.C.OUT.TAB</parameter>
        </instance>
        <instance key="PFB2">
            <parameter key="winServiceIdentity">PREPRODHPPNET\SVC_DCSCORRES_PF</parameter>
            <parameter key="LegacyEnv">PRFB</parameter>
            <parameter key="Environment">PFB</parameter>
            <parameter key="ServiceInstance">${InstanceKey}</parameter>
            <parameter key="ReceiveQueueManager">CGSCW_02</parameter>
            <parameter key="MQSeries.hostName">10.10.161.41</parameter>
            <parameter key="MQSeries.port">1414</parameter>
            <parameter key="domain">preprod.atohppnet.gov.au</parameter>
            <parameter key="Network">PP</parameter>
            <parameter key="Level">PF</parameter>
            <parameter key="CCDTFile">${LegacyEnv}.C.OUT.TAB</parameter>
        </instance>
        <instance key="PFB3">
            <parameter key="winServiceIdentity">PREPRODHPPNET\SVC_DCSCORRES_PF</parameter>
            <parameter key="LegacyEnv">PRFB</parameter>
            <parameter key="Environment">PFB</parameter>
            <parameter key="ServiceInstance">${InstanceKey}</parameter>
            <parameter key="ReceiveQueueManager">CGSCW_03</parameter>
            <parameter key="MQSeries.hostName">10.10.161.41</parameter>
            <parameter key="MQSeries.port">1414</parameter>
            <parameter key="domain">preprod.atohppnet.gov.au</parameter>
            <parameter key="Network">PP</parameter>
            <parameter key="Level">PF</parameter>
            <parameter key="CCDTFile">${LegacyEnv}.C.OUT.TAB</parameter>
        </instance>
        <instance key="PFE1">
            <parameter key="winServiceIdentity">PREPRODHPPNET\SVC_DCSCORRES_PF</parameter>
            <parameter key="LegacyEnv">PRFE</parameter>
            <parameter key="Environment">PFE</parameter>
            <parameter key="ServiceInstance">${InstanceKey}</parameter>
            <parameter key="ReceiveQueueManager">CGSCU_01</parameter>
            <parameter key="MQSeries.hostName">10.196.104.135</parameter>
            <parameter key="MQSeries.port">1415</parameter>
            <parameter key="domain">preprod.atohppnet.gov.au</parameter>
            <parameter key="Network">PP</parameter>
            <parameter key="Level">PF</parameter>
            <parameter key="CCDTFile">${LegacyEnv}.C.OUT.TAB</parameter>
        </instance>
        <instance key="PFE2">
            <parameter key="winServiceIdentity">PREPRODHPPNET\SVC_DCSCORRES_PF</parameter>
            <parameter key="LegacyEnv">PRFE</parameter>
            <parameter key="Environment">PFE</parameter>
            <parameter key="ServiceInstance">${InstanceKey}</parameter>
            <parameter key="ReceiveQueueManager">CGSCU_02</parameter>
            <parameter key="MQSeries.hostName">10.196.104.215</parameter>
            <parameter key="MQSeries.port">1415</parameter>
            <parameter key="domain">preprod.atohppnet.gov.au</parameter>
            <parameter key="Network">PP</parameter>
            <parameter key="Level">PF</parameter>
            <parameter key="CCDTFile">${LegacyEnv}.C.OUT.TAB</parameter>
        </instance>
        <instance key="PFE3">
            <parameter key="winServiceIdentity">PREPRODHPPNET\SVC_DCSCORRES_PF</parameter>
            <parameter key="LegacyEnv">PRFE</parameter>
            <parameter key="Environment">PFE</parameter>
            <parameter key="ServiceInstance">${InstanceKey}</parameter>
            <parameter key="ReceiveQueueManager">CGSCU_03</parameter>
            <parameter key="MQSeries.hostName">10.196.110.21</parameter>
            <parameter key="MQSeries.port">1415</parameter>
            <parameter key="domain">preprod.atohppnet.gov.au</parameter>
            <parameter key="Network">PP</parameter>
            <parameter key="Level">PF</parameter>
            <parameter key="CCDTFile">${LegacyEnv}.C.OUT.TAB</parameter>
        </instance>
        <instance key="PFG1">
            <parameter key="winServiceIdentity">PREPRODHPPNET\SVC_DCSCORRES_PF</parameter>
            <parameter key="LegacyEnv">PRFG</parameter>
            <parameter key="Environment">PFG</parameter>
            <parameter key="ServiceInstance">${InstanceKey}</parameter>
            <parameter key="ReceiveQueueManager">CGS_S_01</parameter>
            <parameter key="MQSeries.hostName">10.10.160.203</parameter>
            <parameter key="MQSeries.port">1414</parameter>
            <parameter key="domain">preprod.atohppnet.gov.au</parameter>
            <parameter key="Network">PP</parameter>
            <parameter key="Level">PF</parameter>
            <parameter key="CCDTFile">${LegacyEnv}.C.OUT.TAB</parameter>
        </instance>
        <instance key="PFG2">
            <parameter key="winServiceIdentity">PREPRODHPPNET\SVC_DCSCORRES_PF</parameter>
            <parameter key="LegacyEnv">PRFG</parameter>
            <parameter key="Environment">PFG</parameter>
            <parameter key="ServiceInstance">${InstanceKey}</parameter>
            <parameter key="ReceiveQueueManager">CGS_S_01</parameter>
            <parameter key="MQSeries.hostName">10.10.160.203</parameter>
            <parameter key="MQSeries.port">1414</parameter>
            <parameter key="domain">preprod.atohppnet.gov.au</parameter>
            <parameter key="Network">PP</parameter>
            <parameter key="Level">PF</parameter>
            <parameter key="CCDTFile">${LegacyEnv}.C.OUT.TAB</parameter>
        </instance>
        <instance key="PFG3">
            <parameter key="winServiceIdentity">PREPRODHPPNET\SVC_DCSCORRES_PF</parameter>
            <parameter key="LegacyEnv">PRFG</parameter>
            <parameter key="Environment">PFG</parameter>
            <parameter key="ServiceInstance">${InstanceKey}</parameter>
            <parameter key="ReceiveQueueManager">CGS_S_02</parameter>
            <parameter key="MQSeries.hostName">10.10.160.203</parameter>
            <parameter key="MQSeries.port">1414</parameter>
            <parameter key="domain">preprod.atohppnet.gov.au</parameter>
            <parameter key="Network">PP</parameter>
            <parameter key="Level">PF</parameter>
            <parameter key="CCDTFile">${LegacyEnv}.C.OUT.TAB</parameter>
        </instance>
        <instance key="EFX1">
            <parameter key="winServiceIdentity">PREPRODHPPNET\SVC_DCSCORRES_EF</parameter>
            <parameter key="LegacyEnv">EFIX</parameter>
            <parameter key="Environment">EFX</parameter>
            <parameter key="ServiceInstance">${InstanceKey}</parameter>
            <parameter key="ReceiveQueueManager">CGS_X_01</parameter>
            <parameter key="MQSeries.hostName">10.6.156.201</parameter>
            <parameter key="MQSeries.port">1415</parameter>
            <parameter key="domain">preprod.atohppnet.gov.au</parameter>
            <parameter key="Network">PP</parameter>
            <parameter key="Level">EF</parameter>
        </instance>
        <instance key="EFX2">
            <parameter key="winServiceIdentity">PREPRODHPPNET\SVC_DCSCORRES_EF</parameter>
            <parameter key="LegacyEnv">EFIX</parameter>
            <parameter key="Environment">EFX</parameter>
            <parameter key="ServiceInstance">${InstanceKey}</parameter>
            <parameter key="ReceiveQueueManager">CGS_X_01</parameter>
            <parameter key="MQSeries.hostName">10.6.156.202</parameter>
            <parameter key="MQSeries.port">1415</parameter>
            <parameter key="domain">preprod.atohppnet.gov.au</parameter>
            <parameter key="Network">PP</parameter>
            <parameter key="Level">EF</parameter>
        </instance>
        <instance key="EFX3">
            <parameter key="winServiceIdentity">PREPRODHPPNET\SVC_DCSCORRES_EF</parameter>
            <parameter key="LegacyEnv">EFIX</parameter>
            <parameter key="Environment">EFX</parameter>
            <parameter key="ServiceInstance">${InstanceKey}</parameter>
            <parameter key="ReceiveQueueManager">CGS_X_01</parameter>
            <parameter key="MQSeries.hostName">10.6.156.202</parameter>
            <parameter key="MQSeries.port">1415</parameter>
            <parameter key="domain">preprod.atohppnet.gov.au</parameter>
            <parameter key="Network">PP</parameter>
            <parameter key="Level">EF</parameter>
        </instance>
        <instance key="UAK1">
            <parameter key="winServiceIdentity">PREPRODHPPNET\SVC_DCSCORRES_UA</parameter>
            <parameter key="LegacyEnv">UATK</parameter>
            <parameter key="Environment">UAK</parameter>
            <parameter key="ServiceInstance">${InstanceKey}</parameter>
            <parameter key="ReceiveQueueManager">CGS_9_01</parameter>
            <parameter key="MQSeries.hostName">10.6.136.49</parameter>
            <parameter key="MQSeries.port">1414</parameter>
            <parameter key="domain">preprod.atohppnet.gov.au</parameter>
            <parameter key="Network">PP</parameter>
            <parameter key="Level">UA</parameter>
        </instance>
        <instance key="UAK2">
            <parameter key="winServiceIdentity">PREPRODHPPNET\SVC_DCSCORRES_UA</parameter>
            <parameter key="LegacyEnv">UATK</parameter>
            <parameter key="Environment">UAK</parameter>
            <parameter key="ServiceInstance">${InstanceKey}</parameter>
            <parameter key="ReceiveQueueManager">CGS_9_01</parameter>
            <parameter key="MQSeries.hostName">10.6.136.49</parameter>
            <parameter key="MQSeries.port">1414</parameter>
            <parameter key="domain">preprod.atohppnet.gov.au</parameter>
            <parameter key="Network">PP</parameter>
            <parameter key="Level">UA</parameter>
        </instance>
        <instance key="UAK3">
            <parameter key="winServiceIdentity">PREPRODHPPNET\SVC_DCSCORRES_UA</parameter>
            <parameter key="LegacyEnv">UATK</parameter>
            <parameter key="Environment">UAK</parameter>
            <parameter key="ServiceInstance">${InstanceKey}</parameter>
            <parameter key="ReceiveQueueManager">CGS_9_01</parameter>
            <parameter key="MQSeries.hostName">10.6.136.49</parameter>
            <parameter key="MQSeries.port">1414</parameter>
            <parameter key="domain">preprod.atohppnet.gov.au</parameter>
            <parameter key="Network">PP</parameter>
            <parameter key="Level">UA</parameter>
        </instance>
        <instance key="UCC1">
            <parameter key="winServiceIdentity">PREPRODHPPNET\SVC_DCSCORRES_UA</parameter>
            <parameter key="LegacyEnv">UCTC</parameter>
            <parameter key="Environment">UCC</parameter>
            <parameter key="ServiceInstance">${InstanceKey}</parameter>
            <parameter key="ReceiveQueueManager">CGS_B_01</parameter>
            <parameter key="MQSeries.hostName">10.6.156.201</parameter>
            <parameter key="MQSeries.port">1414</parameter>
            <parameter key="domain">preprod.atohppnet.gov.au</parameter>
            <parameter key="Network">PP</parameter>
            <parameter key="Level">UA</parameter>
        </instance>
        <instance key="UCC2">
            <parameter key="winServiceIdentity">PREPRODHPPNET\SVC_DCSCORRES_UA</parameter>
            <parameter key="LegacyEnv">UCTC</parameter>
            <parameter key="Environment">UCC</parameter>
            <parameter key="ServiceInstance">${InstanceKey}</parameter>
            <parameter key="ReceiveQueueManager">CGS_B_01</parameter>
            <parameter key="MQSeries.hostName">10.6.156.201</parameter>
            <parameter key="MQSeries.port">1414</parameter>
            <parameter key="domain">preprod.atohppnet.gov.au</parameter>
            <parameter key="Network">PP</parameter>
            <parameter key="Level">UA</parameter>
        </instance>
        <instance key="UCC3">
            <parameter key="winServiceIdentity">PREPRODHPPNET\SVC_DCSCORRES_UA</parameter>
            <parameter key="LegacyEnv">UCTC</parameter>
            <parameter key="Environment">UCC</parameter>
            <parameter key="ServiceInstance">${InstanceKey}</parameter>
            <parameter key="ReceiveQueueManager">CGS_B_01</parameter>
            <parameter key="MQSeries.hostName">10.6.156.201</parameter>
            <parameter key="MQSeries.port">1414</parameter>
            <parameter key="domain">preprod.atohppnet.gov.au</parameter>
            <parameter key="Network">PP</parameter>
            <parameter key="Level">UA</parameter>
        </instance>
        <instance key="UCD1">
            <parameter key="winServiceIdentity">PREPRODHPPNET\SVC_DCSCORRES_UA</parameter>
            <parameter key="LegacyEnv">UCTD</parameter>
            <parameter key="Environment">UCD</parameter>
            <parameter key="ServiceInstance">${InstanceKey}</parameter>
            <parameter key="ReceiveQueueManager">CGS_R_01</parameter>
            <parameter key="MQSeries.hostName">10.6.156.201</parameter>
            <parameter key="MQSeries.port">1414</parameter>
            <parameter key="domain">preprod.atohppnet.gov.au</parameter>
            <parameter key="Network">PP</parameter>
            <parameter key="Level">UA</parameter>
        </instance>
        <instance key="UCD2">
            <parameter key="winServiceIdentity">PREPRODHPPNET\SVC_DCSCORRES_UA</parameter>
            <parameter key="LegacyEnv">UCTD</parameter>
            <parameter key="Environment">UCD</parameter>
            <parameter key="ServiceInstance">${InstanceKey}</parameter>
            <parameter key="ReceiveQueueManager">CGS_R_01</parameter>
            <parameter key="MQSeries.hostName">10.6.156.201</parameter>
            <parameter key="MQSeries.port">1414</parameter>
            <parameter key="domain">preprod.atohppnet.gov.au</parameter>
            <parameter key="Network">PP</parameter>
            <parameter key="Level">UA</parameter>
        </instance>
        <instance key="UCD3">
            <parameter key="winServiceIdentity">PREPRODHPPNET\SVC_DCSCORRES_UA</parameter>
            <parameter key="LegacyEnv">UCTD</parameter>
            <parameter key="Environment">UCD</parameter>
            <parameter key="ServiceInstance">${InstanceKey}</parameter>
            <parameter key="ReceiveQueueManager">CGS_R_01</parameter>
            <parameter key="MQSeries.hostName">10.6.156.201</parameter>
            <parameter key="MQSeries.port">1414</parameter>
            <parameter key="domain">preprod.atohppnet.gov.au</parameter>
            <parameter key="Network">PP</parameter>
            <parameter key="Level">UA</parameter>
        </instance>
        <instance key="UAI1">
            <parameter key="winServiceIdentity">PREPRODHPPNET\SVC_DCSCORRES_UA</parameter>
            <parameter key="LegacyEnv">UATI</parameter>
            <parameter key="Environment">UAI</parameter>
            <parameter key="ServiceInstance">${InstanceKey}</parameter>
            <parameter key="ReceiveQueueManager">CGS_8_01</parameter>
            <parameter key="MQSeries.hostName">10.6.156.227</parameter>
            <parameter key="MQSeries.port">1414</parameter>
            <parameter key="domain">preprod.atohppnet.gov.au</parameter>
            <parameter key="Network">PP</parameter>
            <parameter key="Level">UA</parameter>
        </instance>
        <instance key="UAI2">
            <parameter key="winServiceIdentity">PREPRODHPPNET\SVC_DCSCORRES_UA</parameter>
            <parameter key="LegacyEnv">UATI</parameter>
            <parameter key="Environment">UAI</parameter>
            <parameter key="ServiceInstance">${InstanceKey}</parameter>
            <parameter key="ReceiveQueueManager">CGS_8_01</parameter>
            <parameter key="MQSeries.hostName">10.6.156.227</parameter>
            <parameter key="MQSeries.port">1414</parameter>
            <parameter key="domain">preprod.atohppnet.gov.au</parameter>
            <parameter key="Network">PP</parameter>
            <parameter key="Level">UA</parameter>
        </instance>
        <instance key="UAI3">
            <parameter key="winServiceIdentity">PREPRODHPPNET\SVC_DCSCORRES_UA</parameter>
            <parameter key="LegacyEnv">UATI</parameter>
            <parameter key="Environment">UAI</parameter>
            <parameter key="ServiceInstance">${InstanceKey}</parameter>
            <parameter key="ReceiveQueueManager">CGS_8_01</parameter>
            <parameter key="MQSeries.hostName">10.6.156.227</parameter>
            <parameter key="MQSeries.port">1414</parameter>
            <parameter key="domain">preprod.atohppnet.gov.au</parameter>
            <parameter key="Network">PP</parameter>
            <parameter key="Level">UA</parameter>
        </instance>
        <instance key="PRD1">
            <parameter key="winServiceIdentity">PRODHNET\SVC_DCSCORRES_PR</parameter>
            <parameter key="LegacyEnv">PROD</parameter>
            <parameter key="Environment">PRD</parameter>
            <parameter key="ServiceInstance">${InstanceKey}</parameter>
            <parameter key="ReceiveQueueManager">CGSCP_01</parameter>
            <parameter key="MQSeries.hostName">10.6.3.92</parameter>
            <parameter key="MQSeries.port">1414</parameter>
            <parameter key="domain">prod.atohnet.gov.au</parameter>
            <parameter key="Network">PR</parameter>
            <parameter key="Level">PR</parameter>
            <parameter key="CCDTFile">${LegacyEnv}.C.OUT.TAB</parameter>
            <parameter key="ChannelName">OUT.CGS05</parameter>
        </instance>
        <instance key="PRD2">
            <parameter key="winServiceIdentity">PRODHNET\SVC_DCSCORRES_PR</parameter>
            <parameter key="LegacyEnv">PROD</parameter>
            <parameter key="Environment">PRD</parameter>
            <parameter key="ServiceInstance">${InstanceKey}</parameter>
            <parameter key="ReceiveQueueManager">CGSCP_02</parameter>
            <parameter key="MQSeries.hostName">**10.6.3.92**</parameter>
            <parameter key="MQSeries.port">1414</parameter>
            <parameter key="domain">prod.atohnet.gov.au</parameter>
            <parameter key="Network">PR</parameter>
            <parameter key="Level">PR</parameter>
            <parameter key="CCDTFile">${LegacyEnv}.C.OUT.TAB</parameter>
            <parameter key="ChannelName">OUT.CGS05</parameter>
        </instance>
        <instance key="PRD3">
            <parameter key="winServiceIdentity">PRODHNET\SVC_DCSCORRES_PR</parameter>
            <parameter key="LegacyEnv">PROD</parameter>
            <parameter key="Environment">PRD</parameter>
            <parameter key="ServiceInstance">${InstanceKey}</parameter>
            <parameter key="ReceiveQueueManager">CGSCP_03</parameter>
            <parameter key="MQSeries.hostName">**10.6.3.92**</parameter>
            <parameter key="MQSeries.port">1414</parameter>
            <parameter key="domain">prod.atohnet.gov.au</parameter>
            <parameter key="Network">PR</parameter>
            <parameter key="Level">PR</parameter>
            <parameter key="CCDTFile">${LegacyEnv}.C.OUT.TAB</parameter>
            <parameter key="ChannelName">OUT.CGS05</parameter>
        </instance>
    </environment>
</environments>
