<?xml version="1.0"?>
<doc>
    <assembly>
        <name>DCS.Composition.Services.JobService</name>
    </assembly>
    <members>
        <!-- Badly formed XML comment ignored for member "P:DCS.Composition.Services.JobService.Common.AppConfig.AppSettings.Env" -->
        <member name="P:DCS.Composition.Services.JobService.Common.AppConfig.AppSettings.Version">
            <summary>
            Returns the version of the application
            </summary>
        </member>
        <member name="P:DCS.Composition.Services.JobService.Common.AppConfig.AppSettings.Server">
            <summary>
            Returns the name of the server that is currently executing the code
            </summary>
        </member>
        <member name="P:DCS.Composition.Services.JobService.Common.AppConfig.ConnectionStrings.OutboundCorroGen">
            <summary>
            The Connection SAtring for the Outbound database
            </summary>
        </member>
        <member name="P:DCS.Composition.Services.JobService.Common.AppConfig.ConnectionStrings.HangfireDb">
            <summary>
            The connections tring for the hangfire database
            </summary>
        </member>
        <member name="M:DCS.Composition.Services.JobService.Common.HttpHelper.Authenticate(System.String,System.String)">
            <summary>
            Get OTDS authentication token. This token will be required to access CCS
            </summary>
            <param name="userName"></param>
            <param name="password"></param>
            <returns>OTDS authentication token</returns>
        </member>
        <member name="M:DCS.Composition.Services.JobService.Common.IFileSystemHelper.CreateFolder(System.String)">
            <summary>
            Creates a folder and returns the final path to this folder
            </summary>
            <param name="path">Path including the new folder name</param>
            <returns></returns>
        </member>
        <member name="M:DCS.Composition.Services.JobService.Common.IFileSystemHelper.WriteFile(System.String,System.String,System.Boolean)">
            <summary>
            Creates a file and returns the final path to this folder
            </summary>
            <param name="path">Path to the folder the file should be created (including the filename)</param>
            <param name="content">File text</param>
            <param name="append">Should the file be appended with the new text (= true) or be rewritten (= false)</param>
            <returns></returns>
        </member>
        <member name="M:DCS.Composition.Services.JobService.Common.IHttpHelper.Authenticate(System.String,System.String)">
            <summary>
            Get OTDS authentication token. This token will be required to access CCS
            </summary>
            <param name="userName"></param>
            <param name="password"></param>
            <returns>OTDS authentication token</returns>
        </member>
        <member name="M:DCS.Composition.Services.JobService.Common.IHttpHelper.SendRequestToCc(DCS.Composition.Services.JobService.Contracts.CCRequest,System.String)">
            <summary>
            HTTP POST to command centre with required parameters
            </summary>
            <param name="request"></param>
            <returns></returns>
        </member>
        <member name="M:DCS.Composition.Services.JobService.Common.ISqlConnector.FetchConfig">
            <summary>
            Retrevies the configuration record from the config DB
            </summary>
            <returns></returns>
        </member>
        <member name="M:DCS.Composition.Services.JobService.Common.ISqlConnector.LogRecord(System.String)">
            <summary>
            Write a log message to the log table
            </summary>
            <param name="message">Message to log</param>
        </member>
        <member name="P:DCS.Composition.Services.JobService.Contracts.CCRequest.BatchFolder">
            <summary>
            Batch folder path
            </summary>
        </member>
        <member name="P:DCS.Composition.Services.JobService.Contracts.CCRequest.ServiceName">
            <summary>
            Job/parameter name required for CCS
            </summary>
        </member>
        <member name="M:DCS.Composition.Services.JobService.Controllers.JobServiceController.GetCurrentConfig">
            <summary>
            Method to get the current config entries for the application. Returns as a string.
            </summary>
            <returns></returns>
        </member>
        <member name="M:DCS.Composition.Services.JobService.Controllers.JobServiceController.Heartbeat">
            <summary>
            Method to get the heartbeat of the service. Provided so that other apps can query the service
            </summary>
            <returns></returns>
        </member>
        <member name="M:DCS.Composition.Services.JobService.Hangfire.CommServiceActions.MapCompositionMsgToCCRequest(DCS.Composition.Services.Shared.Contracts.CompositionMsg)">
            <summary>
            Mapping CompositionMsg to CCRequest
            </summary>
            <param name="toMap"></param>
            <returns></returns>
        </member>
        <!-- Badly formed XML comment ignored for member "M:DCS.Composition.Services.JobService.Hangfire.JobServiceActions.LogInfoToDb(System.String)" -->
        <member name="M:DCS.Composition.Services.JobService.Startup.#ctor(Microsoft.Extensions.Configuration.IConfiguration)">
            <summary>
            
            </summary>
            <param name="configuration"></param>
        </member>
        <member name="P:DCS.Composition.Services.JobService.Startup.Configuration">
            <summary>
            
            </summary>
        </member>
        <member name="M:DCS.Composition.Services.JobService.Startup.ConfigureServices(Microsoft.Extensions.DependencyInjection.IServiceCollection)">
            <summary>
            
            </summary>
            <param name="services"></param>
        </member>
        <member name="M:DCS.Composition.Services.JobService.Startup.Configure(Microsoft.AspNetCore.Builder.IApplicationBuilder,Microsoft.AspNetCore.Hosting.IWebHostEnvironment)">
            <summary>
            This method gets called by the runtime. Use this method to configure the HTTP request pipeline.
            </summary>
            <param name="app"></param>
            <param name="env"></param>
        </member>
    </members>
</doc>
