<?xml version="1.0"?>
<configuration>
  <configurationChanges>
    <configurationChange>
      <file>${targetdir}\DcsAPI\Web.config</file>
      <nodeChanges>
        <nodeChange action="update">
          <xpath>/configuration/appSettings/add[@key='LogTestAutomationSwitch']/@value</xpath>
          <value>${LogTestAutomationSwitch}</value>
        </nodeChange>
        <nodeChange action="update">
          <xpath>/configuration/appSettings/add[@key='LogSubmitMessageSwitch']/@value</xpath>
          <value>${LogSubmitMessageSwitch}</value>
        </nodeChange>
        <nodeChange action="update">
          <xpath>/configuration/appSettings/add[@key='LogGenerateMessageSwitch']/@value</xpath>
          <value>${LogGenerateMessageSwitch}</value>
        </nodeChange>
        <nodeChange action="update">
          <xpath>/configuration/appSettings/add[@key='LogTestAutomationLocation']/@value</xpath>
          <value>${AtoApplicationDir}\AppLogs\DCSAPI\${InstanceKey}\</value>
        </nodeChange>
        <nodeChange action="update">
          <xpath>/configuration/appSettings/add[@key="ConnectionString"]/@value</xpath>
          <value regex="(?i:data source)\=[^;]*">Data Source=${SQLInstance}</value>
        </nodeChange>
        <nodeChange action="update">
          <xpath>/configuration/appSettings/add[@key="ConnectionString"]/@value</xpath>
          <value regex="(?i:database)\=[^;]*">database=${Database.Name}</value>
        </nodeChange>
        <nodeChange action="update">
          <xpath>/configuration/appSettings/add[@key="AuthorizedGlobalGroups"]/@value</xpath>
          <value>${AuthorizedGlobalGroups}</value>
        </nodeChange>
        <nodeChange action="update">
          <xpath>/configuration/connectionStrings/add[@name='OutBoundCorroGen']/@connectionString</xpath>
          <value regex="(?i:server)\=[^;]*">server=${OutBoundCorroGen.SQLInstance}</value>
        </nodeChange>
        <nodeChange action="update">
          <xpath>/configuration/connectionStrings/add[@name='OutBoundCorroGen']/@connectionString</xpath>
          <value regex="(?i:database)\=[^;]*">database=${OutBoundCorroGen.Database.Name}</value>
        </nodeChange>
        <nodeChange action="update">
          <xpath>/configuration/connectionStrings/add[@name='Hangfire']/@connectionString</xpath>
          <value regex="(?i:server)\=[^;]*">server=${Hangfire.SQLInstance}</value>
        </nodeChange>
        <nodeChange action="update">
          <xpath>/configuration/connectionStrings/add[@name='Hangfire']/@connectionString</xpath>
          <value regex="(?i:database)\=[^;]*">database=${Hangfire.DatabaseName}</value>
        </nodeChange>
        <nodeChange action="update">
          <xpath>/configuration/loggingConfiguration/listeners/add[@name='EventLog Sink']/@source</xpath>
          <value>${EventLog.Sink.Source}</value>
        </nodeChange>
      </nodeChanges>
    </configurationChange>
  </configurationChanges>
</configuration>