<?xml version="1.0" encoding="utf-8"?>
<configuration>
  <CustomFunctions>
    <First>
      <Function name="Add-DomainUserToLocalGroup">
        <domainUserName>${WAMUserName}</domainUserName>
        <localGroup>Administrators</localGroup>
      </Function>
      <Function name="Grant-LogOnAsAservice" domainUserName="${WAMUserName}" />
    </First>
    <Last>
      <Function name="Add-WindowsFirewallRule">
			  <displayName>DCSAPI-${InstanceKey}</displayName>
			  <optionalProperty>
				  <protocol>tcp</protocol>
				  <direction>inbound</direction>
				  <localPort>${MyDCSPort}</localPort>
				  <profile>any</profile>
				  <enabled>true</enabled>
			  </optionalProperty>
		  </Function>
    </Last>
  </CustomFunctions>
</configuration>