<configuration>
  <Application key="DcsAPI">
    <WebService>
      <ApplicationPools>
        <ApplicationPool name="${WebSiteName}">
          <AppPoolIdentityType>3</AppPoolIdentityType>
          <ManagedRuntimeVersion>v4.0</ManagedRuntimeVersion>
          <ManagedPipelineMode>Integrated</ManagedPipelineMode>
          <Enable32BitAppOnWin64>false</Enable32BitAppOnWin64>
          <StartMode>OnDemand</StartMode>
        </ApplicationPool>
      </ApplicationPools>
      <WebSites>
        <WebSite name="${WebSiteName}">
          <ServerBindings>${Website bindings}</ServerBindings>
          <path>${TargetDir}\DCSAPI</path>
          <AppPoolName>${WebSiteName}</AppPoolName>
          <AuthFlags.AuthBasic>false</AuthFlags.AuthBasic>
          <AuthFlags.AuthAnonymous>false</AuthFlags.AuthAnonymous>
          <AuthFlags.AuthMD5>false</AuthFlags.AuthMD5>
          <AuthFlags.AuthNTLM>true</AuthFlags.AuthNTLM>
          <httpCustomHeaders>
            <add name="X-UA-Compatible" value="IE=edge" />
          </httpCustomHeaders>
        </WebSite>
      </WebSites>
    </WebService>
  </Application>
</configuration>