<?xml version="1.0" encoding="utf-8"?>
<!-- ******************************************************* -->
<!-- !!!!! NEVER UPDATE THIS ENVIRONMENT FILE DIRECTLY !!!!! -->
<!--                                                         -->
<!-- ALWAYS use the Excel environment file editor to update  -->
<!-- and then generate the environment file.                 -->
<!-- ******************************************************* -->
<environments applicationName="DCS" roleName="Api=Api" securityCode="8800">
    <environment key="Cloud - MyMachine - Default" remoteDeploymentGroupName="" remoteDeploymentServers="">
        <group key="Deployment">
            <parameter key="LegacyEnv"></parameter>
            <parameter key="Environment"></parameter>
            <parameter key="Domain"></parameter>
            <parameter key="AuthorizedGlobalGroups"></parameter>
            <parameter key="WAMUserName"></parameter>
            <parameter key="OutBoundCorroGen.SQLInstance">outboundDatabase${Level}.dcs.${domain},61301</parameter>
            <parameter key="SQLInstance"></parameter>
            <parameter key="Hangfire.SQLInstance">designDatabase${Level}.dcs.${domain},61301</parameter>
            <parameter key="MyDCSPort"></parameter>
            <parameter key="Level"></parameter>
        </group>
        <group key="DCS API">
            <parameter key="Website bindings">[https=&quot;*:443:dcsapi${Environment}.dcs.${domain}&quot; sslFlags=&quot;0&quot; sslCertificate=&quot;server.dcs.${domain}&quot;];[https=&quot;*:${MyDCSPort}:*&quot; sslFlags=&quot;0&quot; sslCertificate=&quot;server.dcs.${domain}&quot;]</parameter>
            <parameter key="WebSiteName">DCSAPI.${InstanceKey}</parameter>
            <parameter key="OutBoundCorroGen.Database.Name">Outbound${Environment}</parameter>
            <parameter key="Database.Name">BETIDTracking${LegacyEnv}</parameter>
            <parameter key="Hangfire.DatabaseName">Hangfire${Environment}</parameter>
            <parameter key="EventLog.Sink.Source">DCSAPI.${Environment}</parameter>
            <parameter key="PsiDeploymentStatusEmailAddress">DCRTEnvironments2@ato.gov.au</parameter>
            <parameter key="LogTestAutomationSwitch">TRUE</parameter>
            <parameter key="LogSubmitMessageSwitch">TRUE</parameter>
            <parameter key="LogGenerateMessageSwitch">TRUE</parameter>
        </group>
        <instance key="DEA">
            <parameter key="LegacyEnv">DEA</parameter>
            <parameter key="Environment">DEA</parameter>
            <parameter key="Domain">devtest.atohdtnet.gov.au</parameter>
            <parameter key="AuthorizedGlobalGroups">DevTest\RES_DCSAPI_LG</parameter>
            <parameter key="WAMUserName">DevTest\SVC_DCSCORRES_DE</parameter>
            <parameter key="SQLInstance">TECXSQL00001DES.product.atotnet.gov.au\SQL001</parameter>
            <parameter key="MyDCSPort">12001</parameter>
            <parameter key="Level">DE</parameter>
        </instance>
        <instance key="DEB">
            <parameter key="LegacyEnv">DEB</parameter>
            <parameter key="Environment">DEB</parameter>
            <parameter key="Domain">devtest.atohdtnet.gov.au</parameter>
            <parameter key="AuthorizedGlobalGroups">DevTest\RES_DCSAPI_LG</parameter>
            <parameter key="WAMUserName">DevTest\SVC_DCSCORRES_DE</parameter>
            <parameter key="SQLInstance">TECXSQL00001DES.product.atotnet.gov.au\SQL001</parameter>
            <parameter key="MyDCSPort">12002</parameter>
            <parameter key="Level">DE</parameter>
        </instance>
        <instance key="DEE">
            <parameter key="LegacyEnv">DEE</parameter>
            <parameter key="Environment">DEE</parameter>
            <parameter key="Domain">devtest.atohdtnet.gov.au</parameter>
            <parameter key="AuthorizedGlobalGroups">DevTest\RES_DCSAPI_LG</parameter>
            <parameter key="WAMUserName">DevTest\SVC_DCSCORRES_DE</parameter>
            <parameter key="SQLInstance">CMSRAOL00002DVT.devtest.atohdtnet.gov.au,61301</parameter>
            <parameter key="MyDCSPort">12005</parameter>
            <parameter key="Level">DE</parameter>
        </instance>
        <instance key="DEH">
            <parameter key="LegacyEnv">DEVH</parameter>
            <parameter key="Environment">DEH</parameter>
            <parameter key="Domain">devtest.atohdtnet.gov.au</parameter>
            <parameter key="AuthorizedGlobalGroups">DevTest\RES_DCSAPI_LG</parameter>
            <parameter key="WAMUserName">DevTest\SVC_DCSCORRES_DE</parameter>
            <parameter key="SQLInstance">MSQSSQL00003DE.product.atotnet.gov.au\SQL001</parameter>
            <parameter key="MyDCSPort">12008</parameter>
            <parameter key="Level">DE</parameter>
        </instance>
        <instance key="DEI">
            <parameter key="LegacyEnv">DEVI</parameter>
            <parameter key="Environment">DEI</parameter>
            <parameter key="Domain">devtest.atohdtnet.gov.au</parameter>
            <parameter key="AuthorizedGlobalGroups">DevTest\RES_DCSAPI_LG</parameter>
            <parameter key="WAMUserName">DevTest\SVC_DCSCORRES_DE</parameter>
            <parameter key="SQLInstance">MSQSSQL00003DE.product.atotnet.gov.au\SQL001</parameter>
            <parameter key="MyDCSPort">12009</parameter>
            <parameter key="Level">DE</parameter>
        </instance>
        <instance key="DEK">
            <parameter key="LegacyEnv">DEVK</parameter>
            <parameter key="Environment">DEK</parameter>
            <parameter key="Domain">devtest.atohdtnet.gov.au</parameter>
            <parameter key="AuthorizedGlobalGroups">DevTest\RES_DCSAPI_LG</parameter>
            <parameter key="WAMUserName">DevTest\SVC_DCSCORRES_DE</parameter>
            <parameter key="SQLInstance">MSQSSQL00003DE.product.atotnet.gov.au\SQL001</parameter>
            <parameter key="MyDCSPort">12017</parameter>
            <parameter key="Level">DE</parameter>
            <parameter key="Database.Name">BETIDTrackingDEVK</parameter>
        </instance>
        <instance key="DEM">
            <parameter key="LegacyEnv">DEM</parameter>
            <parameter key="Environment">DEM</parameter>
            <parameter key="Domain">devtest.atohdtnet.gov.au</parameter>
            <parameter key="AuthorizedGlobalGroups">DevTest\RES_DCSAPI_LG</parameter>
            <parameter key="WAMUserName">DevTest\SVC_DCSCORRES_DE</parameter>
            <parameter key="SQLInstance">TECXSQL00001DES.product.atotnet.gov.au\SQL001</parameter>
            <parameter key="MyDCSPort">12011</parameter>
            <parameter key="Level">DE</parameter>
        </instance>
        <instance key="DEQ">
            <parameter key="LegacyEnv">DEVQ</parameter>
            <parameter key="Environment">DEQ</parameter>
            <parameter key="Domain">devtest.atohdtnet.gov.au</parameter>
            <parameter key="AuthorizedGlobalGroups">DevTest\RES_DCSAPI_LG</parameter>
            <parameter key="WAMUserName">DevTest\SVC_DCSCORRES_DE</parameter>
            <parameter key="SQLInstance">MSQSSQL00003DE.product.atotnet.gov.au\SQL001</parameter>
            <parameter key="MyDCSPort">12013</parameter>
            <parameter key="Level">DE</parameter>
        </instance>
        <instance key="DEW">
            <parameter key="LegacyEnv">DEVW</parameter>
            <parameter key="Environment">DEW</parameter>
            <parameter key="Domain">devtest.atohdtnet.gov.au</parameter>
            <parameter key="AuthorizedGlobalGroups">DevTest\RES_DCSAPI_LG</parameter>
            <parameter key="WAMUserName">DevTest\SVC_DCSCORRES_DE</parameter>
            <parameter key="SQLInstance">MSQSSQL00003DE.product.atotnet.gov.au\SQL001</parameter>
            <parameter key="MyDCSPort">12023</parameter>
            <parameter key="Level">DE</parameter>
        </instance>
        <instance key="ATA">
            <parameter key="LegacyEnv">ATA</parameter>
            <parameter key="Environment">ATA</parameter>
            <parameter key="Domain">devtest.atohdtnet.gov.au</parameter>
            <parameter key="AuthorizedGlobalGroups">DevTest\RES_DCSAPI_LG</parameter>
            <parameter key="WAMUserName">DevTest\SVC_DCSCORRES_AT</parameter>
            <parameter key="SQLInstance">TECXSQL00003ATS.product.atotnet.gov.au\SQL001</parameter>
            <parameter key="MyDCSPort">12101</parameter>
            <parameter key="Level">AT</parameter>
        </instance>
        <instance key="ATB">
            <parameter key="LegacyEnv">ATB</parameter>
            <parameter key="Environment">ATB</parameter>
            <parameter key="Domain">devtest.atohdtnet.gov.au</parameter>
            <parameter key="AuthorizedGlobalGroups">DevTest\RES_DCSAPI_LG</parameter>
            <parameter key="WAMUserName">DevTest\SVC_DCSCORRES_AT</parameter>
            <parameter key="SQLInstance">TECXSQL00003ATS.product.atotnet.gov.au\SQL001</parameter>
            <parameter key="MyDCSPort">12102</parameter>
            <parameter key="Level">AT</parameter>
        </instance>
        <instance key="ATG">
            <parameter key="LegacyEnv">ATG</parameter>
            <parameter key="Environment">ATG</parameter>
            <parameter key="Domain">devtest.atohdtnet.gov.au</parameter>
            <parameter key="AuthorizedGlobalGroups">DevTest\RES_DCSAPI_LG</parameter>
            <parameter key="WAMUserName">DevTest\SVC_DCSCORRES_AT</parameter>
            <parameter key="SQLInstance">SYD02H805FV.product.atotnet.gov.au\SQL001</parameter>
            <parameter key="MyDCSPort">12107</parameter>
            <parameter key="Level">AT</parameter>
        </instance>
        <instance key="ATH">
            <parameter key="LegacyEnv">ATH</parameter>
            <parameter key="Environment">ATH</parameter>
            <parameter key="Domain">devtest.atohdtnet.gov.au</parameter>
            <parameter key="AuthorizedGlobalGroups">DevTest\RES_DCSAPI_LG</parameter>
            <parameter key="WAMUserName">DevTest\SVC_DCSCORRES_AT</parameter>
            <parameter key="SQLInstance">SYD02H805FV.product.atotnet.gov.au\SQL001</parameter>
            <parameter key="MyDCSPort">12108</parameter>
            <parameter key="Level">AT</parameter>
        </instance>
        <instance key="ATJ">
            <parameter key="LegacyEnv">ATJ</parameter>
            <parameter key="Environment">ATJ</parameter>
            <parameter key="Domain">devtest.atohdtnet.gov.au</parameter>
            <parameter key="AuthorizedGlobalGroups">DevTest\RES_DCSAPI_LG</parameter>
            <parameter key="WAMUserName">DevTest\SVC_DCSCORRES_AT</parameter>
            <parameter key="SQLInstance">SYD02H805FV.product.atotnet.gov.au\SQL001</parameter>
            <parameter key="MyDCSPort">12110</parameter>
            <parameter key="Level">AT</parameter>
        </instance>
        <instance key="ATL">
            <parameter key="LegacyEnv">ATL</parameter>
            <parameter key="Environment">ATL</parameter>
            <parameter key="Domain">devtest.atohdtnet.gov.au</parameter>
            <parameter key="AuthorizedGlobalGroups">DevTest\RES_DCSAPI_LG</parameter>
            <parameter key="WAMUserName">DevTest\SVC_DCSCORRES_AT</parameter>
            <parameter key="SQLInstance">SYD02H805FV.product.atotnet.gov.au\SQL001</parameter>
            <parameter key="MyDCSPort">12112</parameter>
            <parameter key="Level">AT</parameter>
        </instance>
        <instance key="ATM">
            <parameter key="LegacyEnv">ATM</parameter>
            <parameter key="Environment">ATM</parameter>
            <parameter key="Domain">devtest.atohdtnet.gov.au</parameter>
            <parameter key="AuthorizedGlobalGroups">DevTest\RES_DCSAPI_LG</parameter>
            <parameter key="WAMUserName">DevTest\SVC_DCSCORRES_AT</parameter>
            <parameter key="SQLInstance">TECXSQL00003ATS.product.atotnet.gov.au\SQL001</parameter>
            <parameter key="MyDCSPort">12113</parameter>
            <parameter key="Level">AT</parameter>
        </instance>
        <instance key="ATN">
            <parameter key="LegacyEnv">ATN</parameter>
            <parameter key="Environment">ATN</parameter>
            <parameter key="Domain">devtest.atohdtnet.gov.au</parameter>
            <parameter key="AuthorizedGlobalGroups">DevTest\RES_DCSAPI_LG</parameter>
            <parameter key="WAMUserName">DevTest\SVC_DCSCORRES_AT</parameter>
            <parameter key="SQLInstance">SYD02H805FV.product.atotnet.gov.au\SQL001</parameter>
            <parameter key="MyDCSPort">12114</parameter>
            <parameter key="Level">AT</parameter>
        </instance>
        <instance key="ATQ">
            <parameter key="LegacyEnv">ATQ</parameter>
            <parameter key="Environment">ATQ</parameter>
            <parameter key="Domain">devtest.atohdtnet.gov.au</parameter>
            <parameter key="AuthorizedGlobalGroups">DevTest\RES_DCSAPI_LG</parameter>
            <parameter key="WAMUserName">DevTest\SVC_DCSCORRES_AT</parameter>
            <parameter key="SQLInstance">CMSRAOL00002DVT.devtest.atohdtnet.gov.au,61301</parameter>
            <parameter key="MyDCSPort">12117</parameter>
            <parameter key="Level">AT</parameter>
        </instance>
        <instance key="PTA">
            <parameter key="LegacyEnv">PTA</parameter>
            <parameter key="Environment">PTA</parameter>
            <parameter key="Domain">devtest.atohdtnet.gov.au</parameter>
            <parameter key="AuthorizedGlobalGroups">DevTest\RES_DCSAPI_LG</parameter>
            <parameter key="WAMUserName">DevTest\SVC_DCSCORRES_PT</parameter>
            <parameter key="SQLInstance">TECXSQL00001PTS.integrate.atotnet.gov.au\SQL001</parameter>
            <parameter key="MyDCSPort">12201</parameter>
            <parameter key="Level">PT</parameter>
        </instance>
        <instance key="PTB">
            <parameter key="LegacyEnv">PTB</parameter>
            <parameter key="Environment">PTB</parameter>
            <parameter key="Domain">devtest.atohdtnet.gov.au</parameter>
            <parameter key="AuthorizedGlobalGroups">DevTest\RES_DCSAPI_LG</parameter>
            <parameter key="WAMUserName">DevTest\SVC_DCSCORRES_PT</parameter>
            <parameter key="SQLInstance">TECXSQL00001PTS.integrate.atotnet.gov.au\SQL001</parameter>
            <parameter key="MyDCSPort">12202</parameter>
            <parameter key="Level">PT</parameter>
        </instance>
        <instance key="PTE">
            <parameter key="LegacyEnv">PTE</parameter>
            <parameter key="Environment">PTE</parameter>
            <parameter key="Domain">devtest.atohdtnet.gov.au</parameter>
            <parameter key="AuthorizedGlobalGroups">DevTest\RES_DCSAPI_LG</parameter>
            <parameter key="WAMUserName">DevTest\SVC_DCSCORRES_PT</parameter>
            <parameter key="SQLInstance">SYD02H555IV.integrate.atotnet.gov.au\SQL001</parameter>
            <parameter key="MyDCSPort">12205</parameter>
            <parameter key="Level">PT</parameter>
        </instance>
        <instance key="PTF">
            <parameter key="LegacyEnv">PTF</parameter>
            <parameter key="Environment">PTF</parameter>
            <parameter key="Domain">devtest.atohdtnet.gov.au</parameter>
            <parameter key="AuthorizedGlobalGroups">DevTest\RES_DCSAPI_LG</parameter>
            <parameter key="WAMUserName">DevTest\SVC_DCSCORRES_PT</parameter>
            <parameter key="SQLInstance">SYD02H555IV.integrate.atotnet.gov.au\SQL001</parameter>
            <parameter key="MyDCSPort">12206</parameter>
            <parameter key="Level">PT</parameter>
        </instance>
        <instance key="PTG">
            <parameter key="LegacyEnv">PTG</parameter>
            <parameter key="Environment">PTG</parameter>
            <parameter key="Domain">devtest.atohdtnet.gov.au</parameter>
            <parameter key="AuthorizedGlobalGroups">DevTest\RES_DCSAPI_LG</parameter>
            <parameter key="WAMUserName">DevTest\SVC_DCSCORRES_PT</parameter>
            <parameter key="SQLInstance">SYD02H555IV.integrate.atotnet.gov.au\SQL001</parameter>
            <parameter key="MyDCSPort">12207</parameter>
            <parameter key="Level">PT</parameter>
        </instance>
        <instance key="PTH">
            <parameter key="LegacyEnv">PTH</parameter>
            <parameter key="Environment">PTH</parameter>
            <parameter key="Domain">devtest.atohdtnet.gov.au</parameter>
            <parameter key="AuthorizedGlobalGroups">DevTest\RES_DCSAPI_LG</parameter>
            <parameter key="WAMUserName">DevTest\SVC_DCSCORRES_PT</parameter>
            <parameter key="SQLInstance">SYD02H555IV.integrate.atotnet.gov.au\SQL001</parameter>
            <parameter key="MyDCSPort">12208</parameter>
            <parameter key="Level">PT</parameter>
        </instance>
        <instance key="PTI">
            <parameter key="LegacyEnv">PTI</parameter>
            <parameter key="Environment">PTI</parameter>
            <parameter key="Domain">devtest.atohdtnet.gov.au</parameter>
            <parameter key="AuthorizedGlobalGroups">DevTest\RES_DCSAPI_LG</parameter>
            <parameter key="WAMUserName">DevTest\SVC_DCSCORRES_PT</parameter>
            <parameter key="SQLInstance">SYD02H555IV.integrate.atotnet.gov.au\SQL001</parameter>
            <parameter key="MyDCSPort">12209</parameter>
            <parameter key="Level">PT</parameter>
        </instance>
        <instance key="PTJ">
            <parameter key="LegacyEnv">PTJ</parameter>
            <parameter key="Environment">PTJ</parameter>
            <parameter key="Domain">devtest.atohdtnet.gov.au</parameter>
            <parameter key="AuthorizedGlobalGroups">DevTest\RES_DCSAPI_LG</parameter>
            <parameter key="WAMUserName">DevTest\SVC_DCSCORRES_PT</parameter>
            <parameter key="SQLInstance">SYD02H555IV.integrate.atotnet.gov.au\SQL001</parameter>
            <parameter key="MyDCSPort">12210</parameter>
            <parameter key="Level">PT</parameter>
        </instance>
        <instance key="PTK">
            <parameter key="LegacyEnv">PTK</parameter>
            <parameter key="Environment">PTK</parameter>
            <parameter key="Domain">devtest.atohdtnet.gov.au</parameter>
            <parameter key="AuthorizedGlobalGroups">DevTest\RES_DCSAPI_LG</parameter>
            <parameter key="WAMUserName">DevTest\SVC_DCSCORRES_PT</parameter>
            <parameter key="SQLInstance">SYD02H555IV.integrate.atotnet.gov.au\SQL001</parameter>
            <parameter key="MyDCSPort">12211</parameter>
            <parameter key="Level">PT</parameter>
        </instance>
        <instance key="PTM">
            <parameter key="LegacyEnv">PTM</parameter>
            <parameter key="Environment">PTM</parameter>
            <parameter key="Domain">devtest.atohdtnet.gov.au</parameter>
            <parameter key="AuthorizedGlobalGroups">DevTest\RES_DCSAPI_LG</parameter>
            <parameter key="WAMUserName">DevTest\SVC_DCSCORRES_PT</parameter>
            <parameter key="SQLInstance">TECXSQL00001PTS.integrate.atotnet.gov.au\SQL001</parameter>
            <parameter key="MyDCSPort">12213</parameter>
            <parameter key="Level">PT</parameter>
        </instance>
        <instance key="PTQ">
            <parameter key="LegacyEnv">PTQ</parameter>
            <parameter key="Environment">PTQ</parameter>
            <parameter key="Domain">devtest.atohdtnet.gov.au</parameter>
            <parameter key="AuthorizedGlobalGroups">DevTest\RES_DCSAPI_LG</parameter>
            <parameter key="WAMUserName">DevTest\SVC_DCSCORRES_PT</parameter>
            <parameter key="SQLInstance">CMSRAOL00002DVT.devtest.atohdtnet.gov.au,61301</parameter>
            <parameter key="MyDCSPort">12217</parameter>
            <parameter key="Level">PT</parameter>
        </instance>
        <instance key="PTR">
            <parameter key="LegacyEnv">PTR</parameter>
            <parameter key="Environment">PTR</parameter>
            <parameter key="Domain">devtest.atohdtnet.gov.au</parameter>
            <parameter key="AuthorizedGlobalGroups">DevTest\RES_DCSAPI_LG</parameter>
            <parameter key="WAMUserName">DevTest\SVC_DCSCORRES_PT</parameter>
            <parameter key="SQLInstance">SYD02H555IV.integrate.atotnet.gov.au\SQL001</parameter>
            <parameter key="MyDCSPort">12218</parameter>
            <parameter key="Level">PT</parameter>
        </instance>
        <instance key="PTW">
            <parameter key="LegacyEnv">PTW</parameter>
            <parameter key="Environment">PTW</parameter>
            <parameter key="Domain">devtest.atohdtnet.gov.au</parameter>
            <parameter key="AuthorizedGlobalGroups">DevTest\RES_DCSAPI_LG</parameter>
            <parameter key="WAMUserName">DevTest\SVC_DCSCORRES_PT</parameter>
            <parameter key="SQLInstance">SYD02H555IV.integrate.atotnet.gov.au\SQL001</parameter>
            <parameter key="MyDCSPort">12223</parameter>
            <parameter key="Level">PT</parameter>
        </instance>
        <instance key="PFB1">
            <parameter key="LegacyEnv">PRFB</parameter>
            <parameter key="Environment">PFB</parameter>
            <parameter key="Domain">preprod.atohppnet.gov.au</parameter>
            <parameter key="AuthorizedGlobalGroups">PREPRODHPPNET\RES_DCSAPI_LG</parameter>
            <parameter key="WAMUserName">PREPRODHPPNET\SVC_DCSCORRES_PF</parameter>
            <parameter key="SQLInstance">designDatabase${Level}.dcs.${domain},61301</parameter>
            <parameter key="Hangfire.SQLInstance">hangfireDatabase${Level}.dcs.${domain},61301</parameter>
            <parameter key="MyDCSPort">12302</parameter>
            <parameter key="Level">PF</parameter>
            <parameter key="Database.Name">BETIDTrackingPRFB</parameter>
            <parameter key="LogTestAutomationSwitch">FALSE</parameter>
            <parameter key="LogSubmitMessageSwitch">FALSE</parameter>
            <parameter key="LogGenerateMessageSwitch">FALSE</parameter>
        </instance>
        <instance key="PFB2">
            <parameter key="LegacyEnv">PRFB</parameter>
            <parameter key="Environment">PFB</parameter>
            <parameter key="Domain">preprod.atohppnet.gov.au</parameter>
            <parameter key="AuthorizedGlobalGroups">PREPRODHPPNET\RES_DCSAPI_LG</parameter>
            <parameter key="WAMUserName">PREPRODHPPNET\SVC_DCSCORRES_PF</parameter>
            <parameter key="SQLInstance">designDatabase${Level}.dcs.${domain},61301</parameter>
            <parameter key="Hangfire.SQLInstance">hangfireDatabase${Level}.dcs.${domain},61301</parameter>
            <parameter key="MyDCSPort">12302</parameter>
            <parameter key="Level">PF</parameter>
            <parameter key="Database.Name">BETIDTrackingPRFB</parameter>
            <parameter key="LogTestAutomationSwitch">FALSE</parameter>
            <parameter key="LogSubmitMessageSwitch">FALSE</parameter>
            <parameter key="LogGenerateMessageSwitch">FALSE</parameter>
        </instance>
        <instance key="PFB3">
            <parameter key="LegacyEnv">PRFB</parameter>
            <parameter key="Environment">PFB</parameter>
            <parameter key="Domain">preprod.atohppnet.gov.au</parameter>
            <parameter key="AuthorizedGlobalGroups">PREPRODHPPNET\RES_DCSAPI_LG</parameter>
            <parameter key="WAMUserName">PREPRODHPPNET\SVC_DCSCORRES_PF</parameter>
            <parameter key="SQLInstance">designDatabase${Level}.dcs.${domain},61301</parameter>
            <parameter key="Hangfire.SQLInstance">hangfireDatabase${Level}.dcs.${domain},61301</parameter>
            <parameter key="MyDCSPort">12302</parameter>
            <parameter key="Level">PF</parameter>
            <parameter key="Database.Name">BETIDTrackingPRFB</parameter>
            <parameter key="LogTestAutomationSwitch">FALSE</parameter>
            <parameter key="LogSubmitMessageSwitch">FALSE</parameter>
            <parameter key="LogGenerateMessageSwitch">FALSE</parameter>
        </instance>
        <instance key="PFE1">
            <parameter key="LegacyEnv">PRFE</parameter>
            <parameter key="Environment">PFE</parameter>
            <parameter key="Domain">preprod.atohppnet.gov.au</parameter>
            <parameter key="AuthorizedGlobalGroups">PREPRODHPPNET\RES_DCSAPI_LG</parameter>
            <parameter key="WAMUserName">PREPRODHPPNET\SVC_DCSCORRES_PF</parameter>
            <parameter key="SQLInstance">designDatabase${Level}.dcs.${domain},61301</parameter>
            <parameter key="Hangfire.SQLInstance">hangfireDatabase${Level}.dcs.${domain},61301</parameter>
            <parameter key="MyDCSPort">12305</parameter>
            <parameter key="Level">PF</parameter>
            <parameter key="LogTestAutomationSwitch">FALSE</parameter>
            <parameter key="LogSubmitMessageSwitch">FALSE</parameter>
            <parameter key="LogGenerateMessageSwitch">FALSE</parameter>
        </instance>
        <instance key="PFE2">
            <parameter key="LegacyEnv">PRFE</parameter>
            <parameter key="Environment">PFE</parameter>
            <parameter key="Domain">preprod.atohppnet.gov.au</parameter>
            <parameter key="AuthorizedGlobalGroups">PREPRODHPPNET\RES_DCSAPI_LG</parameter>
            <parameter key="WAMUserName">PREPRODHPPNET\SVC_DCSCORRES_PF</parameter>
            <parameter key="SQLInstance">designDatabase${Level}.dcs.${domain},61301</parameter>
            <parameter key="Hangfire.SQLInstance">hangfireDatabase${Level}.dcs.${domain},61301</parameter>
            <parameter key="MyDCSPort">12305</parameter>
            <parameter key="Level">PF</parameter>
            <parameter key="LogTestAutomationSwitch">FALSE</parameter>
            <parameter key="LogSubmitMessageSwitch">FALSE</parameter>
            <parameter key="LogGenerateMessageSwitch">FALSE</parameter>
        </instance>
        <instance key="PFE3">
            <parameter key="LegacyEnv">PRFE</parameter>
            <parameter key="Environment">PFE</parameter>
            <parameter key="Domain">preprod.atohppnet.gov.au</parameter>
            <parameter key="AuthorizedGlobalGroups">PREPRODHPPNET\RES_DCSAPI_LG</parameter>
            <parameter key="WAMUserName">PREPRODHPPNET\SVC_DCSCORRES_PF</parameter>
            <parameter key="SQLInstance">designDatabase${Level}.dcs.${domain},61301</parameter>
            <parameter key="Hangfire.SQLInstance">hangfireDatabase${Level}.dcs.${domain},61301</parameter>
            <parameter key="MyDCSPort">12305</parameter>
            <parameter key="Level">PF</parameter>
            <parameter key="LogTestAutomationSwitch">FALSE</parameter>
            <parameter key="LogSubmitMessageSwitch">FALSE</parameter>
            <parameter key="LogGenerateMessageSwitch">FALSE</parameter>
        </instance>
        <instance key="EFX1">
            <parameter key="LegacyEnv">EFIX</parameter>
            <parameter key="Environment">EFX</parameter>
            <parameter key="Domain">preprod.atohppnet.gov.au</parameter>
            <parameter key="AuthorizedGlobalGroups">PREPRODHPPNET\RES_DCSAPI_LG</parameter>
            <parameter key="WAMUserName">PREPRODHPPNET\SVC_DCSCORRES_EF</parameter>
            <parameter key="SQLInstance">MSQSSQLAZG4UAT.uat.atoqnet.gov.au\SQL001</parameter>
            <parameter key="Hangfire.SQLInstance">hangfireDatabase${Level}.dcs.${domain},61301</parameter>
            <parameter key="MyDCSPort">12424</parameter>
            <parameter key="Level">EF</parameter>
        </instance>
        <instance key="EFX2">
            <parameter key="LegacyEnv">EFIX</parameter>
            <parameter key="Environment">EFX</parameter>
            <parameter key="Domain">preprod.atohppnet.gov.au</parameter>
            <parameter key="AuthorizedGlobalGroups">PREPRODHPPNET\RES_DCSAPI_LG</parameter>
            <parameter key="WAMUserName">PREPRODHPPNET\SVC_DCSCORRES_EF</parameter>
            <parameter key="SQLInstance">MSQSSQLAZG4UAT.uat.atoqnet.gov.au\SQL001</parameter>
            <parameter key="Hangfire.SQLInstance">hangfireDatabase${Level}.dcs.${domain},61301</parameter>
            <parameter key="MyDCSPort">12424</parameter>
            <parameter key="Level">EF</parameter>
        </instance>
        <instance key="EFX3">
            <parameter key="LegacyEnv">EFIX</parameter>
            <parameter key="Environment">EFX</parameter>
            <parameter key="Domain">preprod.atohppnet.gov.au</parameter>
            <parameter key="AuthorizedGlobalGroups">PREPRODHPPNET\RES_DCSAPI_LG</parameter>
            <parameter key="WAMUserName">PREPRODHPPNET\SVC_DCSCORRES_EF</parameter>
            <parameter key="SQLInstance">MSQSSQLAZG4UAT.uat.atoqnet.gov.au\SQL001</parameter>
            <parameter key="Hangfire.SQLInstance">hangfireDatabase${Level}.dcs.${domain},61301</parameter>
            <parameter key="MyDCSPort">12424</parameter>
            <parameter key="Level">EF</parameter>
        </instance>
        <instance key="UCC1">
            <parameter key="LegacyEnv">UCTC</parameter>
            <parameter key="Environment">UCC</parameter>
            <parameter key="Domain">preprod.atohppnet.gov.au</parameter>
            <parameter key="AuthorizedGlobalGroups">PREPRODHPPNET\RES_DCSAPI_LG</parameter>
            <parameter key="WAMUserName">PREPRODHPPNET\SVC_DCSCORRES_UA</parameter>
            <parameter key="SQLInstance">MSQSSQL00002UCD.uat.atoqnet.gov.au\SQL001</parameter>
            <parameter key="Hangfire.SQLInstance">hangfireDatabase${Level}.dcs.${domain},61301</parameter>
            <parameter key="MyDCSPort">12503</parameter>
            <parameter key="Level">UA</parameter>
            <parameter key="Database.Name">BETIDTrackingUCTC</parameter>
        </instance>
        <instance key="UCC2">
            <parameter key="LegacyEnv">UCTC</parameter>
            <parameter key="Environment">UCC</parameter>
            <parameter key="Domain">preprod.atohppnet.gov.au</parameter>
            <parameter key="AuthorizedGlobalGroups">PREPRODHPPNET\RES_DCSAPI_LG</parameter>
            <parameter key="WAMUserName">PREPRODHPPNET\SVC_DCSCORRES_UA</parameter>
            <parameter key="SQLInstance">MSQSSQL00002UCD.uat.atoqnet.gov.au\SQL001</parameter>
            <parameter key="Hangfire.SQLInstance">hangfireDatabase${Level}.dcs.${domain},61301</parameter>
            <parameter key="MyDCSPort">12503</parameter>
            <parameter key="Level">UA</parameter>
            <parameter key="Database.Name">BETIDTrackingUCTC</parameter>
        </instance>
        <instance key="UCC3">
            <parameter key="LegacyEnv">UCTC</parameter>
            <parameter key="Environment">UCC</parameter>
            <parameter key="Domain">preprod.atohppnet.gov.au</parameter>
            <parameter key="AuthorizedGlobalGroups">PREPRODHPPNET\RES_DCSAPI_LG</parameter>
            <parameter key="WAMUserName">PREPRODHPPNET\SVC_DCSCORRES_UA</parameter>
            <parameter key="SQLInstance">MSQSSQL00002UCD.uat.atoqnet.gov.au\SQL001</parameter>
            <parameter key="Hangfire.SQLInstance">hangfireDatabase${Level}.dcs.${domain},61301</parameter>
            <parameter key="MyDCSPort">12503</parameter>
            <parameter key="Level">UA</parameter>
            <parameter key="Database.Name">BETIDTrackingUCTC</parameter>
        </instance>
        <instance key="UCD1">
            <parameter key="LegacyEnv">UCTD</parameter>
            <parameter key="Environment">UCD</parameter>
            <parameter key="Domain">preprod.atohppnet.gov.au</parameter>
            <parameter key="AuthorizedGlobalGroups">PREPRODHPPNET\RES_DCSAPI_LG</parameter>
            <parameter key="WAMUserName">PREPRODHPPNET\SVC_DCSCORRES_UA</parameter>
            <parameter key="SQLInstance">MSQSSQLAZG4UAT.uat.atoqnet.gov.au\SQL001</parameter>
            <parameter key="Hangfire.SQLInstance">hangfireDatabase${Level}.dcs.${domain},61301</parameter>
            <parameter key="MyDCSPort">12504</parameter>
            <parameter key="Level">UA</parameter>
            <parameter key="Database.Name">BETIDTrackingUCTD</parameter>
        </instance>
        <instance key="UCD2">
            <parameter key="LegacyEnv">UCTD</parameter>
            <parameter key="Environment">UCD</parameter>
            <parameter key="Domain">preprod.atohppnet.gov.au</parameter>
            <parameter key="AuthorizedGlobalGroups">PREPRODHPPNET\RES_DCSAPI_LG</parameter>
            <parameter key="WAMUserName">PREPRODHPPNET\SVC_DCSCORRES_UA</parameter>
            <parameter key="SQLInstance">MSQSSQLAZG4UAT.uat.atoqnet.gov.au\SQL001</parameter>
            <parameter key="Hangfire.SQLInstance">hangfireDatabase${Level}.dcs.${domain},61301</parameter>
            <parameter key="MyDCSPort">12504</parameter>
            <parameter key="Level">UA</parameter>
            <parameter key="Database.Name">BETIDTrackingUCTD</parameter>
        </instance>
        <instance key="UCD3">
            <parameter key="LegacyEnv">UCTD</parameter>
            <parameter key="Environment">UCD</parameter>
            <parameter key="Domain">preprod.atohppnet.gov.au</parameter>
            <parameter key="AuthorizedGlobalGroups">PREPRODHPPNET\RES_DCSAPI_LG</parameter>
            <parameter key="WAMUserName">PREPRODHPPNET\SVC_DCSCORRES_UA</parameter>
            <parameter key="SQLInstance">MSQSSQLAZG4UAT.uat.atoqnet.gov.au\SQL001</parameter>
            <parameter key="Hangfire.SQLInstance">hangfireDatabase${Level}.dcs.${domain},61301</parameter>
            <parameter key="MyDCSPort">12504</parameter>
            <parameter key="Level">UA</parameter>
            <parameter key="Database.Name">BETIDTrackingUCTD</parameter>
        </instance>
        <instance key="UAI1">
            <parameter key="LegacyEnv">UATI</parameter>
            <parameter key="Environment">UAI</parameter>
            <parameter key="Domain">preprod.atohppnet.gov.au</parameter>
            <parameter key="AuthorizedGlobalGroups">PREPRODHPPNET\RES_DCSAPI_LG</parameter>
            <parameter key="WAMUserName">PREPRODHPPNET\SVC_DCSCORRES_UA</parameter>
            <parameter key="SQLInstance">MSQSSQLAZG4UAT.uat.atoqnet.gov.au\SQL001</parameter>
            <parameter key="Hangfire.SQLInstance">hangfireDatabase${Level}.dcs.${domain},61301</parameter>
            <parameter key="MyDCSPort">12509</parameter>
            <parameter key="Level">UA</parameter>
            <parameter key="Database.Name">BETIDTrackingUATI</parameter>
        </instance>
        <instance key="UAI2">
            <parameter key="LegacyEnv">UATI</parameter>
            <parameter key="Environment">UAI</parameter>
            <parameter key="Domain">preprod.atohppnet.gov.au</parameter>
            <parameter key="AuthorizedGlobalGroups">PREPRODHPPNET\RES_DCSAPI_LG</parameter>
            <parameter key="WAMUserName">PREPRODHPPNET\SVC_DCSCORRES_UA</parameter>
            <parameter key="SQLInstance">MSQSSQLAZG4UAT.uat.atoqnet.gov.au\SQL001</parameter>
            <parameter key="Hangfire.SQLInstance">hangfireDatabase${Level}.dcs.${domain},61301</parameter>
            <parameter key="MyDCSPort">12509</parameter>
            <parameter key="Level">UA</parameter>
            <parameter key="Database.Name">BETIDTrackingUATI</parameter>
        </instance>
        <instance key="UAI3">
            <parameter key="LegacyEnv">UATI</parameter>
            <parameter key="Environment">UAI</parameter>
            <parameter key="Domain">preprod.atohppnet.gov.au</parameter>
            <parameter key="AuthorizedGlobalGroups">PREPRODHPPNET\RES_DCSAPI_LG</parameter>
            <parameter key="WAMUserName">PREPRODHPPNET\SVC_DCSCORRES_UA</parameter>
            <parameter key="SQLInstance">MSQSSQLAZG4UAT.uat.atoqnet.gov.au\SQL001</parameter>
            <parameter key="Hangfire.SQLInstance">hangfireDatabase${Level}.dcs.${domain},61301</parameter>
            <parameter key="MyDCSPort">12509</parameter>
            <parameter key="Level">UA</parameter>
            <parameter key="Database.Name">BETIDTrackingUATI</parameter>
        </instance>
        <instance key="UAK1">
            <parameter key="LegacyEnv">UATK</parameter>
            <parameter key="Environment">UAK</parameter>
            <parameter key="Domain">preprod.atohppnet.gov.au</parameter>
            <parameter key="AuthorizedGlobalGroups">PREPRODHPPNET\RES_DCSAPI_LG</parameter>
            <parameter key="WAMUserName">PREPRODHPPNET\SVC_DCSCORRES_UA</parameter>
            <parameter key="SQLInstance">MSQSSQLAZG4UAT.uat.atoqnet.gov.au\SQL001</parameter>
            <parameter key="Hangfire.SQLInstance">hangfireDatabase${Level}.dcs.${domain},61301</parameter>
            <parameter key="MyDCSPort">12511</parameter>
            <parameter key="Level">UA</parameter>
            <parameter key="Database.Name">BETIDTrackingUATK</parameter>
        </instance>
        <instance key="UAK2">
            <parameter key="LegacyEnv">UATK</parameter>
            <parameter key="Environment">UAK</parameter>
            <parameter key="Domain">preprod.atohppnet.gov.au</parameter>
            <parameter key="AuthorizedGlobalGroups">PREPRODHPPNET\RES_DCSAPI_LG</parameter>
            <parameter key="WAMUserName">PREPRODHPPNET\SVC_DCSCORRES_UA</parameter>
            <parameter key="SQLInstance">MSQSSQLAZG4UAT.uat.atoqnet.gov.au\SQL001</parameter>
            <parameter key="Hangfire.SQLInstance">hangfireDatabase${Level}.dcs.${domain},61301</parameter>
            <parameter key="MyDCSPort">12511</parameter>
            <parameter key="Level">UA</parameter>
            <parameter key="Database.Name">BETIDTrackingUATK</parameter>
        </instance>
        <instance key="UAK3">
            <parameter key="LegacyEnv">UATK</parameter>
            <parameter key="Environment">UAK</parameter>
            <parameter key="Domain">preprod.atohppnet.gov.au</parameter>
            <parameter key="AuthorizedGlobalGroups">PREPRODHPPNET\RES_DCSAPI_LG</parameter>
            <parameter key="WAMUserName">PREPRODHPPNET\SVC_DCSCORRES_UA</parameter>
            <parameter key="SQLInstance">MSQSSQLAZG4UAT.uat.atoqnet.gov.au\SQL001</parameter>
            <parameter key="Hangfire.SQLInstance">hangfireDatabase${Level}.dcs.${domain},61301</parameter>
            <parameter key="MyDCSPort">12511</parameter>
            <parameter key="Level">UA</parameter>
            <parameter key="Database.Name">BETIDTrackingUATK</parameter>
        </instance>
        <instance key="PRD1">
            <parameter key="LegacyEnv">PROD</parameter>
            <parameter key="Environment">PRD</parameter>
            <parameter key="Domain">prod.atohnet.gov.au</parameter>
            <parameter key="AuthorizedGlobalGroups">PRODHNET\RES_DCSAPI_LG</parameter>
            <parameter key="WAMUserName">PRODHNET\SVC_DCSCORRES_PR</parameter>
            <parameter key="SQLInstance">MSQSSQLAZG5.PROD.ATONET.GOV.AU\SQL001</parameter>
            <parameter key="Hangfire.SQLInstance">hangfireDatabase${Level}.dcs.${domain},61301</parameter>
            <parameter key="MyDCSPort">12604</parameter>
            <parameter key="Level">PR</parameter>
            <parameter key="Website bindings">[https=&quot;*:443:dcsapi.dcs.${domain}&quot; sslFlags=&quot;0&quot; sslCertificate=&quot;server.dcs.${domain}&quot;];[https=&quot;*:${MyDCSPort}:*&quot; sslFlags=&quot;0&quot; sslCertificate=&quot;server.dcs.${domain}&quot;]</parameter>
            <parameter key="Database.Name">BETIDTracking</parameter>
            <parameter key="LogTestAutomationSwitch">FALSE</parameter>
            <parameter key="LogSubmitMessageSwitch">FALSE</parameter>
            <parameter key="LogGenerateMessageSwitch">FALSE</parameter>
        </instance>
        <instance key="PRD2">
            <parameter key="LegacyEnv">PROD</parameter>
            <parameter key="Environment">PRD</parameter>
            <parameter key="Domain">prod.atohnet.gov.au</parameter>
            <parameter key="AuthorizedGlobalGroups">PRODHNET\RES_DCSAPI_LG</parameter>
            <parameter key="WAMUserName">PRODHNET\SVC_DCSCORRES_PR</parameter>
            <parameter key="SQLInstance">MSQSSQLAZG5.PROD.ATONET.GOV.AU\SQL001</parameter>
            <parameter key="Hangfire.SQLInstance">hangfireDatabase${Level}.dcs.${domain},61301</parameter>
            <parameter key="MyDCSPort">12604</parameter>
            <parameter key="Level">PR</parameter>
            <parameter key="Website bindings">[https=&quot;*:443:dcsapi.dcs.${domain}&quot; sslFlags=&quot;0&quot; sslCertificate=&quot;server.dcs.${domain}&quot;];[https=&quot;*:${MyDCSPort}:*&quot; sslFlags=&quot;0&quot; sslCertificate=&quot;server.dcs.${domain}&quot;]</parameter>
            <parameter key="Database.Name">BETIDTracking</parameter>
            <parameter key="LogTestAutomationSwitch">FALSE</parameter>
            <parameter key="LogSubmitMessageSwitch">FALSE</parameter>
            <parameter key="LogGenerateMessageSwitch">FALSE</parameter>
        </instance>
        <instance key="PRD3">
            <parameter key="LegacyEnv">PROD</parameter>
            <parameter key="Environment">PRD</parameter>
            <parameter key="Domain">prod.atohnet.gov.au</parameter>
            <parameter key="AuthorizedGlobalGroups">PRODHNET\RES_DCSAPI_LG</parameter>
            <parameter key="WAMUserName">PRODHNET\SVC_DCSCORRES_PR</parameter>
            <parameter key="SQLInstance">MSQSSQLAZG5.PROD.ATONET.GOV.AU\SQL001</parameter>
            <parameter key="Hangfire.SQLInstance">hangfireDatabase${Level}.dcs.${domain},61301</parameter>
            <parameter key="MyDCSPort">12604</parameter>
            <parameter key="Level">PR</parameter>
            <parameter key="Website bindings">[https=&quot;*:443:dcsapi.dcs.${domain}&quot; sslFlags=&quot;0&quot; sslCertificate=&quot;server.dcs.${domain}&quot;];[https=&quot;*:${MyDCSPort}:*&quot; sslFlags=&quot;0&quot; sslCertificate=&quot;server.dcs.${domain}&quot;]</parameter>
            <parameter key="Database.Name">BETIDTracking</parameter>
            <parameter key="LogTestAutomationSwitch">FALSE</parameter>
            <parameter key="LogSubmitMessageSwitch">FALSE</parameter>
            <parameter key="LogGenerateMessageSwitch">FALSE</parameter>
        </instance>
    </environment>
</environments>
