<?xml version="1.0" encoding="utf-8"?>
<configuration>
  <CustomFunctions>
    <First>
      <Function name="Add-DomainUserToLocalGroup">
        <domainUserName>${winServiceIdentity}</domainUserName>
        <localGroup>Administrators</localGroup>
      </Function>
      <Function name="Grant-LogOnAsAservice" domainUserName="${winServiceIdentity}" />
      <Function name="New-Folder" directory="${PDFOutputPath}" />
      <Function name="New-Folder" directory="${WorkingFolderCreationPath}" />
      <Function name="New-SharedFolder" runapp="${Create_ScheduledTask}">
        <name>${InstanceKey}</name>
        <path>${InstallDrive}\${InstanceKey}</path>
        <fullaccess>${SharedFolderServiceIdentity}</fullaccess>
        <readaccess>everyone</readaccess>
      </Function>
      <Function name="New-SharedFolder" runapp="NOT ${Create_ScheduledTask}">
        <name>PROD</name>
        <path>${InstallDrive}\PROD</path>
        <fullaccess>${SharedFolderServiceIdentity}</fullaccess>
        <readaccess>everyone</readaccess>
      </Function>
    </First>
    <Last>
    </Last>
  </CustomFunctions>
</configuration>