<?xml version="1.0"?>
<configuration>
  <scheduledTasks runapp="${Create_ScheduledTask}">
  <task>
	  <TaskProperty>
        <taskName>${InstanceKey}-ElectronicBulkPrint-Job1</taskName>
        <description>Bulk Print ${InstanceKey} Job 1</description>
      </TaskProperty>
      <PrincipalProperty>
        <RunLevel>1</RunLevel>
      </PrincipalProperty>
      <ActionProperty>
        <Execute>${TargetDir}\WinSvcs\Ato.CD.Outbound.CorroGen.ElectronicBulkPrint\Ato.CD.Outbound.CorroGen.ElectronicScheduler.exe</Execute>
        <Arguments>-PEB</Arguments>
        <WorkingDirectory></WorkingDirectory>
      </ActionProperty>
      <SettingProperty>
        <Enabled>False</Enabled>
        <Hidden>False</Hidden>
      </SettingProperty>
      <TriggerProperty>
        <Frequency>daily</Frequency>
        <At>${EBulkJob1Start}</At>
        <Interval>1</Interval>
        <Repetition.Interval>PT${EBulkJob1Interval}</Repetition.Interval>
      </TriggerProperty>
	</task>
    <task>
      <TaskProperty>
        <taskName>${InstanceKey}-ElectronicBulkPrint-StartBatch</taskName>
        <description>Electronic Bulk Print ${InstanceKey} Batch Job</description>
      </TaskProperty>
      <PrincipalProperty>
        <RunLevel>1</RunLevel>
      </PrincipalProperty>
      <ActionProperty>
        <Execute>${TargetDir}\WinSvcs\Ato.CD.Outbound.CorroGen.ElectronicBulkPrint\Ato.CD.Outbound.CorroGen.ElectronicScheduler.exe</Execute>
        <Arguments>-E</Arguments>
        <WorkingDirectory></WorkingDirectory>
      </ActionProperty>
      <SettingProperty>
        <Enabled>False</Enabled>
        <Hidden>False</Hidden>
      </SettingProperty>
      <TriggerProperty>
        <Frequency>weekly</Frequency>
        <At>${EBulkBatchStart}</At>
		<Interval>1</Interval>
        <Repetition.Interval>PT${EBulkBatchInterval}</Repetition.Interval>
		<Repetition.Duration>PT24H</Repetition.Duration>
		<Repetition.StopAtDurationEnd>True</Repetition.StopAtDurationEnd>
		<DaysOfWeek>${EBulkBatchDays}</DaysOfWeek>
      </TriggerProperty>
    </task>
  </scheduledTasks>
</configuration>