<?xml version="1.0" encoding="utf-8"?>
<!-- ******************************************************* -->
<!-- !!!!! NEVER UPDATE THIS ENVIRONMENT FILE DIRECTLY !!!!! -->
<!--                                                         -->
<!-- ALWAYS use the Excel environment file editor to update  -->
<!-- and then generate the environment file.                 -->
<!-- ******************************************************* -->
<environments applicationName="ElectronicBulkPrint" roleName="ElectronicBulkPrint=WinSvc" securityCode="12584">
    <environment key="Cloud - MyMachine - Default" remoteDeploymentGroupName="" remoteDeploymentServers="">
        <group key="Deployment">
            <parameter key="LegacyEnv"></parameter>
            <parameter key="Environment"></parameter>
            <parameter key="winServiceIdentity"></parameter>
            <parameter key="SharedFolderServiceIdentity"></parameter>
            <parameter key="QueueManager"></parameter>
            <parameter key="MQSeries.hostName"></parameter>
            <parameter key="MQSeries.port"></parameter>
            <parameter key="fileshare">\\fileshare${network}.dcs.${domain}\${Level}</parameter>
            <parameter key="network"></parameter>
            <parameter key="domain"></parameter>
            <parameter key="Level"></parameter>
        </group>
        <group key="General">
            <parameter key="ScheduledTaskIdentity">${winServiceIdentity}</parameter>
            <parameter key="Create_ScheduledTask">TRUE</parameter>
            <parameter key="DALC_Server">outboundDatabase${Level}.dcs.${domain},61301</parameter>
            <parameter key="DALC_Database">Outbound${Environment}</parameter>
            <parameter key="WorkingFolderCreationPath">${InstallDrive}\${Level}\${Environment}\Legacy\EWorkingFolders</parameter>
            <parameter key="PDFOutputPath">${InstallDrive}\${Level}\${Environment}\Legacy\Outfiles\PDF\</parameter>
            <parameter key="PsiDeploymentStatusEmailAddress">DCRTEnvironments2@ato.gov.au</parameter>
        </group>
        <group key="Dialogue V6">
            <parameter key="Dialogue6Enabled">true</parameter>
            <parameter key="Dialogue6Engine">${InstallDrive}\ExstreamV6\ProdEngine.exe</parameter>
            <parameter key="Dialogue6KeyFile">${InstallDrive}\KeysV6\Dialogue.ekf</parameter>
            <parameter key="Dialogue6InitializationFile">Initialization.txt</parameter>
            <parameter key="Dialogue6LookupFile">${InstallDrive}\${Environment}\DialogueV6\Lookup.csv</parameter>
            <parameter key="Dialogue6MessageResourceFile">${InstallDrive}\ExstreamV6\DialogueMsgResource_en-us.dat</parameter>
            <parameter key="Dialogue6PackagePath">${InstallDrive}\${Environment}\DialogueV6\</parameter>
            <parameter key="Dialogue6PDFPackageFile">PDFPackageFiles.txt</parameter>
        </group>
        <group key="Dialogue V8">
            <parameter key="Dialogue8Enabled">true</parameter>
            <parameter key="Dialogue8Engine">${InstallDrive}\ExstreamV8\ProdEngine.exe</parameter>
            <parameter key="Dialogue8KeyFile">${InstallDrive}\KeysV8\Dialogue.ekf</parameter>
            <parameter key="Dialogue8InitializationFile">Initialization.txt</parameter>
            <parameter key="Dialogue8LookupFile">${InstallDrive}\${Environment}\DialogueV8\Lookup.csv</parameter>
            <parameter key="Dialogue8MessageResourceFile">${InstallDrive}\ExstreamV8\MsgResource_en-us.dat</parameter>
            <parameter key="Dialogue8PackagePath">${InstallDrive}\${Environment}\DialogueV8\</parameter>
            <parameter key="Dialogue8PDFPackageFile">PDFPackageFiles.txt</parameter>
        </group>
        <group key="Dialogue V16.6">
            <parameter key="Dialogue166InitializationFile">Initialization.txt</parameter>
            <parameter key="Dialogue166LookupFile">${InstallDrive}\${Environment}\DialogueV166\Lookup.csv</parameter>
            <parameter key="Dialogue166PackagePath">${InstallDrive}\${Environment}\DialogueV166\</parameter>
            <parameter key="Dialogue166PDFPackageFile">PDFPackageFiles.txt</parameter>
        </group>
        <group key="Dialogue V16-DEK-fix">
            <parameter key="Dialogue16InitializationFile">Initialization.txt</parameter>
            <parameter key="Dialogue16LookupFile">${InstallDrive}\${Environment}\DialogueV166\Lookup.csv</parameter>
            <parameter key="Dialogue16PackagePath">${InstallDrive}\${Environment}\DialogueV166\</parameter>
            <parameter key="Dialogue16PDFPackageFile">PDFPackageFiles.txt</parameter>
        </group>
        <group key="Codes Table">
            <parameter key="CodesTableRemotingIP">interview${Environment}.dcs.${domain}:99</parameter>
            <parameter key="CodesTablePath">Ato.CD.RemotingInterface</parameter>
            <parameter key="CodesTableRem">CodesTables.rem</parameter>
        </group>
        <group key="MQ">
            <parameter key="ChannelName">OUT.CGS01</parameter>
            <parameter key="MQSeries.isServer">FALSE</parameter>
            <parameter key="MQServer.Channel.Cleanup">FALSE</parameter>
            <parameter key="CCDTSourcePath">${InstallDrive}\EAI\CCDT</parameter>
            <parameter key="CCDTFile">${LegacyEnv}.OUT.TAB</parameter>
        </group>
        <group key="ScheduledTaskk">
            <parameter key="EBulkJob1Start">7:30</parameter>
            <parameter key="EBulkJob1Interval">10M</parameter>
            <parameter key="EBulkBatchStart">7:35</parameter>
            <parameter key="EBulkBatchInterval">10M</parameter>
            <parameter key="EBulkBatchDays">Monday;Tuesday;Wednesday;Thursday;Friday;Saturday;Sunday</parameter>
        </group>
        <group key="CCS">
            <parameter key="Engine">16_6_20_64_sb</parameter>
            <parameter key="OpenTextDirectoryServicesUserName">tenantadmin</parameter>
            <parameter key="OpenTextDirectoryServicesPassword">password</parameter>
            <parameter key="OpenTextDirectoryServicesEndpoint">https://auth${Level}.dcs.${Domain}:8443/otdsws/v1/authentication/credentials</parameter>
            <parameter key="CommunicationsServerEndpoint">https://gateway${Level}.dcs.${Domain}:2719/v1/communications?version=1&amp;async=true</parameter>
            <parameter key="PollerTimeoutAfter">00:30:00</parameter>
            <parameter key="PollerTimeToWaitBetweenPolls">00:00:05</parameter>
        </group>
        <instance key="DEA">
            <parameter key="LegacyEnv">DEA</parameter>
            <parameter key="Environment">DEA</parameter>
            <parameter key="winServiceIdentity">DevTest\SVC_DCSCORRES_DE</parameter>
            <parameter key="SharedFolderServiceIdentity">DevTest\SVC_DCSCORRES_DE;DevTest\RES_DCS_TEMPLATE_LG</parameter>
            <parameter key="QueueManager">CGS_1A01</parameter>
            <parameter key="MQSeries.hostName">10.195.108.51</parameter>
            <parameter key="MQSeries.port">1414</parameter>
            <parameter key="network">DT</parameter>
            <parameter key="domain">devtest.atohdtnet.gov.au</parameter>
            <parameter key="Level">DE</parameter>
        </instance>
        <instance key="DEB">
            <parameter key="LegacyEnv">DEB</parameter>
            <parameter key="Environment">DEB</parameter>
            <parameter key="winServiceIdentity">DevTest\SVC_DCSCORRES_DE</parameter>
            <parameter key="SharedFolderServiceIdentity">DevTest\SVC_DCSCORRES_DE;DevTest\RES_DCS_TEMPLATE_LG</parameter>
            <parameter key="QueueManager">CGS_1B01</parameter>
            <parameter key="MQSeries.hostName">10.195.104.171</parameter>
            <parameter key="MQSeries.port">1414</parameter>
            <parameter key="network">DT</parameter>
            <parameter key="domain">devtest.atohdtnet.gov.au</parameter>
            <parameter key="Level">DE</parameter>
        </instance>
        <instance key="DEE">
            <parameter key="LegacyEnv">DEE</parameter>
            <parameter key="Environment">DEE</parameter>
            <parameter key="winServiceIdentity">DevTest\SVC_DCSCORRES_DE</parameter>
            <parameter key="SharedFolderServiceIdentity">DevTest\SVC_DCSCORRES_DE;DevTest\RES_DCS_TEMPLATE_LG</parameter>
            <parameter key="QueueManager">CGSCD401</parameter>
            <parameter key="MQSeries.hostName">10.49.192.70</parameter>
            <parameter key="MQSeries.port">1416</parameter>
            <parameter key="network">DT</parameter>
            <parameter key="domain">devtest.atohdtnet.gov.au</parameter>
            <parameter key="Level">DE</parameter>
        </instance>
        <instance key="DEH">
            <parameter key="LegacyEnv">DEVH</parameter>
            <parameter key="Environment">DEH</parameter>
            <parameter key="winServiceIdentity">DevTest\SVC_DCSCORRES_DE</parameter>
            <parameter key="SharedFolderServiceIdentity">DevTest\SVC_DCSCORRES_DE;DevTest\RES_DCS_TEMPLATE_LG</parameter>
            <parameter key="QueueManager">CGS_1_01</parameter>
            <parameter key="MQSeries.hostName">10.192.57.216</parameter>
            <parameter key="MQSeries.port">1414</parameter>
            <parameter key="network">DT</parameter>
            <parameter key="domain">devtest.atohdtnet.gov.au</parameter>
            <parameter key="Level">DE</parameter>
        </instance>
        <instance key="DEM">
            <parameter key="LegacyEnv">DEM</parameter>
            <parameter key="Environment">DEM</parameter>
            <parameter key="winServiceIdentity">DevTest\SVC_DCSCORRES_DE</parameter>
            <parameter key="SharedFolderServiceIdentity">DevTest\SVC_DCSCORRES_DE;DevTest\RES_DCS_TEMPLATE_LG</parameter>
            <parameter key="QueueManager">CGS_1R01</parameter>
            <parameter key="MQSeries.hostName">10.195.104.222</parameter>
            <parameter key="MQSeries.port">1414</parameter>
            <parameter key="network">DT</parameter>
            <parameter key="domain">devtest.atohdtnet.gov.au</parameter>
            <parameter key="Level">DE</parameter>
        </instance>
        <instance key="DEK">
            <parameter key="LegacyEnv">DEVK</parameter>
            <parameter key="Environment">DEK</parameter>
            <parameter key="winServiceIdentity">DevTest\SVC_DCSCORRES_DE</parameter>
            <parameter key="SharedFolderServiceIdentity">DevTest\SVC_DCSCORRES_DE;DevTest\RES_DCS_TEMPLATE_LG</parameter>
            <parameter key="QueueManager">CGS_T_01</parameter>
            <parameter key="MQSeries.hostName">10.192.57.216</parameter>
            <parameter key="MQSeries.port">1414</parameter>
            <parameter key="network">DT</parameter>
            <parameter key="domain">devtest.atohdtnet.gov.au</parameter>
            <parameter key="Level">DE</parameter>
        </instance>
        <instance key="DEQ">
            <parameter key="LegacyEnv">DEVQ</parameter>
            <parameter key="Environment">DEQ</parameter>
            <parameter key="winServiceIdentity">DevTest\SVC_DCSCORRES_DE</parameter>
            <parameter key="SharedFolderServiceIdentity">DevTest\SVC_DCSCORRES_DE;DevTest\RES_DCS_TEMPLATE_LG</parameter>
            <parameter key="QueueManager">CGS_4_01</parameter>
            <parameter key="MQSeries.hostName">10.192.57.216</parameter>
            <parameter key="MQSeries.port">1414</parameter>
            <parameter key="network">DT</parameter>
            <parameter key="domain">devtest.atohdtnet.gov.au</parameter>
            <parameter key="Level">DE</parameter>
        </instance>
        <instance key="DEW">
            <parameter key="LegacyEnv">DEVW</parameter>
            <parameter key="Environment">DEW</parameter>
            <parameter key="winServiceIdentity">DevTest\SVC_DCSCORRES_DE</parameter>
            <parameter key="SharedFolderServiceIdentity">DevTest\SVC_DCSCORRES_DE;DevTest\RES_DCS_TEMPLATE_LG</parameter>
            <parameter key="QueueManager">CGS_1L01</parameter>
            <parameter key="MQSeries.hostName">10.192.57.216</parameter>
            <parameter key="MQSeries.port">1414</parameter>
            <parameter key="network">DT</parameter>
            <parameter key="domain">devtest.atohdtnet.gov.au</parameter>
            <parameter key="Level">DE</parameter>
        </instance>
        <instance key="DEI">
            <parameter key="LegacyEnv">DEVI</parameter>
            <parameter key="Environment">DEI</parameter>
            <parameter key="winServiceIdentity">DevTest\SVC_DCSCORRES_DE</parameter>
            <parameter key="SharedFolderServiceIdentity">DevTest\SVC_DCSCORRES_DE;DevTest\RES_DCS_TEMPLATE_LG</parameter>
            <parameter key="QueueManager">CGS_A_01</parameter>
            <parameter key="MQSeries.hostName">10.195.104.222</parameter>
            <parameter key="MQSeries.port">1414</parameter>
            <parameter key="network">DT</parameter>
            <parameter key="domain">devtest.atohdtnet.gov.au</parameter>
            <parameter key="Level">DE</parameter>
        </instance>
        <instance key="ATA">
            <parameter key="LegacyEnv">ATA</parameter>
            <parameter key="Environment">ATA</parameter>
            <parameter key="winServiceIdentity">DevTest\SVC_DCSCORRES_AT</parameter>
            <parameter key="SharedFolderServiceIdentity">DevTest\SVC_DCSCORRES_AT;DevTest\RES_DCS_TEMPLATE_LG</parameter>
            <parameter key="QueueManager">CGS_2B01</parameter>
            <parameter key="MQSeries.hostName">10.195.104.55</parameter>
            <parameter key="MQSeries.port">1414</parameter>
            <parameter key="network">DT</parameter>
            <parameter key="domain">devtest.atohdtnet.gov.au</parameter>
            <parameter key="Level">AT</parameter>
        </instance>
        <instance key="ATB">
            <parameter key="LegacyEnv">ATB</parameter>
            <parameter key="Environment">ATB</parameter>
            <parameter key="winServiceIdentity">DevTest\SVC_DCSCORRES_AT</parameter>
            <parameter key="SharedFolderServiceIdentity">DevTest\SVC_DCSCORRES_AT;DevTest\RES_DCS_TEMPLATE_LG</parameter>
            <parameter key="QueueManager">CGS_2A01</parameter>
            <parameter key="MQSeries.hostName">10.195.104.196</parameter>
            <parameter key="MQSeries.port">1414</parameter>
            <parameter key="network">DT</parameter>
            <parameter key="domain">devtest.atohdtnet.gov.au</parameter>
            <parameter key="Level">AT</parameter>
        </instance>
        <instance key="ATG">
            <parameter key="LegacyEnv">ATG</parameter>
            <parameter key="Environment">ATG</parameter>
            <parameter key="winServiceIdentity">DevTest\SVC_DCSCORRES_AT</parameter>
            <parameter key="SharedFolderServiceIdentity">DevTest\SVC_DCSCORRES_AT;DevTest\RES_DCS_TEMPLATE_LG</parameter>
            <parameter key="QueueManager">CGS_2N01</parameter>
            <parameter key="MQSeries.hostName">10.192.46.36</parameter>
            <parameter key="MQSeries.port">1417</parameter>
            <parameter key="network">DT</parameter>
            <parameter key="domain">devtest.atohdtnet.gov.au</parameter>
            <parameter key="Level">AT</parameter>
        </instance>
        <instance key="ATH">
            <parameter key="LegacyEnv">ATH</parameter>
            <parameter key="Environment">ATH</parameter>
            <parameter key="winServiceIdentity">DevTest\SVC_DCSCORRES_AT</parameter>
            <parameter key="SharedFolderServiceIdentity">DevTest\SVC_DCSCORRES_AT;DevTest\RES_DCS_TEMPLATE_LG</parameter>
            <parameter key="QueueManager">CGS_E_01</parameter>
            <parameter key="MQSeries.hostName">10.195.104.196</parameter>
            <parameter key="MQSeries.port">1414</parameter>
            <parameter key="network">DT</parameter>
            <parameter key="domain">devtest.atohdtnet.gov.au</parameter>
            <parameter key="Level">AT</parameter>
        </instance>
        <instance key="ATJ">
            <parameter key="LegacyEnv">ATJ</parameter>
            <parameter key="Environment">ATJ</parameter>
            <parameter key="winServiceIdentity">DevTest\SVC_DCSCORRES_AT</parameter>
            <parameter key="SharedFolderServiceIdentity">DevTest\SVC_DCSCORRES_AT;DevTest\RES_DCS_TEMPLATE_LG</parameter>
            <parameter key="QueueManager">CGS_3_01</parameter>
            <parameter key="MQSeries.hostName">10.195.104.196</parameter>
            <parameter key="MQSeries.port">1414</parameter>
            <parameter key="network">DT</parameter>
            <parameter key="domain">devtest.atohdtnet.gov.au</parameter>
            <parameter key="Level">AT</parameter>
        </instance>
        <instance key="ATL">
            <parameter key="LegacyEnv">ATL</parameter>
            <parameter key="Environment">ATL</parameter>
            <parameter key="winServiceIdentity">DevTest\SVC_DCSCORRES_AT</parameter>
            <parameter key="SharedFolderServiceIdentity">DevTest\SVC_DCSCORRES_AT;DevTest\RES_DCS_TEMPLATE_LG</parameter>
            <parameter key="QueueManager">CGS_I_01</parameter>
            <parameter key="MQSeries.hostName">10.192.46.36</parameter>
            <parameter key="MQSeries.port">1414</parameter>
            <parameter key="network">DT</parameter>
            <parameter key="domain">devtest.atohdtnet.gov.au</parameter>
            <parameter key="Level">AT</parameter>
        </instance>
        <instance key="ATM">
            <parameter key="LegacyEnv">ATM</parameter>
            <parameter key="Environment">ATM</parameter>
            <parameter key="winServiceIdentity">DevTest\SVC_DCSCORRES_AT</parameter>
            <parameter key="SharedFolderServiceIdentity">DevTest\SVC_DCSCORRES_AT;DevTest\RES_DCS_TEMPLATE_LG</parameter>
            <parameter key="QueueManager">CGS_2_01</parameter>
            <parameter key="MQSeries.hostName">10.195.104.252</parameter>
            <parameter key="MQSeries.port">1414</parameter>
            <parameter key="network">DT</parameter>
            <parameter key="domain">devtest.atohdtnet.gov.au</parameter>
            <parameter key="Level">AT</parameter>
        </instance>
        <instance key="ATN">
            <parameter key="LegacyEnv">ATN</parameter>
            <parameter key="Environment">ATN</parameter>
            <parameter key="winServiceIdentity">DevTest\SVC_DCSCORRES_AT</parameter>
            <parameter key="SharedFolderServiceIdentity">DevTest\SVC_DCSCORRES_AT;DevTest\RES_DCS_TEMPLATE_LG</parameter>
            <parameter key="QueueManager">CGS_K_01</parameter>
            <parameter key="MQSeries.hostName">10.192.46.36</parameter>
            <parameter key="MQSeries.port">1415</parameter>
            <parameter key="network">DT</parameter>
            <parameter key="domain">devtest.atohdtnet.gov.au</parameter>
            <parameter key="Level">AT</parameter>
        </instance>
        <instance key="ATQ">
            <parameter key="LegacyEnv">ATQ</parameter>
            <parameter key="Environment">ATQ</parameter>
            <parameter key="winServiceIdentity">DevTest\SVC_DCSCORRES_AT</parameter>
            <parameter key="SharedFolderServiceIdentity">DevTest\SVC_DCSCORRES_AT;DevTest\RES_DCS_TEMPLATE_LG</parameter>
            <parameter key="QueueManager">CGSCA401</parameter>
            <parameter key="MQSeries.hostName">10.49.192.65</parameter>
            <parameter key="MQSeries.port">1416</parameter>
            <parameter key="network">DT</parameter>
            <parameter key="domain">devtest.atohdtnet.gov.au</parameter>
            <parameter key="Level">AT</parameter>
        </instance>
        <instance key="PTA">
            <parameter key="LegacyEnv">PTA</parameter>
            <parameter key="Environment">PTA</parameter>
            <parameter key="winServiceIdentity">DevTest\SVC_DCSCORRES_PT</parameter>
            <parameter key="SharedFolderServiceIdentity">DevTest\SVC_DCSCORRES_PT;DevTest\RES_DCS_TEMPLATE_LG</parameter>
            <parameter key="QueueManager">CGS_3C01</parameter>
            <parameter key="MQSeries.hostName">10.195.112.35</parameter>
            <parameter key="MQSeries.port">1415</parameter>
            <parameter key="network">DT</parameter>
            <parameter key="domain">devtest.atohdtnet.gov.au</parameter>
            <parameter key="Level">PT</parameter>
        </instance>
        <instance key="PTB">
            <parameter key="LegacyEnv">PTB</parameter>
            <parameter key="Environment">PTB</parameter>
            <parameter key="winServiceIdentity">DevTest\SVC_DCSCORRES_PT</parameter>
            <parameter key="SharedFolderServiceIdentity">DevTest\SVC_DCSCORRES_PT;DevTest\RES_DCS_TEMPLATE_LG</parameter>
            <parameter key="QueueManager">CGS_3G01</parameter>
            <parameter key="MQSeries.hostName">10.195.112.90</parameter>
            <parameter key="MQSeries.port">1415</parameter>
            <parameter key="network">DT</parameter>
            <parameter key="domain">devtest.atohdtnet.gov.au</parameter>
            <parameter key="Level">PT</parameter>
        </instance>
        <instance key="PTE">
            <parameter key="LegacyEnv">PTE</parameter>
            <parameter key="Environment">PTE</parameter>
            <parameter key="winServiceIdentity">DevTest\SVC_DCSCORRES_PT</parameter>
            <parameter key="SharedFolderServiceIdentity">DevTest\SVC_DCSCORRES_PT;DevTest\RES_DCS_TEMPLATE_LG</parameter>
            <parameter key="QueueManager">CGS_3F01</parameter>
            <parameter key="MQSeries.hostName">10.7.12.95</parameter>
            <parameter key="MQSeries.port">1415</parameter>
            <parameter key="network">DT</parameter>
            <parameter key="domain">devtest.atohdtnet.gov.au</parameter>
            <parameter key="Level">PT</parameter>
        </instance>
        <instance key="PTG">
            <parameter key="LegacyEnv">PTG</parameter>
            <parameter key="Environment">PTG</parameter>
            <parameter key="winServiceIdentity">DevTest\SVC_DCSCORRES_PT</parameter>
            <parameter key="SharedFolderServiceIdentity">DevTest\SVC_DCSCORRES_PT;DevTest\RES_DCS_TEMPLATE_LG</parameter>
            <parameter key="QueueManager">CGS_C_01</parameter>
            <parameter key="MQSeries.hostName">10.7.12.95</parameter>
            <parameter key="MQSeries.port">1415</parameter>
            <parameter key="network">DT</parameter>
            <parameter key="domain">devtest.atohdtnet.gov.au</parameter>
            <parameter key="Level">PT</parameter>
        </instance>
        <instance key="PTH">
            <parameter key="LegacyEnv">PTH</parameter>
            <parameter key="Environment">PTH</parameter>
            <parameter key="winServiceIdentity">DevTest\SVC_DCSCORRES_PT</parameter>
            <parameter key="SharedFolderServiceIdentity">DevTest\SVC_DCSCORRES_PT;DevTest\RES_DCS_TEMPLATE_LG</parameter>
            <parameter key="QueueManager">CGS_Q_01</parameter>
            <parameter key="MQSeries.hostName">10.7.12.95</parameter>
            <parameter key="MQSeries.port">1417</parameter>
            <parameter key="network">DT</parameter>
            <parameter key="domain">devtest.atohdtnet.gov.au</parameter>
            <parameter key="Level">PT</parameter>
        </instance>
        <instance key="PTI">
            <parameter key="LegacyEnv">PTI</parameter>
            <parameter key="Environment">PTI</parameter>
            <parameter key="winServiceIdentity">DevTest\SVC_DCSCORRES_PT</parameter>
            <parameter key="SharedFolderServiceIdentity">DevTest\SVC_DCSCORRES_PT;DevTest\RES_DCS_TEMPLATE_LG</parameter>
            <parameter key="QueueManager">CGS_G_01</parameter>
            <parameter key="MQSeries.hostName">10.7.12.95</parameter>
            <parameter key="MQSeries.port">1417</parameter>
            <parameter key="network">DT</parameter>
            <parameter key="domain">devtest.atohdtnet.gov.au</parameter>
            <parameter key="Level">PT</parameter>
        </instance>
        <instance key="PTJ">
            <parameter key="LegacyEnv">PTJ</parameter>
            <parameter key="Environment">PTJ</parameter>
            <parameter key="winServiceIdentity">DevTest\SVC_DCSCORRES_PT</parameter>
            <parameter key="SharedFolderServiceIdentity">DevTest\SVC_DCSCORRES_PT;DevTest\RES_DCS_TEMPLATE_LG</parameter>
            <parameter key="QueueManager">CGS_3L01</parameter>
            <parameter key="MQSeries.hostName">10.7.12.95</parameter>
            <parameter key="MQSeries.port">1417</parameter>
            <parameter key="network">DT</parameter>
            <parameter key="domain">devtest.atohdtnet.gov.au</parameter>
            <parameter key="Level">PT</parameter>
        </instance>
        <instance key="PTK">
            <parameter key="LegacyEnv">PTK</parameter>
            <parameter key="Environment">PTK</parameter>
            <parameter key="winServiceIdentity">DevTest\SVC_DCSCORRES_PT</parameter>
            <parameter key="SharedFolderServiceIdentity">DevTest\SVC_DCSCORRES_PT;DevTest\RES_DCS_TEMPLATE_LG</parameter>
            <parameter key="QueueManager">CGS_3K01</parameter>
            <parameter key="MQSeries.hostName">10.7.12.95</parameter>
            <parameter key="MQSeries.port">1417</parameter>
            <parameter key="network">DT</parameter>
            <parameter key="domain">devtest.atohdtnet.gov.au</parameter>
            <parameter key="Level">PT</parameter>
        </instance>
        <instance key="PTM">
            <parameter key="LegacyEnv">PTM</parameter>
            <parameter key="Environment">PTM</parameter>
            <parameter key="winServiceIdentity">DevTest\SVC_DCSCORRES_PT</parameter>
            <parameter key="SharedFolderServiceIdentity">DevTest\SVC_DCSCORRES_PT;DevTest\RES_DCS_TEMPLATE_LG</parameter>
            <parameter key="QueueManager">CGS_3N01</parameter>
            <parameter key="MQSeries.hostName">10.195.112.117</parameter>
            <parameter key="MQSeries.port">1414</parameter>
            <parameter key="network">DT</parameter>
            <parameter key="domain">devtest.atohdtnet.gov.au</parameter>
            <parameter key="Level">PT</parameter>
        </instance>
        <instance key="PTQ">
            <parameter key="LegacyEnv">PTQ</parameter>
            <parameter key="Environment">PTQ</parameter>
            <parameter key="winServiceIdentity">DevTest\SVC_DCSCORRES_PT</parameter>
            <parameter key="SharedFolderServiceIdentity">DevTest\SVC_DCSCORRES_PT;DevTest\RES_DCS_TEMPLATE_LG</parameter>
            <parameter key="QueueManager">CGSCT401</parameter>
            <parameter key="MQSeries.hostName">10.49.192.73</parameter>
            <parameter key="MQSeries.port">1416</parameter>
            <parameter key="network">DT</parameter>
            <parameter key="domain">devtest.atohdtnet.gov.au</parameter>
            <parameter key="Level">PT</parameter>
        </instance>
        <instance key="PTR">
            <parameter key="LegacyEnv">PTR</parameter>
            <parameter key="Environment">PTR</parameter>
            <parameter key="winServiceIdentity">DevTest\SVC_DCSCORRES_PT</parameter>
            <parameter key="SharedFolderServiceIdentity">DevTest\SVC_DCSCORRES_PT;DevTest\RES_DCS_TEMPLATE_LG</parameter>
            <parameter key="QueueManager">CGS_3A01</parameter>
            <parameter key="MQSeries.hostName">10.192.16.50</parameter>
            <parameter key="MQSeries.port">1414</parameter>
            <parameter key="network">DT</parameter>
            <parameter key="domain">devtest.atohdtnet.gov.au</parameter>
            <parameter key="Level">PT</parameter>
        </instance>
        <instance key="PTW">
            <parameter key="LegacyEnv">PTW</parameter>
            <parameter key="Environment">PTW</parameter>
            <parameter key="winServiceIdentity">DevTest\SVC_DCSCORRES_PT</parameter>
            <parameter key="SharedFolderServiceIdentity">DevTest\SVC_DCSCORRES_PT;DevTest\RES_DCS_TEMPLATE_LG</parameter>
            <parameter key="QueueManager">CGS_3I01</parameter>
            <parameter key="MQSeries.hostName">10.192.71.69</parameter>
            <parameter key="MQSeries.port">1417</parameter>
            <parameter key="network">DT</parameter>
            <parameter key="domain">devtest.atohdtnet.gov.au</parameter>
            <parameter key="Level">PT</parameter>
        </instance>
        <instance key="PFB1">
            <parameter key="LegacyEnv">PRFB</parameter>
            <parameter key="Environment">PFB</parameter>
            <parameter key="winServiceIdentity">PREPRODHPPNET\SVC_DCSCORRES_PF</parameter>
            <parameter key="SharedFolderServiceIdentity">PREPRODHPPNET\SVC_DCSCORRES_PF;PREPRODHPPNET\RES_DCS_TEMPLATE_LG</parameter>
            <parameter key="QueueManager">CGSCW_01</parameter>
            <parameter key="MQSeries.hostName">10.196.104.135</parameter>
            <parameter key="MQSeries.port">1414</parameter>
            <parameter key="network">PP</parameter>
            <parameter key="domain">preprod.atohppnet.gov.au</parameter>
            <parameter key="Level">PF</parameter>
            <parameter key="CCDTFile">${LegacyEnv}.C.OUT.TAB</parameter>
            <parameter key="EBulkJob1Start">9:00</parameter>
            <parameter key="EBulkJob1Interval">10M</parameter>
            <parameter key="EBulkBatchStart">00:15</parameter>
            <parameter key="EBulkBatchInterval">30M</parameter>
            <parameter key="EBulkBatchDays">Monday;Tuesday;Wednesday;Thursday;Friday;Saturday;Sunday</parameter>
        </instance>
        <instance key="PFB2">
            <parameter key="LegacyEnv">PRFB</parameter>
            <parameter key="Environment">PFB</parameter>
            <parameter key="winServiceIdentity">PREPRODHPPNET\SVC_DCSCORRES_PF</parameter>
            <parameter key="SharedFolderServiceIdentity">PREPRODHPPNET\SVC_DCSCORRES_PF;PREPRODHPPNET\RES_DCS_TEMPLATE_LG</parameter>
            <parameter key="QueueManager">CGSCW_02</parameter>
            <parameter key="MQSeries.hostName">10.196.104.215</parameter>
            <parameter key="MQSeries.port">1414</parameter>
            <parameter key="network">PP</parameter>
            <parameter key="domain">preprod.atohppnet.gov.au</parameter>
            <parameter key="Level">PF</parameter>
            <parameter key="WorkingFolderCreationPath">\\legacyApplicationPFaz1n1.dcs.${domain}\${Level}\${Environment}\Legacy\EWorkingFolders\</parameter>
            <parameter key="PDFOutputPath">\\legacyApplicationPFaz1n1.dcs.${domain}\${Level}\${Environment}\Legacy\Outfiles\PDF\</parameter>
            <parameter key="CCDTFile">${LegacyEnv}.C.OUT.TAB</parameter>
            <parameter key="EBulkJob1Start">9:00</parameter>
            <parameter key="EBulkJob1Interval">10M</parameter>
            <parameter key="EBulkBatchStart">00:15</parameter>
            <parameter key="EBulkBatchInterval">30M</parameter>
            <parameter key="EBulkBatchDays">Monday;Tuesday;Wednesday;Thursday;Friday;Saturday;Sunday</parameter>
        </instance>
        <instance key="PFB3">
            <parameter key="LegacyEnv">PRFB</parameter>
            <parameter key="Environment">PFB</parameter>
            <parameter key="winServiceIdentity">PREPRODHPPNET\SVC_DCSCORRES_PF</parameter>
            <parameter key="SharedFolderServiceIdentity">PREPRODHPPNET\SVC_DCSCORRES_PF;PREPRODHPPNET\RES_DCS_TEMPLATE_LG</parameter>
            <parameter key="QueueManager">CGSCW_03</parameter>
            <parameter key="MQSeries.hostName">10.196.110.21</parameter>
            <parameter key="MQSeries.port">1414</parameter>
            <parameter key="network">PP</parameter>
            <parameter key="domain">preprod.atohppnet.gov.au</parameter>
            <parameter key="Level">PF</parameter>
            <parameter key="WorkingFolderCreationPath">\\legacyApplicationPFaz1n1.dcs.${domain}\${Level}\${Environment}\Legacy\EWorkingFolders\</parameter>
            <parameter key="PDFOutputPath">\\legacyApplicationPFaz1n1.dcs.${domain}\${Level}\${Environment}\Legacy\Outfiles\PDF\</parameter>
            <parameter key="CCDTFile">${LegacyEnv}.C.OUT.TAB</parameter>
            <parameter key="EBulkJob1Start">9:00</parameter>
            <parameter key="EBulkJob1Interval">10M</parameter>
            <parameter key="EBulkBatchStart">00:15</parameter>
            <parameter key="EBulkBatchInterval">30M</parameter>
            <parameter key="EBulkBatchDays">Monday;Tuesday;Wednesday;Thursday;Friday;Saturday;Sunday</parameter>
        </instance>
        <instance key="PFE1">
            <parameter key="LegacyEnv">PRFE</parameter>
            <parameter key="Environment">PFE</parameter>
            <parameter key="winServiceIdentity">PREPRODHPPNET\SVC_DCSCORRES_PF</parameter>
            <parameter key="SharedFolderServiceIdentity">PREPRODHPPNET\SVC_DCSCORRES_PF;PREPRODHPPNET\RES_DCS_TEMPLATE_LG</parameter>
            <parameter key="QueueManager">CGSCU_01</parameter>
            <parameter key="MQSeries.hostName">10.196.104.135</parameter>
            <parameter key="MQSeries.port">1415</parameter>
            <parameter key="network">PP</parameter>
            <parameter key="domain">preprod.atohppnet.gov.au</parameter>
            <parameter key="Level">PF</parameter>
            <parameter key="CCDTFile">${LegacyEnv}.C.OUT.TAB</parameter>
            <parameter key="EBulkJob1Start">9:00</parameter>
            <parameter key="EBulkJob1Interval">10M</parameter>
            <parameter key="EBulkBatchStart">00:15</parameter>
            <parameter key="EBulkBatchInterval">30M</parameter>
            <parameter key="EBulkBatchDays">Monday;Tuesday;Wednesday;Thursday;Friday;Saturday;Sunday</parameter>
        </instance>
        <instance key="PFE2">
            <parameter key="LegacyEnv">PRFE</parameter>
            <parameter key="Environment">PFE</parameter>
            <parameter key="winServiceIdentity">PREPRODHPPNET\SVC_DCSCORRES_PF</parameter>
            <parameter key="SharedFolderServiceIdentity">PREPRODHPPNET\SVC_DCSCORRES_PF;PREPRODHPPNET\RES_DCS_TEMPLATE_LG</parameter>
            <parameter key="QueueManager">CGSCU_02</parameter>
            <parameter key="MQSeries.hostName">10.196.104.215</parameter>
            <parameter key="MQSeries.port">1415</parameter>
            <parameter key="network">PP</parameter>
            <parameter key="domain">preprod.atohppnet.gov.au</parameter>
            <parameter key="Level">PF</parameter>
            <parameter key="WorkingFolderCreationPath">\\legacyApplicationPFaz1n1.dcs.${domain}\${Level}\${Environment}\Legacy\EWorkingFolders\</parameter>
            <parameter key="PDFOutputPath">\\legacyApplicationPFaz1n1.dcs.${domain}\${Level}\${Environment}\Legacy\Outfiles\PDF\</parameter>
            <parameter key="CCDTFile">${LegacyEnv}.C.OUT.TAB</parameter>
            <parameter key="EBulkJob1Start">9:00</parameter>
            <parameter key="EBulkJob1Interval">10M</parameter>
            <parameter key="EBulkBatchStart">00:15</parameter>
            <parameter key="EBulkBatchInterval">30M</parameter>
            <parameter key="EBulkBatchDays">Monday;Tuesday;Wednesday;Thursday;Friday;Saturday;Sunday</parameter>
        </instance>
        <instance key="PFE3">
            <parameter key="LegacyEnv">PRFE</parameter>
            <parameter key="Environment">PFE</parameter>
            <parameter key="winServiceIdentity">PREPRODHPPNET\SVC_DCSCORRES_PF</parameter>
            <parameter key="SharedFolderServiceIdentity">PREPRODHPPNET\SVC_DCSCORRES_PF;PREPRODHPPNET\RES_DCS_TEMPLATE_LG</parameter>
            <parameter key="QueueManager">CGSCU_03</parameter>
            <parameter key="MQSeries.hostName">10.196.110.21</parameter>
            <parameter key="MQSeries.port">1415</parameter>
            <parameter key="network">PP</parameter>
            <parameter key="domain">preprod.atohppnet.gov.au</parameter>
            <parameter key="Level">PF</parameter>
            <parameter key="WorkingFolderCreationPath">\\legacyApplicationPFaz1n1.dcs.${domain}\${Level}\${Environment}\Legacy\EWorkingFolders\</parameter>
            <parameter key="PDFOutputPath">\\legacyApplicationPFaz1n1.dcs.${domain}\${Level}\${Environment}\Legacy\Outfiles\PDF\</parameter>
            <parameter key="CCDTFile">${LegacyEnv}.C.OUT.TAB</parameter>
            <parameter key="EBulkJob1Start">9:00</parameter>
            <parameter key="EBulkJob1Interval">10M</parameter>
            <parameter key="EBulkBatchStart">00:15</parameter>
            <parameter key="EBulkBatchInterval">30M</parameter>
            <parameter key="EBulkBatchDays">Monday;Tuesday;Wednesday;Thursday;Friday;Saturday;Sunday</parameter>
        </instance>
        <instance key="PFG1">
            <parameter key="LegacyEnv">PRFG</parameter>
            <parameter key="Environment">PFG</parameter>
            <parameter key="winServiceIdentity">PREPRODHPPNET\SVC_DCSCORRES_PF</parameter>
            <parameter key="SharedFolderServiceIdentity">PREPRODHPPNET\SVC_DCSCORRES_PF;PREPRODHPPNET\RES_DCS_TEMPLATE_LG</parameter>
            <parameter key="QueueManager">CGS_S_01</parameter>
            <parameter key="MQSeries.hostName">10.10.160.203</parameter>
            <parameter key="MQSeries.port">1414</parameter>
            <parameter key="network">PP</parameter>
            <parameter key="domain">preprod.atohppnet.gov.au</parameter>
            <parameter key="Level">PF</parameter>
            <parameter key="CCDTFile">${LegacyEnv}.C.OUT.TAB</parameter>
            <parameter key="EBulkJob1Start">9:00</parameter>
            <parameter key="EBulkJob1Interval">10M</parameter>
            <parameter key="EBulkBatchStart">00:15</parameter>
            <parameter key="EBulkBatchInterval">30M</parameter>
            <parameter key="EBulkBatchDays">Monday;Tuesday;Wednesday;Thursday;Friday;Saturday;Sunday</parameter>
        </instance>
        <instance key="PFG2">
            <parameter key="LegacyEnv">PRFG</parameter>
            <parameter key="Environment">PFG</parameter>
            <parameter key="winServiceIdentity">PREPRODHPPNET\SVC_DCSCORRES_PF</parameter>
            <parameter key="SharedFolderServiceIdentity">PREPRODHPPNET\SVC_DCSCORRES_PF;PREPRODHPPNET\RES_DCS_TEMPLATE_LG</parameter>
            <parameter key="QueueManager">CGS_S_02</parameter>
            <parameter key="MQSeries.hostName">10.10.160.203</parameter>
            <parameter key="MQSeries.port">1414</parameter>
            <parameter key="network">PP</parameter>
            <parameter key="domain">preprod.atohppnet.gov.au</parameter>
            <parameter key="Level">PF</parameter>
            <parameter key="WorkingFolderCreationPath">\\legacyApplicationPFaz1n1.dcs.${domain}\${Level}\${Environment}\Legacy\EWorkingFolders\</parameter>
            <parameter key="PDFOutputPath">\\legacyApplicationPFaz1n1.dcs.${domain}\${Level}\${Environment}\Legacy\Outfiles\PDF\</parameter>
            <parameter key="CCDTFile">${LegacyEnv}.C.OUT.TAB</parameter>
            <parameter key="EBulkJob1Start">9:00</parameter>
            <parameter key="EBulkJob1Interval">10M</parameter>
            <parameter key="EBulkBatchStart">00:15</parameter>
            <parameter key="EBulkBatchInterval">30M</parameter>
            <parameter key="EBulkBatchDays">Monday;Tuesday;Wednesday;Thursday;Friday;Saturday;Sunday</parameter>
        </instance>
        <instance key="PFG3">
            <parameter key="LegacyEnv">PRFG</parameter>
            <parameter key="Environment">PFG</parameter>
            <parameter key="winServiceIdentity">PREPRODHPPNET\SVC_DCSCORRES_PF</parameter>
            <parameter key="SharedFolderServiceIdentity">PREPRODHPPNET\SVC_DCSCORRES_PF;PREPRODHPPNET\RES_DCS_TEMPLATE_LG</parameter>
            <parameter key="QueueManager">CGS_S_03</parameter>
            <parameter key="MQSeries.hostName">10.10.160.203</parameter>
            <parameter key="MQSeries.port">1414</parameter>
            <parameter key="network">PP</parameter>
            <parameter key="domain">preprod.atohppnet.gov.au</parameter>
            <parameter key="Level">PF</parameter>
            <parameter key="WorkingFolderCreationPath">\\legacyApplicationPFaz1n1.dcs.${domain}\${Level}\${Environment}\Legacy\EWorkingFolders\</parameter>
            <parameter key="PDFOutputPath">\\legacyApplicationPFaz1n1.dcs.${domain}\${Level}\${Environment}\Legacy\Outfiles\PDF\</parameter>
            <parameter key="CCDTFile">${LegacyEnv}.C.OUT.TAB</parameter>
            <parameter key="EBulkJob1Start">9:00</parameter>
            <parameter key="EBulkJob1Interval">10M</parameter>
            <parameter key="EBulkBatchStart">00:15</parameter>
            <parameter key="EBulkBatchInterval">30M</parameter>
            <parameter key="EBulkBatchDays">Monday;Tuesday;Wednesday;Thursday;Friday;Saturday;Sunday</parameter>
        </instance>
        <instance key="EFX1">
            <parameter key="LegacyEnv">EFIX</parameter>
            <parameter key="Environment">EFX</parameter>
            <parameter key="winServiceIdentity">PREPRODHPPNET\SVC_DCSCORRES_EF</parameter>
            <parameter key="SharedFolderServiceIdentity">PREPRODHPPNET\SVC_DCSCORRES_EF;PREPRODHPPNET\RES_DCS_TEMPLATE_LG</parameter>
            <parameter key="QueueManager">CGS_X_01</parameter>
            <parameter key="MQSeries.hostName">10.6.156.201</parameter>
            <parameter key="MQSeries.port">1415</parameter>
            <parameter key="network">PP</parameter>
            <parameter key="domain">preprod.atohppnet.gov.au</parameter>
            <parameter key="Level">EF</parameter>
        </instance>
        <instance key="EFX2">
            <parameter key="LegacyEnv">EFIX</parameter>
            <parameter key="Environment">EFX</parameter>
            <parameter key="winServiceIdentity">PREPRODHPPNET\SVC_DCSCORRES_EF</parameter>
            <parameter key="SharedFolderServiceIdentity">PREPRODHPPNET\SVC_DCSCORRES_EF;PREPRODHPPNET\RES_DCS_TEMPLATE_LG</parameter>
            <parameter key="QueueManager">CGS_X_01</parameter>
            <parameter key="MQSeries.hostName">10.6.156.202</parameter>
            <parameter key="MQSeries.port">1415</parameter>
            <parameter key="network">PP</parameter>
            <parameter key="domain">preprod.atohppnet.gov.au</parameter>
            <parameter key="Level">EF</parameter>
            <parameter key="WorkingFolderCreationPath">\\legacyApplicationEFaz1n1.dcs.${domain}\${Level}\${Environment}\Legacy\EWorkingFolders\</parameter>
            <parameter key="PDFOutputPath">\\legacyApplicationEFaz1n1.dcs.${domain}\${Level}\${Environment}\Legacy\Outfiles\PDF\</parameter>
        </instance>
        <instance key="EFX3">
            <parameter key="LegacyEnv">EFIX</parameter>
            <parameter key="Environment">EFX</parameter>
            <parameter key="winServiceIdentity">PREPRODHPPNET\SVC_DCSCORRES_EF</parameter>
            <parameter key="SharedFolderServiceIdentity">PREPRODHPPNET\SVC_DCSCORRES_EF;PREPRODHPPNET\RES_DCS_TEMPLATE_LG</parameter>
            <parameter key="QueueManager">CGS_X_01</parameter>
            <parameter key="MQSeries.hostName">10.6.156.202</parameter>
            <parameter key="MQSeries.port">1415</parameter>
            <parameter key="network">PP</parameter>
            <parameter key="domain">preprod.atohppnet.gov.au</parameter>
            <parameter key="Level">EF</parameter>
            <parameter key="WorkingFolderCreationPath">\\legacyApplicationEFaz1n1.dcs.${domain}\${Level}\${Environment}\Legacy\EWorkingFolders\</parameter>
            <parameter key="PDFOutputPath">\\legacyApplicationEFaz1n1.dcs.${domain}\${Level}\${Environment}\Legacy\Outfiles\PDF\</parameter>
        </instance>
        <instance key="UCC1">
            <parameter key="LegacyEnv">UCTC</parameter>
            <parameter key="Environment">UCC</parameter>
            <parameter key="winServiceIdentity">PREPRODHPPNET\SVC_DCSCORRES_UA</parameter>
            <parameter key="SharedFolderServiceIdentity">PREPRODHPPNET\SVC_DCSCORRES_UA;PREPRODHPPNET\RES_DCS_TEMPLATE_LG</parameter>
            <parameter key="QueueManager">CGS_B_01</parameter>
            <parameter key="MQSeries.hostName">10.6.156.201</parameter>
            <parameter key="MQSeries.port">1414</parameter>
            <parameter key="network">PP</parameter>
            <parameter key="domain">preprod.atohppnet.gov.au</parameter>
            <parameter key="Level">UA</parameter>
        </instance>
        <instance key="UCC2">
            <parameter key="LegacyEnv">UCTC</parameter>
            <parameter key="Environment">UCC</parameter>
            <parameter key="winServiceIdentity">PREPRODHPPNET\SVC_DCSCORRES_UA</parameter>
            <parameter key="SharedFolderServiceIdentity">PREPRODHPPNET\SVC_DCSCORRES_UA;PREPRODHPPNET\RES_DCS_TEMPLATE_LG</parameter>
            <parameter key="QueueManager">CGS_B_01</parameter>
            <parameter key="MQSeries.hostName">10.6.156.201</parameter>
            <parameter key="MQSeries.port">1414</parameter>
            <parameter key="network">PP</parameter>
            <parameter key="domain">preprod.atohppnet.gov.au</parameter>
            <parameter key="Level">UA</parameter>
            <parameter key="WorkingFolderCreationPath">\\legacyApplicationEFaz1n1.dcs.${domain}\${Level}\${Environment}\Legacy\EWorkingFolders\</parameter>
            <parameter key="PDFOutputPath">\\legacyApplicationEFaz1n1.dcs.${domain}\${Level}\${Environment}\Legacy\Outfiles\PDF\</parameter>
        </instance>
        <instance key="UCC3">
            <parameter key="LegacyEnv">UCTC</parameter>
            <parameter key="Environment">UCC</parameter>
            <parameter key="winServiceIdentity">PREPRODHPPNET\SVC_DCSCORRES_UA</parameter>
            <parameter key="SharedFolderServiceIdentity">PREPRODHPPNET\SVC_DCSCORRES_UA;PREPRODHPPNET\RES_DCS_TEMPLATE_LG</parameter>
            <parameter key="QueueManager">CGS_B_01</parameter>
            <parameter key="MQSeries.hostName">10.6.156.201</parameter>
            <parameter key="MQSeries.port">1414</parameter>
            <parameter key="network">PP</parameter>
            <parameter key="domain">preprod.atohppnet.gov.au</parameter>
            <parameter key="Level">UA</parameter>
            <parameter key="WorkingFolderCreationPath">\\legacyApplicationEFaz1n1.dcs.${domain}\${Level}\${Environment}\Legacy\EWorkingFolders\</parameter>
            <parameter key="PDFOutputPath">\\legacyApplicationEFaz1n1.dcs.${domain}\${Level}\${Environment}\Legacy\Outfiles\PDF\</parameter>
        </instance>
        <instance key="UCD1">
            <parameter key="LegacyEnv">UCTD</parameter>
            <parameter key="Environment">UCD</parameter>
            <parameter key="winServiceIdentity">PREPRODHPPNET\SVC_DCSCORRES_UA</parameter>
            <parameter key="SharedFolderServiceIdentity">PREPRODHPPNET\SVC_DCSCORRES_UA;PREPRODHPPNET\RES_DCS_TEMPLATE_LG</parameter>
            <parameter key="QueueManager">CGS_R_01</parameter>
            <parameter key="MQSeries.hostName">10.6.156.201</parameter>
            <parameter key="MQSeries.port">1414</parameter>
            <parameter key="network">PP</parameter>
            <parameter key="domain">preprod.atohppnet.gov.au</parameter>
            <parameter key="Level">UA</parameter>
        </instance>
        <instance key="UCD2">
            <parameter key="LegacyEnv">UCTD</parameter>
            <parameter key="Environment">UCD</parameter>
            <parameter key="winServiceIdentity">PREPRODHPPNET\SVC_DCSCORRES_UA</parameter>
            <parameter key="SharedFolderServiceIdentity">PREPRODHPPNET\SVC_DCSCORRES_UA;PREPRODHPPNET\RES_DCS_TEMPLATE_LG</parameter>
            <parameter key="QueueManager">CGS_R_01</parameter>
            <parameter key="MQSeries.hostName">10.6.156.201</parameter>
            <parameter key="MQSeries.port">1414</parameter>
            <parameter key="network">PP</parameter>
            <parameter key="domain">preprod.atohppnet.gov.au</parameter>
            <parameter key="Level">UA</parameter>
            <parameter key="WorkingFolderCreationPath">\\legacyApplicationEFaz1n1.dcs.${domain}\${Level}\${Environment}\Legacy\EWorkingFolders\</parameter>
            <parameter key="PDFOutputPath">\\legacyApplicationEFaz1n1.dcs.${domain}\${Level}\${Environment}\Legacy\Outfiles\PDF\</parameter>
        </instance>
        <instance key="UCD3">
            <parameter key="LegacyEnv">UCTD</parameter>
            <parameter key="Environment">UCD</parameter>
            <parameter key="winServiceIdentity">PREPRODHPPNET\SVC_DCSCORRES_UA</parameter>
            <parameter key="SharedFolderServiceIdentity">PREPRODHPPNET\SVC_DCSCORRES_UA;PREPRODHPPNET\RES_DCS_TEMPLATE_LG</parameter>
            <parameter key="QueueManager">CGS_R_01</parameter>
            <parameter key="MQSeries.hostName">10.6.156.201</parameter>
            <parameter key="MQSeries.port">1414</parameter>
            <parameter key="network">PP</parameter>
            <parameter key="domain">preprod.atohppnet.gov.au</parameter>
            <parameter key="Level">UA</parameter>
            <parameter key="WorkingFolderCreationPath">\\legacyApplicationEFaz1n1.dcs.${domain}\${Level}\${Environment}\Legacy\EWorkingFolders\</parameter>
            <parameter key="PDFOutputPath">\\legacyApplicationEFaz1n1.dcs.${domain}\${Level}\${Environment}\Legacy\Outfiles\PDF\</parameter>
        </instance>
        <instance key="UAI1">
            <parameter key="LegacyEnv">UATI</parameter>
            <parameter key="Environment">UAI</parameter>
            <parameter key="winServiceIdentity">PREPRODHPPNET\SVC_DCSCORRES_UA</parameter>
            <parameter key="SharedFolderServiceIdentity">PREPRODHPPNET\SVC_DCSCORRES_UA;PREPRODHPPNET\RES_DCS_TEMPLATE_LG</parameter>
            <parameter key="QueueManager">CGS_8_01</parameter>
            <parameter key="MQSeries.hostName">10.6.156.227</parameter>
            <parameter key="MQSeries.port">1414</parameter>
            <parameter key="network">PP</parameter>
            <parameter key="domain">preprod.atohppnet.gov.au</parameter>
            <parameter key="Level">UA</parameter>
        </instance>
        <instance key="UAI2">
            <parameter key="LegacyEnv">UATI</parameter>
            <parameter key="Environment">UAI</parameter>
            <parameter key="winServiceIdentity">PREPRODHPPNET\SVC_DCSCORRES_UA</parameter>
            <parameter key="SharedFolderServiceIdentity">PREPRODHPPNET\SVC_DCSCORRES_UA;PREPRODHPPNET\RES_DCS_TEMPLATE_LG</parameter>
            <parameter key="QueueManager">CGS_8_01</parameter>
            <parameter key="MQSeries.hostName">10.6.156.227</parameter>
            <parameter key="MQSeries.port">1414</parameter>
            <parameter key="network">PP</parameter>
            <parameter key="domain">preprod.atohppnet.gov.au</parameter>
            <parameter key="Level">UA</parameter>
            <parameter key="WorkingFolderCreationPath">\\legacyApplicationEFaz1n1.dcs.${domain}\${Level}\${Environment}\Legacy\EWorkingFolders\</parameter>
            <parameter key="PDFOutputPath">\\legacyApplicationEFaz1n1.dcs.${domain}\${Level}\${Environment}\Legacy\Outfiles\PDF\</parameter>
        </instance>
        <instance key="UAI3">
            <parameter key="LegacyEnv">UATI</parameter>
            <parameter key="Environment">UAI</parameter>
            <parameter key="winServiceIdentity">PREPRODHPPNET\SVC_DCSCORRES_UA</parameter>
            <parameter key="SharedFolderServiceIdentity">PREPRODHPPNET\SVC_DCSCORRES_UA;PREPRODHPPNET\RES_DCS_TEMPLATE_LG</parameter>
            <parameter key="QueueManager">CGS_8_01</parameter>
            <parameter key="MQSeries.hostName">10.6.156.227</parameter>
            <parameter key="MQSeries.port">1414</parameter>
            <parameter key="network">PP</parameter>
            <parameter key="domain">preprod.atohppnet.gov.au</parameter>
            <parameter key="Level">UA</parameter>
            <parameter key="WorkingFolderCreationPath">\\legacyApplicationEFaz1n1.dcs.${domain}\${Level}\${Environment}\Legacy\EWorkingFolders\</parameter>
            <parameter key="PDFOutputPath">\\legacyApplicationEFaz1n1.dcs.${domain}\${Level}\${Environment}\Legacy\Outfiles\PDF\</parameter>
        </instance>
        <instance key="UAK1">
            <parameter key="LegacyEnv">UATK</parameter>
            <parameter key="Environment">UAK</parameter>
            <parameter key="winServiceIdentity">PREPRODHPPNET\SVC_DCSCORRES_UA</parameter>
            <parameter key="SharedFolderServiceIdentity">PREPRODHPPNET\SVC_DCSCORRES_UA;PREPRODHPPNET\RES_DCS_TEMPLATE_LG</parameter>
            <parameter key="QueueManager">CGS_9_01</parameter>
            <parameter key="MQSeries.hostName">10.6.136.49</parameter>
            <parameter key="MQSeries.port">1414</parameter>
            <parameter key="network">PP</parameter>
            <parameter key="domain">preprod.atohppnet.gov.au</parameter>
            <parameter key="Level">UA</parameter>
        </instance>
        <instance key="UAK2">
            <parameter key="LegacyEnv">UATK</parameter>
            <parameter key="Environment">UAK</parameter>
            <parameter key="winServiceIdentity">PREPRODHPPNET\SVC_DCSCORRES_UA</parameter>
            <parameter key="SharedFolderServiceIdentity">PREPRODHPPNET\SVC_DCSCORRES_UA;PREPRODHPPNET\RES_DCS_TEMPLATE_LG</parameter>
            <parameter key="QueueManager">CGS_9_01</parameter>
            <parameter key="MQSeries.hostName">10.6.136.49</parameter>
            <parameter key="MQSeries.port">1414</parameter>
            <parameter key="network">PP</parameter>
            <parameter key="domain">preprod.atohppnet.gov.au</parameter>
            <parameter key="Level">UA</parameter>
            <parameter key="WorkingFolderCreationPath">\\legacyApplicationEFaz1n1.dcs.${domain}\${Level}\${Environment}\Legacy\EWorkingFolders\</parameter>
            <parameter key="PDFOutputPath">\\legacyApplicationEFaz1n1.dcs.${domain}\${Level}\${Environment}\Legacy\Outfiles\PDF\</parameter>
        </instance>
        <instance key="UAK3">
            <parameter key="LegacyEnv">UATK</parameter>
            <parameter key="Environment">UAK</parameter>
            <parameter key="winServiceIdentity">PREPRODHPPNET\SVC_DCSCORRES_UA</parameter>
            <parameter key="SharedFolderServiceIdentity">PREPRODHPPNET\SVC_DCSCORRES_UA;PREPRODHPPNET\RES_DCS_TEMPLATE_LG</parameter>
            <parameter key="QueueManager">CGS_9_01</parameter>
            <parameter key="MQSeries.hostName">10.6.136.49</parameter>
            <parameter key="MQSeries.port">1414</parameter>
            <parameter key="network">PP</parameter>
            <parameter key="domain">preprod.atohppnet.gov.au</parameter>
            <parameter key="Level">UA</parameter>
            <parameter key="WorkingFolderCreationPath">\\legacyApplicationEFaz1n1.dcs.${domain}\${Level}\${Environment}\Legacy\EWorkingFolders\</parameter>
            <parameter key="PDFOutputPath">\\legacyApplicationEFaz1n1.dcs.${domain}\${Level}\${Environment}\Legacy\Outfiles\PDF\</parameter>
        </instance>
        <instance key="PRD1">
            <parameter key="LegacyEnv">PROD</parameter>
            <parameter key="Environment">PRD</parameter>
            <parameter key="winServiceIdentity">PRODHNET\SVC_DCSCORRES_PR</parameter>
            <parameter key="SharedFolderServiceIdentity">PRODHNET\SVC_DCSCORRES_PR;PRODHNET\RES_DCS_TEMPLATE_LG</parameter>
            <parameter key="QueueManager">CGSCP_01</parameter>
            <parameter key="MQSeries.hostName">10.10.8.116</parameter>
            <parameter key="MQSeries.port">1414</parameter>
            <parameter key="network">PR</parameter>
            <parameter key="domain">prod.atohnet.gov.au</parameter>
            <parameter key="Level">PR</parameter>
            <parameter key="CCDTFile">${LegacyEnv}.C.OUT.TAB</parameter>
            <parameter key="EBulkJob1Start">9:00</parameter>
            <parameter key="EBulkJob1Interval">10M</parameter>
            <parameter key="EBulkBatchStart">00:15</parameter>
            <parameter key="EBulkBatchInterval">30M</parameter>
            <parameter key="EBulkBatchDays">Monday;Tuesday;Wednesday;Thursday;Friday;Saturday;Sunday</parameter>
        </instance>
        <instance key="PRD2">
            <parameter key="LegacyEnv">PROD</parameter>
            <parameter key="Environment">PRD</parameter>
            <parameter key="winServiceIdentity">PRODHNET\SVC_DCSCORRES_PR</parameter>
            <parameter key="SharedFolderServiceIdentity">PRODHNET\SVC_DCSCORRES_PR;PRODHNET\RES_DCS_TEMPLATE_LG</parameter>
            <parameter key="QueueManager">CGSCP_02</parameter>
            <parameter key="MQSeries.hostName">10.10.8.116</parameter>
            <parameter key="MQSeries.port">1414</parameter>
            <parameter key="network">PR</parameter>
            <parameter key="domain">prod.atohnet.gov.au</parameter>
            <parameter key="Level">PR</parameter>
            <parameter key="WorkingFolderCreationPath">\\legacyApplicationPRaz1n1.dcs.${domain}\${Level}\${Environment}\Legacy\EWorkingFolders\</parameter>
            <parameter key="PDFOutputPath">\\legacyApplicationPRaz1n1.dcs.${domain}\${Level}\${Environment}\Legacy\Outfiles\PDF\</parameter>
            <parameter key="CCDTFile">${LegacyEnv}.C.OUT.TAB</parameter>
            <parameter key="EBulkJob1Start">9:00</parameter>
            <parameter key="EBulkJob1Interval">10M</parameter>
            <parameter key="EBulkBatchStart">00:15</parameter>
            <parameter key="EBulkBatchInterval">30M</parameter>
            <parameter key="EBulkBatchDays">Monday;Tuesday;Wednesday;Thursday;Friday;Saturday;Sunday</parameter>
        </instance>
        <instance key="PRD3">
            <parameter key="LegacyEnv">PROD</parameter>
            <parameter key="Environment">PRD</parameter>
            <parameter key="winServiceIdentity">PRODHNET\SVC_DCSCORRES_PR</parameter>
            <parameter key="SharedFolderServiceIdentity">PRODHNET\SVC_DCSCORRES_PR;PRODHNET\RES_DCS_TEMPLATE_LG</parameter>
            <parameter key="QueueManager">CGSCP_03</parameter>
            <parameter key="MQSeries.hostName">10.10.8.116</parameter>
            <parameter key="MQSeries.port">1414</parameter>
            <parameter key="network">PR</parameter>
            <parameter key="domain">prod.atohnet.gov.au</parameter>
            <parameter key="Level">PR</parameter>
            <parameter key="WorkingFolderCreationPath">\\legacyApplicationPRaz1n1.dcs.${domain}\${Level}\${Environment}\Legacy\EWorkingFolders\</parameter>
            <parameter key="PDFOutputPath">\\legacyApplicationPRaz1n1.dcs.${domain}\${Level}\${Environment}\Legacy\Outfiles\PDF\</parameter>
            <parameter key="CCDTFile">${LegacyEnv}.C.OUT.TAB</parameter>
            <parameter key="EBulkJob1Start">9:00</parameter>
            <parameter key="EBulkJob1Interval">10M</parameter>
            <parameter key="EBulkBatchStart">00:15</parameter>
            <parameter key="EBulkBatchInterval">30M</parameter>
            <parameter key="EBulkBatchDays">Monday;Tuesday;Wednesday;Thursday;Friday;Saturday;Sunday</parameter>
        </instance>
    </environment>
</environments>
