<?xml version="1.0" encoding="utf-8"?>
<configuration>
  <CustomFunctions>
    <First>
      <Function name="Add-DomainUserToLocalGroup">
        <domainUserName>${winServiceIdentity}</domainUserName>
        <localGroup>Administrators</localGroup>
      </Function>
      <Function name="Grant-LogOnAsAservice" domainUserName="${winServiceIdentity}" />
    </First>
    <Last>
      <Function name="Copy-File">
        <sourceDirectory>${PackageDir}\Binaries - WinSvcs\TemplateActivityRefData</sourceDirectory>
        <destinationDirectory>${AtoApplicationDir}\Outbound\${InstanceKey}\TemplateActivityRefData</destinationDirectory>
        <fileName>TemplateActivityRefData.xml</fileName>
        <backup>true</backup>
        <overwrite>true</overwrite>
      </Function>
    </Last>
  </CustomFunctions>
</configuration>