<?xml version="1.0" encoding="utf-8"?>
<!-- ******************************************************* -->
<!-- !!!!! NEVER UPDATE THIS ENVIRONMENT FILE DIRECTLY !!!!! -->
<!--                                                         -->
<!-- ALWAYS use the Excel environment file editor to update  -->
<!-- and then generate the environment file.                 -->
<!-- ******************************************************* -->
<environments applicationName="CompJobService" roleName="JobService=WinSvc" securityCode="5491">
    <environment key="Cloud - MyMachine - Default" remoteDeploymentGroupName="" remoteDeploymentServers="">
        <group key="Deployment">
            <parameter key="LegacyEnv"></parameter>
            <parameter key="Environment"></parameter>
            <parameter key="Domain"></parameter>
            <parameter key="Level"></parameter>
            <parameter key="Network"></parameter>
            <parameter key="winServiceIdentity"></parameter>
            <parameter key="FolderRootPath">\\fileshare${Network}.dcs.${Domain}\${Level}\${Environment}\Jobs\Batch</parameter>
            <parameter key="ODTSAuthUrl">https://auth${Level}.dcs.${Domain}:8443/otdsws/v1/authentication/credentials</parameter>
            <parameter key="CCSRestUrl">https://gateway${Level}.dcs.${Domain}:2719/v1/communications</parameter>
            <parameter key="LogFilePath">\\fileshare${Network}.dcs.${Domain}\${Level}\${Environment}\ServiceLogs\composition.jobservice-.log</parameter>
            <parameter key="DALC_Server">outboundDatabase${Level}.dcs.${Domain},61301</parameter>
            <parameter key="DALC_Database">Outbound${Environment}</parameter>
            <parameter key="Hangfire_Server">designDatabase${Level}.dcs.${Domain},61301</parameter>
            <parameter key="Hangfire_Database">HangfireComposition${Environment}</parameter>
            <parameter key="RESTAPIPort"></parameter>
            <parameter key="LogServicePort"></parameter>
            <parameter key="LogServiceUrl"></parameter>
        </group>
        <group key="General">
            <parameter key="ScheduledTaskIdentity">${winServiceIdentity}</parameter>
            <parameter key="Create_ScheduledTask">TRUE</parameter>
            <parameter key="TemplatesConfigPath">${targetdir}\DCS.Composition.Services.JobService\templates.config</parameter>
            <parameter key="UserToRecordAgainst">CPJs${InstanceKey}</parameter>
            <parameter key="UseCertificateForSSL">true</parameter>
            <parameter key="CertificateSubject">*.dcs.${Domain}</parameter>
            <parameter key="EventLogServiceName">DCS${InstanceKey}.JobService</parameter>
            <parameter key="CCSServiceName">BatchPrimary</parameter>
            <parameter key="CCSAsync">true</parameter>
            <parameter key="CCSVersion">1</parameter>
            <parameter key="CCSUserName">tenantadmin</parameter>
            <parameter key="CCSPassword">password</parameter>
            <parameter key="SchemaName">dbo</parameter>
            <parameter key="FakeCCSCall">false</parameter>
            <parameter key="HangfireWorkerCount">50</parameter>
            <parameter key="CCSOutputFile">false</parameter>
            <parameter key="DBConnectionApplicationName">DCS.Composition.Services.JobService</parameter>
        </group>
        <group key="AppDynamics">
            <parameter key="AppDynamics_Host">appdagents</parameter>
            <parameter key="AppDynamics_Port">8090</parameter>
            <parameter key="AppDynamics_SSL">false</parameter>
            <parameter key="AppDynamics_EnableTls">false</parameter>
            <parameter key="AppDynamics_Tier">ModernApp - DCS.Composition.Services.JobService</parameter>
            <parameter key="AppDynamics_Enabled">0</parameter>
            <parameter key="AppDynamics_Account"></parameter>
            <parameter key="AppDynamics_Password"></parameter>
            <parameter key="AppDynamics_Name"></parameter>
        </group>
        <instance key="DEA">
            <parameter key="LegacyEnv">DEA</parameter>
            <parameter key="Environment">DEA</parameter>
            <parameter key="Domain">devtest.atohdtnet.gov.au</parameter>
            <parameter key="Level">DE</parameter>
            <parameter key="Network">DT</parameter>
            <parameter key="winServiceIdentity">DEVTEST\SVC_DCSCORRES_DE</parameter>
            <parameter key="RESTAPIPort">18001</parameter>
            <parameter key="LogServicePort">27001</parameter>
            <parameter key="LogServiceUrl">https://modernApplication${Level}.dcs.${Domain}:${LogServicePort}/api/DCSLogger/LogMessage</parameter>
            <parameter key="CertificateSubject">dcs devtest atohdtnet ${Level} Level Certificate</parameter>
        </instance>
        <instance key="DEB">
            <parameter key="LegacyEnv">DEB</parameter>
            <parameter key="Environment">DEB</parameter>
            <parameter key="Domain">devtest.atohdtnet.gov.au</parameter>
            <parameter key="Level">DE</parameter>
            <parameter key="Network">DT</parameter>
            <parameter key="winServiceIdentity">DEVTEST\SVC_DCSCORRES_DE</parameter>
            <parameter key="RESTAPIPort">18002</parameter>
            <parameter key="LogServicePort">27002</parameter>
            <parameter key="LogServiceUrl">https://modernApplication${Level}.dcs.${Domain}:${LogServicePort}/api/DCSLogger/LogMessage</parameter>
            <parameter key="CertificateSubject">dcs devtest atohdtnet ${Level} Level Certificate</parameter>
        </instance>
        <instance key="DEE">
            <parameter key="LegacyEnv">DEE</parameter>
            <parameter key="Environment">DEE</parameter>
            <parameter key="Domain">devtest.atohdtnet.gov.au</parameter>
            <parameter key="Level">DE</parameter>
            <parameter key="Network">DT</parameter>
            <parameter key="winServiceIdentity">DEVTEST\SVC_DCSCORRES_DE</parameter>
            <parameter key="RESTAPIPort">18005</parameter>
            <parameter key="LogServicePort">27005</parameter>
            <parameter key="LogServiceUrl">https://modernApplication${Level}.dcs.${Domain}:${LogServicePort}/api/DCSLogger/LogMessage</parameter>
            <parameter key="CertificateSubject">dcs devtest atohdtnet ${Level} Level Certificate</parameter>
        </instance>
        <instance key="DEH">
            <parameter key="LegacyEnv">DEVH</parameter>
            <parameter key="Environment">DEH</parameter>
            <parameter key="Domain">devtest.atohdtnet.gov.au</parameter>
            <parameter key="Level">DE</parameter>
            <parameter key="Network">DT</parameter>
            <parameter key="winServiceIdentity">DEVTEST\SVC_DCSCORRES_DE</parameter>
            <parameter key="RESTAPIPort">18008</parameter>
            <parameter key="LogServicePort">27008</parameter>
            <parameter key="LogServiceUrl">https://modernApplication${Level}.dcs.${Domain}:${LogServicePort}/api/DCSLogger/LogMessage</parameter>
            <parameter key="CertificateSubject">dcs devtest atohdtnet ${Level} Level Certificate</parameter>
        </instance>
        <instance key="DEK">
            <parameter key="LegacyEnv">DEVK</parameter>
            <parameter key="Environment">DEK</parameter>
            <parameter key="Domain">devtest.atohdtnet.gov.au</parameter>
            <parameter key="Level">DE</parameter>
            <parameter key="Network">DT</parameter>
            <parameter key="winServiceIdentity">DEVTEST\SVC_DCSCORRES_DE</parameter>
            <parameter key="RESTAPIPort">18011</parameter>
            <parameter key="LogServicePort">27011</parameter>
            <parameter key="LogServiceUrl">https://modernApplication${Level}.dcs.${Domain}:${LogServicePort}/api/DCSLogger/LogMessage</parameter>
            <parameter key="CertificateSubject">dcs devtest atohdtnet ${Level} Level Certificate</parameter>
        </instance>
        <instance key="DEM">
            <parameter key="LegacyEnv">DEM</parameter>
            <parameter key="Environment">DEM</parameter>
            <parameter key="Domain">devtest.atohdtnet.gov.au</parameter>
            <parameter key="Level">DE</parameter>
            <parameter key="Network">DT</parameter>
            <parameter key="winServiceIdentity">DEVTEST\SVC_DCSCORRES_DE</parameter>
            <parameter key="RESTAPIPort">18013</parameter>
            <parameter key="LogServicePort">27013</parameter>
            <parameter key="LogServiceUrl">https://modernApplicationDEM.dcs.${Domain}:27013/api/DCSLogger/LogMessage</parameter>
            <parameter key="CertificateSubject">dcs devtest atohdtnet ${Level} Level Certificate</parameter>
        </instance>
        <instance key="DEQ">
            <parameter key="LegacyEnv">DEQ</parameter>
            <parameter key="Environment">DEQ</parameter>
            <parameter key="Domain">devtest.atohdtnet.gov.au</parameter>
            <parameter key="Level">DE</parameter>
            <parameter key="Network">DT</parameter>
            <parameter key="winServiceIdentity">DEVTEST\SVC_DCSCORRES_DE</parameter>
            <parameter key="RESTAPIPort">18017</parameter>
            <parameter key="LogServicePort">27017</parameter>
            <parameter key="LogServiceUrl">https://modernApplicationDEM.dcs.${Domain}:27017/api/DCSLogger/LogMessage</parameter>
            <parameter key="CertificateSubject">dcs devtest atohdtnet ${Level} Level Certificate</parameter>
        </instance>
        <instance key="DEW">
            <parameter key="LegacyEnv">DEW</parameter>
            <parameter key="Environment">DEW</parameter>
            <parameter key="Domain">devtest.atohdtnet.gov.au</parameter>
            <parameter key="Level">DE</parameter>
            <parameter key="Network">DT</parameter>
            <parameter key="winServiceIdentity">DEVTEST\SVC_DCSCORRES_DE</parameter>
            <parameter key="RESTAPIPort">18023</parameter>
            <parameter key="LogServicePort">27023</parameter>
            <parameter key="LogServiceUrl">https://modernApplicationDEM.dcs.${Domain}:27023/api/DCSLogger/LogMessage</parameter>
            <parameter key="CertificateSubject">dcs devtest atohdtnet ${Level} Level Certificate</parameter>
        </instance>
        <instance key="ATA">
            <parameter key="LegacyEnv">ATA</parameter>
            <parameter key="Environment">ATA</parameter>
            <parameter key="Domain">devtest.atohdtnet.gov.au</parameter>
            <parameter key="Level">AT</parameter>
            <parameter key="Network">DT</parameter>
            <parameter key="winServiceIdentity">DEVTEST\SVC_DCSCORRES_AT</parameter>
            <parameter key="RESTAPIPort">18101</parameter>
            <parameter key="LogServicePort">27101</parameter>
            <parameter key="LogServiceUrl">https://modernApplication${Level}.dcs.${Domain}:${LogServicePort}/api/DCSLogger/LogMessage</parameter>
            <parameter key="CertificateSubject">dcs devtest atohdtnet ${Level} Level Certificate</parameter>
        </instance>
        <instance key="ATB">
            <parameter key="LegacyEnv">ATB</parameter>
            <parameter key="Environment">ATB</parameter>
            <parameter key="Domain">devtest.atohdtnet.gov.au</parameter>
            <parameter key="Level">AT</parameter>
            <parameter key="Network">DT</parameter>
            <parameter key="winServiceIdentity">DEVTEST\SVC_DCSCORRES_AT</parameter>
            <parameter key="RESTAPIPort">18102</parameter>
            <parameter key="LogServicePort">27102</parameter>
            <parameter key="LogServiceUrl">https://modernApplication${Level}.dcs.${Domain}:${LogServicePort}/api/DCSLogger/LogMessage</parameter>
            <parameter key="CertificateSubject">dcs devtest atohdtnet ${Level} Level Certificate</parameter>
        </instance>
        <instance key="ATG">
            <parameter key="LegacyEnv">ATG</parameter>
            <parameter key="Environment">ATG</parameter>
            <parameter key="Domain">devtest.atohdtnet.gov.au</parameter>
            <parameter key="Level">AT</parameter>
            <parameter key="Network">DT</parameter>
            <parameter key="winServiceIdentity">DEVTEST\SVC_DCSCORRES_AT</parameter>
            <parameter key="RESTAPIPort">18107</parameter>
            <parameter key="LogServicePort">27107</parameter>
            <parameter key="LogServiceUrl">https://modernApplication${Level}.dcs.${Domain}:${LogServicePort}/api/DCSLogger/LogMessage</parameter>
            <parameter key="CertificateSubject">dcs devtest atohdtnet ${Level} Level Certificate</parameter>
        </instance>
        <instance key="ATH">
            <parameter key="LegacyEnv">ATH</parameter>
            <parameter key="Environment">ATH</parameter>
            <parameter key="Domain">devtest.atohdtnet.gov.au</parameter>
            <parameter key="Level">AT</parameter>
            <parameter key="Network">DT</parameter>
            <parameter key="winServiceIdentity">DEVTEST\SVC_DCSCORRES_AT</parameter>
            <parameter key="RESTAPIPort">18108</parameter>
            <parameter key="LogServicePort">27108</parameter>
            <parameter key="LogServiceUrl">https://modernApplication${Level}.dcs.${Domain}:${LogServicePort}/api/DCSLogger/LogMessage</parameter>
            <parameter key="CertificateSubject">dcs devtest atohdtnet ${Level} Level Certificate</parameter>
        </instance>
        <instance key="ATJ">
            <parameter key="LegacyEnv">ATJ</parameter>
            <parameter key="Environment">ATJ</parameter>
            <parameter key="Domain">devtest.atohdtnet.gov.au</parameter>
            <parameter key="Level">AT</parameter>
            <parameter key="Network">DT</parameter>
            <parameter key="winServiceIdentity">DEVTEST\SVC_DCSCORRES_AT</parameter>
            <parameter key="RESTAPIPort">18110</parameter>
            <parameter key="LogServicePort">27110</parameter>
            <parameter key="LogServiceUrl">https://modernApplication${Level}.dcs.${Domain}:${LogServicePort}/api/DCSLogger/LogMessage</parameter>
            <parameter key="CertificateSubject">dcs devtest atohdtnet ${Level} Level Certificate</parameter>
        </instance>
        <instance key="ATL">
            <parameter key="LegacyEnv">ATL</parameter>
            <parameter key="Environment">ATL</parameter>
            <parameter key="Domain">devtest.atohdtnet.gov.au</parameter>
            <parameter key="Level">AT</parameter>
            <parameter key="Network">DT</parameter>
            <parameter key="winServiceIdentity">DEVTEST\SVC_DCSCORRES_AT</parameter>
            <parameter key="RESTAPIPort">18112</parameter>
            <parameter key="LogServicePort">27112</parameter>
            <parameter key="LogServiceUrl">https://modernApplication${Level}.dcs.${Domain}:${LogServicePort}/api/DCSLogger/LogMessage</parameter>
            <parameter key="CertificateSubject">dcs devtest atohdtnet ${Level} Level Certificate</parameter>
        </instance>
        <instance key="ATM">
            <parameter key="LegacyEnv">ATM</parameter>
            <parameter key="Environment">ATM</parameter>
            <parameter key="Domain">devtest.atohdtnet.gov.au</parameter>
            <parameter key="Level">AT</parameter>
            <parameter key="Network">DT</parameter>
            <parameter key="winServiceIdentity">DEVTEST\SVC_DCSCORRES_AT</parameter>
            <parameter key="RESTAPIPort">18113</parameter>
            <parameter key="LogServicePort">27113</parameter>
            <parameter key="LogServiceUrl">https://modernApplicationATM.dcs.${Domain}:27113/api/DCSLogger/LogMessage</parameter>
            <parameter key="CertificateSubject">dcs devtest atohdtnet ${Level} Level Certificate</parameter>
        </instance>
        <instance key="ATN">
            <parameter key="LegacyEnv">ATN</parameter>
            <parameter key="Environment">ATN</parameter>
            <parameter key="Domain">devtest.atohdtnet.gov.au</parameter>
            <parameter key="Level">AT</parameter>
            <parameter key="Network">DT</parameter>
            <parameter key="winServiceIdentity">DEVTEST\SVC_DCSCORRES_AT</parameter>
            <parameter key="RESTAPIPort">18114</parameter>
            <parameter key="LogServicePort">27114</parameter>
            <parameter key="LogServiceUrl">https://modernApplication${Level}.dcs.${Domain}:${LogServicePort}/api/DCSLogger/LogMessage</parameter>
            <parameter key="CertificateSubject">dcs devtest atohdtnet ${Level} Level Certificate</parameter>
        </instance>
        <instance key="ATQ">
            <parameter key="LegacyEnv">ATQ</parameter>
            <parameter key="Environment">ATQ</parameter>
            <parameter key="Domain">devtest.atohdtnet.gov.au</parameter>
            <parameter key="Level">AT</parameter>
            <parameter key="Network">DT</parameter>
            <parameter key="winServiceIdentity">DEVTEST\SVC_DCSCORRES_AT</parameter>
            <parameter key="RESTAPIPort">18117</parameter>
            <parameter key="LogServicePort">27117</parameter>
            <parameter key="LogServiceUrl">https://modernApplication${Level}.dcs.${Domain}:${LogServicePort}/api/DCSLogger/LogMessage</parameter>
            <parameter key="CertificateSubject">dcs devtest atohdtnet ${Level} Level Certificate</parameter>
        </instance>
        <instance key="PTA">
            <parameter key="LegacyEnv">PTA</parameter>
            <parameter key="Environment">PTA</parameter>
            <parameter key="Domain">devtest.atohdtnet.gov.au</parameter>
            <parameter key="Level">PT</parameter>
            <parameter key="Network">DT</parameter>
            <parameter key="winServiceIdentity">DEVTEST\SVC_DCSCORRES_PT</parameter>
            <parameter key="RESTAPIPort">18201</parameter>
            <parameter key="LogServicePort">27201</parameter>
            <parameter key="LogServiceUrl">https://modernApplication${Level}.dcs.${Domain}:${LogServicePort}/api/DCSLogger/LogMessage</parameter>
            <parameter key="CertificateSubject">dcs devtest atohdtnet ${Level} Level Certificate</parameter>
        </instance>
        <instance key="PTB">
            <parameter key="LegacyEnv">PTB</parameter>
            <parameter key="Environment">PTB</parameter>
            <parameter key="Domain">devtest.atohdtnet.gov.au</parameter>
            <parameter key="Level">PT</parameter>
            <parameter key="Network">DT</parameter>
            <parameter key="winServiceIdentity">DEVTEST\SVC_DCSCORRES_PT</parameter>
            <parameter key="RESTAPIPort">18202</parameter>
            <parameter key="LogServicePort">27202</parameter>
            <parameter key="LogServiceUrl">https://modernApplication${Level}.dcs.${Domain}:${LogServicePort}/api/DCSLogger/LogMessage</parameter>
            <parameter key="CertificateSubject">dcs devtest atohdtnet ${Level} Level Certificate</parameter>
        </instance>
        <instance key="PTE">
            <parameter key="LegacyEnv">PTE</parameter>
            <parameter key="Environment">PTE</parameter>
            <parameter key="Domain">devtest.atohdtnet.gov.au</parameter>
            <parameter key="Level">PT</parameter>
            <parameter key="Network">DT</parameter>
            <parameter key="winServiceIdentity">DEVTEST\SVC_DCSCORRES_PT</parameter>
            <parameter key="RESTAPIPort">18205</parameter>
            <parameter key="LogServicePort">27205</parameter>
            <parameter key="LogServiceUrl">https://modernApplication${Level}.dcs.${Domain}:${LogServicePort}/api/DCSLogger/LogMessage</parameter>
            <parameter key="CertificateSubject">dcs devtest atohdtnet ${Level} Level Certificate</parameter>
        </instance>
        <instance key="PTF">
            <parameter key="LegacyEnv">PTF</parameter>
            <parameter key="Environment">PTF</parameter>
            <parameter key="Domain">devtest.atohdtnet.gov.au</parameter>
            <parameter key="Level">PT</parameter>
            <parameter key="Network">DT</parameter>
            <parameter key="winServiceIdentity">DEVTEST\SVC_DCSCORRES_PT</parameter>
            <parameter key="RESTAPIPort">18206</parameter>
            <parameter key="LogServicePort">27206</parameter>
            <parameter key="LogServiceUrl">https://modernApplication${Level}.dcs.${Domain}:${LogServicePort}/api/DCSLogger/LogMessage</parameter>
            <parameter key="CertificateSubject">dcs devtest atohdtnet ${Level} Level Certificate</parameter>
        </instance>
        <instance key="PTG">
            <parameter key="LegacyEnv">PTG</parameter>
            <parameter key="Environment">PTG</parameter>
            <parameter key="Domain">devtest.atohdtnet.gov.au</parameter>
            <parameter key="Level">PT</parameter>
            <parameter key="Network">DT</parameter>
            <parameter key="winServiceIdentity">DEVTEST\SVC_DCSCORRES_PT</parameter>
            <parameter key="RESTAPIPort">18207</parameter>
            <parameter key="LogServicePort">27207</parameter>
            <parameter key="LogServiceUrl">https://modernApplication${Level}.dcs.${Domain}:${LogServicePort}/api/DCSLogger/LogMessage</parameter>
            <parameter key="CertificateSubject">dcs devtest atohdtnet ${Level} Level Certificate</parameter>
        </instance>
        <instance key="PTH">
            <parameter key="LegacyEnv">PTH</parameter>
            <parameter key="Environment">PTH</parameter>
            <parameter key="Domain">devtest.atohdtnet.gov.au</parameter>
            <parameter key="Level">PT</parameter>
            <parameter key="Network">DT</parameter>
            <parameter key="winServiceIdentity">DEVTEST\SVC_DCSCORRES_PT</parameter>
            <parameter key="RESTAPIPort">18208</parameter>
            <parameter key="LogServicePort">27208</parameter>
            <parameter key="LogServiceUrl">https://modernApplication${Level}.dcs.${Domain}:${LogServicePort}/api/DCSLogger/LogMessage</parameter>
            <parameter key="CertificateSubject">dcs devtest atohdtnet ${Level} Level Certificate</parameter>
        </instance>
        <instance key="PTI">
            <parameter key="LegacyEnv">PTI</parameter>
            <parameter key="Environment">PTI</parameter>
            <parameter key="Domain">devtest.atohdtnet.gov.au</parameter>
            <parameter key="Level">PT</parameter>
            <parameter key="Network">DT</parameter>
            <parameter key="winServiceIdentity">DEVTEST\SVC_DCSCORRES_PT</parameter>
            <parameter key="RESTAPIPort">18209</parameter>
            <parameter key="LogServicePort">27209</parameter>
            <parameter key="LogServiceUrl">https://modernApplication${Level}.dcs.${Domain}:${LogServicePort}/api/DCSLogger/LogMessage</parameter>
            <parameter key="CertificateSubject">dcs devtest atohdtnet ${Level} Level Certificate</parameter>
        </instance>
        <instance key="PTJ">
            <parameter key="LegacyEnv">PTJ</parameter>
            <parameter key="Environment">PTJ</parameter>
            <parameter key="Domain">devtest.atohdtnet.gov.au</parameter>
            <parameter key="Level">PT</parameter>
            <parameter key="Network">DT</parameter>
            <parameter key="winServiceIdentity">DEVTEST\SVC_DCSCORRES_PT</parameter>
            <parameter key="RESTAPIPort">18210</parameter>
            <parameter key="LogServicePort">27210</parameter>
            <parameter key="LogServiceUrl">https://modernApplication${Level}.dcs.${Domain}:${LogServicePort}/api/DCSLogger/LogMessage</parameter>
            <parameter key="CertificateSubject">dcs devtest atohdtnet ${Level} Level Certificate</parameter>
        </instance>
        <instance key="PTK">
            <parameter key="LegacyEnv">PTK</parameter>
            <parameter key="Environment">PTK</parameter>
            <parameter key="Domain">devtest.atohdtnet.gov.au</parameter>
            <parameter key="Level">PT</parameter>
            <parameter key="Network">DT</parameter>
            <parameter key="winServiceIdentity">DEVTEST\SVC_DCSCORRES_PT</parameter>
            <parameter key="RESTAPIPort">18211</parameter>
            <parameter key="LogServicePort">27211</parameter>
            <parameter key="LogServiceUrl">https://modernApplication${Level}.dcs.${Domain}:${LogServicePort}/api/DCSLogger/LogMessage</parameter>
            <parameter key="CertificateSubject">dcs devtest atohdtnet ${Level} Level Certificate</parameter>
        </instance>
        <instance key="PTM">
            <parameter key="LegacyEnv">PTM</parameter>
            <parameter key="Environment">PTM</parameter>
            <parameter key="Domain">devtest.atohdtnet.gov.au</parameter>
            <parameter key="Level">PT</parameter>
            <parameter key="Network">DT</parameter>
            <parameter key="winServiceIdentity">DEVTEST\SVC_DCSCORRES_PT</parameter>
            <parameter key="RESTAPIPort">18213</parameter>
            <parameter key="LogServicePort">27213</parameter>
            <parameter key="LogServiceUrl">https://modernApplication${Level}.dcs.${Domain}:${LogServicePort}/api/DCSLogger/LogMessage</parameter>
            <parameter key="CertificateSubject">dcs devtest atohdtnet ${Level} Level Certificate</parameter>
        </instance>
        <instance key="PTQ">
            <parameter key="LegacyEnv">PTQ</parameter>
            <parameter key="Environment">PTQ</parameter>
            <parameter key="Domain">devtest.atohdtnet.gov.au</parameter>
            <parameter key="Level">PT</parameter>
            <parameter key="Network">DT</parameter>
            <parameter key="winServiceIdentity">DEVTEST\SVC_DCSCORRES_PT</parameter>
            <parameter key="RESTAPIPort">18217</parameter>
            <parameter key="LogServicePort">27217</parameter>
            <parameter key="LogServiceUrl">https://modernApplication${Level}.dcs.${Domain}:${LogServicePort}/api/DCSLogger/LogMessage</parameter>
            <parameter key="CertificateSubject">dcs devtest atohdtnet ${Level} Level Certificate</parameter>
        </instance>
        <instance key="PTR">
            <parameter key="LegacyEnv">PTR</parameter>
            <parameter key="Environment">PTR</parameter>
            <parameter key="Domain">devtest.atohdtnet.gov.au</parameter>
            <parameter key="Level">PT</parameter>
            <parameter key="Network">DT</parameter>
            <parameter key="winServiceIdentity">DEVTEST\SVC_DCSCORRES_PT</parameter>
            <parameter key="RESTAPIPort">18218</parameter>
            <parameter key="LogServicePort">27218</parameter>
            <parameter key="LogServiceUrl">https://modernApplication${Level}.dcs.${Domain}:${LogServicePort}/api/DCSLogger/LogMessage</parameter>
            <parameter key="CertificateSubject">dcs devtest atohdtnet ${Level} Level Certificate</parameter>
        </instance>
        <instance key="PTW">
            <parameter key="LegacyEnv">PTW</parameter>
            <parameter key="Environment">PTW</parameter>
            <parameter key="Domain">devtest.atohdtnet.gov.au</parameter>
            <parameter key="Level">PT</parameter>
            <parameter key="Network">DT</parameter>
            <parameter key="winServiceIdentity">DEVTEST\SVC_DCSCORRES_PT</parameter>
            <parameter key="RESTAPIPort">18223</parameter>
            <parameter key="LogServicePort">27223</parameter>
            <parameter key="LogServiceUrl">https://modernApplication${Level}.dcs.${Domain}:${LogServicePort}/api/DCSLogger/LogMessage</parameter>
            <parameter key="CertificateSubject">dcs devtest atohdtnet ${Level} Level Certificate</parameter>
        </instance>
        <instance key="PFB1">
            <parameter key="LegacyEnv">PFB</parameter>
            <parameter key="Environment">PFB</parameter>
            <parameter key="Domain">preprod.atohppnet.gov.au</parameter>
            <parameter key="Level">PF</parameter>
            <parameter key="Network">PP</parameter>
            <parameter key="winServiceIdentity">PREPRODHPPNET\SVC_DCSCORRES_PF</parameter>
            <parameter key="Hangfire_Server">hangfireDatabase${Level}.dcs.${Domain},61301</parameter>
            <parameter key="RESTAPIPort">18302</parameter>
            <parameter key="LogServicePort">27302</parameter>
            <parameter key="CertificateSubject">dcs devtest atohdtnet ${Level} Level Certificate</parameter>
            <parameter key="DBConnectionApplicationName">DCS.Composition.Services.JobService.${InstanceKey}</parameter>
            <parameter key="AppDynamics_Enabled">1</parameter>
            <parameter key="AppDynamics_Account">customer1</parameter>
            <parameter key="AppDynamics_Password">8cfcf9e4-a35c-4b8e-aed2-8e1c69efc4e6</parameter>
            <parameter key="AppDynamics_Name">DCS - PF</parameter>
        </instance>
        <instance key="PFB2">
            <parameter key="LegacyEnv">PFB</parameter>
            <parameter key="Environment">PFB</parameter>
            <parameter key="Domain">preprod.atohppnet.gov.au</parameter>
            <parameter key="Level">PF</parameter>
            <parameter key="Network">PP</parameter>
            <parameter key="winServiceIdentity">PREPRODHPPNET\SVC_DCSCORRES_PF</parameter>
            <parameter key="Hangfire_Server">hangfireDatabase${Level}.dcs.${Domain},61301</parameter>
            <parameter key="RESTAPIPort">18302</parameter>
            <parameter key="LogServicePort">27302</parameter>
            <parameter key="DBConnectionApplicationName">DCS.Composition.Services.JobService.${InstanceKey}</parameter>
            <parameter key="AppDynamics_Enabled">1</parameter>
            <parameter key="AppDynamics_Account">customer1</parameter>
            <parameter key="AppDynamics_Password">8cfcf9e4-a35c-4b8e-aed2-8e1c69efc4e6</parameter>
            <parameter key="AppDynamics_Name">DCS - PF</parameter>
        </instance>
        <instance key="PFB3">
            <parameter key="LegacyEnv">PFB</parameter>
            <parameter key="Environment">PFB</parameter>
            <parameter key="Domain">preprod.atohppnet.gov.au</parameter>
            <parameter key="Level">PF</parameter>
            <parameter key="Network">PP</parameter>
            <parameter key="winServiceIdentity">PREPRODHPPNET\SVC_DCSCORRES_PF</parameter>
            <parameter key="Hangfire_Server">hangfireDatabase${Level}.dcs.${Domain},61301</parameter>
            <parameter key="RESTAPIPort">18302</parameter>
            <parameter key="LogServicePort">27302</parameter>
            <parameter key="DBConnectionApplicationName">DCS.Composition.Services.JobService.${InstanceKey}</parameter>
            <parameter key="AppDynamics_Enabled">1</parameter>
            <parameter key="AppDynamics_Account">customer1</parameter>
            <parameter key="AppDynamics_Password">8cfcf9e4-a35c-4b8e-aed2-8e1c69efc4e6</parameter>
            <parameter key="AppDynamics_Name">DCS - PF</parameter>
        </instance>
        <instance key="PFE1">
            <parameter key="LegacyEnv">PFE</parameter>
            <parameter key="Environment">PFE</parameter>
            <parameter key="Domain">preprod.atohppnet.gov.au</parameter>
            <parameter key="Level">PF</parameter>
            <parameter key="Network">PP</parameter>
            <parameter key="winServiceIdentity">PREPRODHPPNET\SVC_DCSCORRES_PF</parameter>
            <parameter key="Hangfire_Server">hangfireDatabase${Level}.dcs.${Domain},61301</parameter>
            <parameter key="RESTAPIPort">18305</parameter>
            <parameter key="LogServicePort">27305</parameter>
            <parameter key="DBConnectionApplicationName">DCS.Composition.Services.JobService.${InstanceKey}</parameter>
            <parameter key="AppDynamics_Enabled">1</parameter>
            <parameter key="AppDynamics_Account">customer1</parameter>
            <parameter key="AppDynamics_Password">8cfcf9e4-a35c-4b8e-aed2-8e1c69efc4e6</parameter>
            <parameter key="AppDynamics_Name">DCS - PF</parameter>
        </instance>
        <instance key="PFE2">
            <parameter key="LegacyEnv">PFE</parameter>
            <parameter key="Environment">PFE</parameter>
            <parameter key="Domain">preprod.atohppnet.gov.au</parameter>
            <parameter key="Level">PF</parameter>
            <parameter key="Network">PP</parameter>
            <parameter key="winServiceIdentity">PREPRODHPPNET\SVC_DCSCORRES_PF</parameter>
            <parameter key="Hangfire_Server">hangfireDatabase${Level}.dcs.${Domain},61301</parameter>
            <parameter key="RESTAPIPort">18305</parameter>
            <parameter key="LogServicePort">27305</parameter>
            <parameter key="DBConnectionApplicationName">DCS.Composition.Services.JobService.${InstanceKey}</parameter>
            <parameter key="AppDynamics_Enabled">1</parameter>
            <parameter key="AppDynamics_Account">customer1</parameter>
            <parameter key="AppDynamics_Password">8cfcf9e4-a35c-4b8e-aed2-8e1c69efc4e6</parameter>
            <parameter key="AppDynamics_Name">DCS - PF</parameter>
        </instance>
        <instance key="PFE3">
            <parameter key="LegacyEnv">PFE</parameter>
            <parameter key="Environment">PFE</parameter>
            <parameter key="Domain">preprod.atohppnet.gov.au</parameter>
            <parameter key="Level">PF</parameter>
            <parameter key="Network">PP</parameter>
            <parameter key="winServiceIdentity">PREPRODHPPNET\SVC_DCSCORRES_PF</parameter>
            <parameter key="Hangfire_Server">hangfireDatabase${Level}.dcs.${Domain},61301</parameter>
            <parameter key="RESTAPIPort">18305</parameter>
            <parameter key="LogServicePort">27305</parameter>
            <parameter key="DBConnectionApplicationName">DCS.Composition.Services.JobService.${InstanceKey}</parameter>
            <parameter key="AppDynamics_Enabled">1</parameter>
            <parameter key="AppDynamics_Account">customer1</parameter>
            <parameter key="AppDynamics_Password">8cfcf9e4-a35c-4b8e-aed2-8e1c69efc4e6</parameter>
            <parameter key="AppDynamics_Name">DCS - PF</parameter>
        </instance>
        <instance key="EFX1">
            <parameter key="LegacyEnv">EFX</parameter>
            <parameter key="Environment">EFX</parameter>
            <parameter key="Domain">preprod.atohppnet.gov.au</parameter>
            <parameter key="Level">EF</parameter>
            <parameter key="Network">PP</parameter>
            <parameter key="winServiceIdentity">PREPRODHPPNET\SVC_DCSCORRES_EF</parameter>
            <parameter key="Hangfire_Server">hangfireDatabase${Level}.dcs.${Domain},61301</parameter>
            <parameter key="RESTAPIPort">18424</parameter>
            <parameter key="LogServicePort">27424</parameter>
            <parameter key="DBConnectionApplicationName">DCS.Composition.Services.JobService.${InstanceKey}</parameter>
        </instance>
        <instance key="EFX2">
            <parameter key="LegacyEnv">EFX</parameter>
            <parameter key="Environment">EFX</parameter>
            <parameter key="Domain">preprod.atohppnet.gov.au</parameter>
            <parameter key="Level">EF</parameter>
            <parameter key="Network">PP</parameter>
            <parameter key="winServiceIdentity">PREPRODHPPNET\SVC_DCSCORRES_EF</parameter>
            <parameter key="Hangfire_Server">hangfireDatabase${Level}.dcs.${Domain},61301</parameter>
            <parameter key="RESTAPIPort">18424</parameter>
            <parameter key="LogServicePort">27424</parameter>
            <parameter key="DBConnectionApplicationName">DCS.Composition.Services.JobService.${InstanceKey}</parameter>
        </instance>
        <instance key="EFX3">
            <parameter key="LegacyEnv">EFX</parameter>
            <parameter key="Environment">EFX</parameter>
            <parameter key="Domain">preprod.atohppnet.gov.au</parameter>
            <parameter key="Level">EF</parameter>
            <parameter key="Network">PP</parameter>
            <parameter key="winServiceIdentity">PREPRODHPPNET\SVC_DCSCORRES_EF</parameter>
            <parameter key="Hangfire_Server">hangfireDatabase${Level}.dcs.${Domain},61301</parameter>
            <parameter key="RESTAPIPort">18424</parameter>
            <parameter key="LogServicePort">27424</parameter>
            <parameter key="DBConnectionApplicationName">DCS.Composition.Services.JobService.${InstanceKey}</parameter>
        </instance>
        <instance key="UCC1">
            <parameter key="LegacyEnv">UCC</parameter>
            <parameter key="Environment">UCC</parameter>
            <parameter key="Domain">preprod.atohppnet.gov.au</parameter>
            <parameter key="Level">UA</parameter>
            <parameter key="Network">PP</parameter>
            <parameter key="winServiceIdentity">PREPRODHPPNET\SVC_DCSCORRES_UA</parameter>
            <parameter key="Hangfire_Server">hangfireDatabase${Level}.dcs.${Domain},61301</parameter>
            <parameter key="RESTAPIPort">18503</parameter>
            <parameter key="LogServicePort">27503</parameter>
            <parameter key="DBConnectionApplicationName">DCS.Composition.Services.JobService.${InstanceKey}</parameter>
        </instance>
        <instance key="UCC2">
            <parameter key="LegacyEnv">UCC</parameter>
            <parameter key="Environment">UCC</parameter>
            <parameter key="Domain">preprod.atohppnet.gov.au</parameter>
            <parameter key="Level">UA</parameter>
            <parameter key="Network">PP</parameter>
            <parameter key="winServiceIdentity">PREPRODHPPNET\SVC_DCSCORRES_UA</parameter>
            <parameter key="Hangfire_Server">hangfireDatabase${Level}.dcs.${Domain},61301</parameter>
            <parameter key="RESTAPIPort">18503</parameter>
            <parameter key="LogServicePort">27503</parameter>
            <parameter key="DBConnectionApplicationName">DCS.Composition.Services.JobService.${InstanceKey}</parameter>
        </instance>
        <instance key="UCC3">
            <parameter key="LegacyEnv">UCC</parameter>
            <parameter key="Environment">UCC</parameter>
            <parameter key="Domain">preprod.atohppnet.gov.au</parameter>
            <parameter key="Level">UA</parameter>
            <parameter key="Network">PP</parameter>
            <parameter key="winServiceIdentity">PREPRODHPPNET\SVC_DCSCORRES_UA</parameter>
            <parameter key="Hangfire_Server">hangfireDatabase${Level}.dcs.${Domain},61301</parameter>
            <parameter key="RESTAPIPort">18503</parameter>
            <parameter key="LogServicePort">27503</parameter>
            <parameter key="DBConnectionApplicationName">DCS.Composition.Services.JobService.${InstanceKey}</parameter>
        </instance>
        <instance key="UCD1">
            <parameter key="LegacyEnv">UCD</parameter>
            <parameter key="Environment">UCD</parameter>
            <parameter key="Domain">preprod.atohppnet.gov.au</parameter>
            <parameter key="Level">UA</parameter>
            <parameter key="Network">PP</parameter>
            <parameter key="winServiceIdentity">PREPRODHPPNET\SVC_DCSCORRES_UA</parameter>
            <parameter key="Hangfire_Server">hangfireDatabase${Level}.dcs.${Domain},61301</parameter>
            <parameter key="RESTAPIPort">18504</parameter>
            <parameter key="LogServicePort">27504</parameter>
            <parameter key="DBConnectionApplicationName">DCS.Composition.Services.JobService.${InstanceKey}</parameter>
        </instance>
        <instance key="UCD2">
            <parameter key="LegacyEnv">UCD</parameter>
            <parameter key="Environment">UCD</parameter>
            <parameter key="Domain">preprod.atohppnet.gov.au</parameter>
            <parameter key="Level">UA</parameter>
            <parameter key="Network">PP</parameter>
            <parameter key="winServiceIdentity">PREPRODHPPNET\SVC_DCSCORRES_UA</parameter>
            <parameter key="Hangfire_Server">hangfireDatabase${Level}.dcs.${Domain},61301</parameter>
            <parameter key="RESTAPIPort">18504</parameter>
            <parameter key="LogServicePort">27504</parameter>
            <parameter key="DBConnectionApplicationName">DCS.Composition.Services.JobService.${InstanceKey}</parameter>
        </instance>
        <instance key="UCD3">
            <parameter key="LegacyEnv">UCD</parameter>
            <parameter key="Environment">UCD</parameter>
            <parameter key="Domain">preprod.atohppnet.gov.au</parameter>
            <parameter key="Level">UA</parameter>
            <parameter key="Network">PP</parameter>
            <parameter key="winServiceIdentity">PREPRODHPPNET\SVC_DCSCORRES_UA</parameter>
            <parameter key="Hangfire_Server">hangfireDatabase${Level}.dcs.${Domain},61301</parameter>
            <parameter key="RESTAPIPort">18504</parameter>
            <parameter key="LogServicePort">27504</parameter>
            <parameter key="DBConnectionApplicationName">DCS.Composition.Services.JobService.${InstanceKey}</parameter>
        </instance>
        <instance key="UAB1">
            <parameter key="LegacyEnv">UAB</parameter>
            <parameter key="Environment">UAB</parameter>
            <parameter key="Domain">preprod.atohppnet.gov.au</parameter>
            <parameter key="Level">UA</parameter>
            <parameter key="Network">PP</parameter>
            <parameter key="winServiceIdentity">PREPRODHPPNET\SVC_DCSCORRES_UA</parameter>
            <parameter key="Hangfire_Server">hangfireDatabase${Level}.dcs.${Domain},61301</parameter>
            <parameter key="RESTAPIPort">18502</parameter>
            <parameter key="LogServicePort">27502</parameter>
            <parameter key="DBConnectionApplicationName">DCS.Composition.Services.JobService.${InstanceKey}</parameter>
        </instance>
        <instance key="UAB2">
            <parameter key="LegacyEnv">UAB</parameter>
            <parameter key="Environment">UAB</parameter>
            <parameter key="Domain">preprod.atohppnet.gov.au</parameter>
            <parameter key="Level">UA</parameter>
            <parameter key="Network">PP</parameter>
            <parameter key="winServiceIdentity">PREPRODHPPNET\SVC_DCSCORRES_UA</parameter>
            <parameter key="Hangfire_Server">hangfireDatabase${Level}.dcs.${Domain},61301</parameter>
            <parameter key="RESTAPIPort">18502</parameter>
            <parameter key="LogServicePort">27502</parameter>
            <parameter key="DBConnectionApplicationName">DCS.Composition.Services.JobService.${InstanceKey}</parameter>
        </instance>
        <instance key="UAB3">
            <parameter key="LegacyEnv">UAB</parameter>
            <parameter key="Environment">UAB</parameter>
            <parameter key="Domain">preprod.atohppnet.gov.au</parameter>
            <parameter key="Level">UA</parameter>
            <parameter key="Network">PP</parameter>
            <parameter key="winServiceIdentity">PREPRODHPPNET\SVC_DCSCORRES_UA</parameter>
            <parameter key="Hangfire_Server">hangfireDatabase${Level}.dcs.${Domain},61301</parameter>
            <parameter key="RESTAPIPort">18502</parameter>
            <parameter key="LogServicePort">27502</parameter>
            <parameter key="DBConnectionApplicationName">DCS.Composition.Services.JobService.${InstanceKey}</parameter>
        </instance>
        <instance key="UAI1">
            <parameter key="LegacyEnv">UATI</parameter>
            <parameter key="Environment">UAI</parameter>
            <parameter key="Domain">preprod.atohppnet.gov.au</parameter>
            <parameter key="Level">UA</parameter>
            <parameter key="Network">PP</parameter>
            <parameter key="winServiceIdentity">PREPRODHPPNET\SVC_DCSCORRES_UA</parameter>
            <parameter key="Hangfire_Server">hangfireDatabase${Level}.dcs.${Domain},61301</parameter>
            <parameter key="RESTAPIPort">18509</parameter>
            <parameter key="LogServicePort">27509</parameter>
            <parameter key="DBConnectionApplicationName">DCS.Composition.Services.JobService.${InstanceKey}</parameter>
        </instance>
        <instance key="UAI2">
            <parameter key="LegacyEnv">UATI</parameter>
            <parameter key="Environment">UAI</parameter>
            <parameter key="Domain">preprod.atohppnet.gov.au</parameter>
            <parameter key="Level">UA</parameter>
            <parameter key="Network">PP</parameter>
            <parameter key="winServiceIdentity">PREPRODHPPNET\SVC_DCSCORRES_UA</parameter>
            <parameter key="Hangfire_Server">hangfireDatabase${Level}.dcs.${Domain},61301</parameter>
            <parameter key="RESTAPIPort">18509</parameter>
            <parameter key="LogServicePort">27509</parameter>
            <parameter key="DBConnectionApplicationName">DCS.Composition.Services.JobService.${InstanceKey}</parameter>
        </instance>
        <instance key="UAI3">
            <parameter key="LegacyEnv">UATI</parameter>
            <parameter key="Environment">UAI</parameter>
            <parameter key="Domain">preprod.atohppnet.gov.au</parameter>
            <parameter key="Level">UA</parameter>
            <parameter key="Network">PP</parameter>
            <parameter key="winServiceIdentity">PREPRODHPPNET\SVC_DCSCORRES_UA</parameter>
            <parameter key="Hangfire_Server">hangfireDatabase${Level}.dcs.${Domain},61301</parameter>
            <parameter key="RESTAPIPort">18509</parameter>
            <parameter key="LogServicePort">27509</parameter>
            <parameter key="DBConnectionApplicationName">DCS.Composition.Services.JobService.${InstanceKey}</parameter>
        </instance>
        <instance key="UAK1">
            <parameter key="LegacyEnv">UATK</parameter>
            <parameter key="Environment">UAK</parameter>
            <parameter key="Domain">preprod.atohppnet.gov.au</parameter>
            <parameter key="Level">UA</parameter>
            <parameter key="Network">PP</parameter>
            <parameter key="winServiceIdentity">PREPRODHPPNET\SVC_DCSCORRES_UA</parameter>
            <parameter key="Hangfire_Server">hangfireDatabase${Level}.dcs.${Domain},61301</parameter>
            <parameter key="RESTAPIPort">18511</parameter>
            <parameter key="LogServicePort">27511</parameter>
            <parameter key="DBConnectionApplicationName">DCS.Composition.Services.JobService.${InstanceKey}</parameter>
        </instance>
        <instance key="UAK2">
            <parameter key="LegacyEnv">UATK</parameter>
            <parameter key="Environment">UAK</parameter>
            <parameter key="Domain">preprod.atohppnet.gov.au</parameter>
            <parameter key="Level">UA</parameter>
            <parameter key="Network">PP</parameter>
            <parameter key="winServiceIdentity">PREPRODHPPNET\SVC_DCSCORRES_UA</parameter>
            <parameter key="Hangfire_Server">hangfireDatabase${Level}.dcs.${Domain},61301</parameter>
            <parameter key="RESTAPIPort">18511</parameter>
            <parameter key="LogServicePort">27511</parameter>
            <parameter key="DBConnectionApplicationName">DCS.Composition.Services.JobService.${InstanceKey}</parameter>
        </instance>
        <instance key="UAK3">
            <parameter key="LegacyEnv">UATK</parameter>
            <parameter key="Environment">UAK</parameter>
            <parameter key="Domain">preprod.atohppnet.gov.au</parameter>
            <parameter key="Level">UA</parameter>
            <parameter key="Network">PP</parameter>
            <parameter key="winServiceIdentity">PREPRODHPPNET\SVC_DCSCORRES_UA</parameter>
            <parameter key="Hangfire_Server">hangfireDatabase${Level}.dcs.${Domain},61301</parameter>
            <parameter key="RESTAPIPort">18511</parameter>
            <parameter key="LogServicePort">27511</parameter>
            <parameter key="DBConnectionApplicationName">DCS.Composition.Services.JobService.${InstanceKey}</parameter>
        </instance>
        <instance key="PRD1">
            <parameter key="LegacyEnv">PROD</parameter>
            <parameter key="Environment">PRD</parameter>
            <parameter key="Domain">prod.atohnet.gov.au</parameter>
            <parameter key="Level">PR</parameter>
            <parameter key="Network">PR</parameter>
            <parameter key="winServiceIdentity">PRODHNET\SVC_DCSCORRES_PR</parameter>
            <parameter key="Hangfire_Server">hangfireDatabase${Level}.dcs.${Domain},61301</parameter>
            <parameter key="RESTAPIPort">18604</parameter>
            <parameter key="LogServicePort">27604</parameter>
            <parameter key="DBConnectionApplicationName">DCS.Composition.Services.JobService.${InstanceKey}</parameter>
            <parameter key="AppDynamics_Enabled">1</parameter>
            <parameter key="AppDynamics_Account">customer1</parameter>
            <parameter key="AppDynamics_Password">23d78824-7ef4-4174-bc41-56f8e948196f</parameter>
            <parameter key="AppDynamics_Name">DCS - PROD</parameter>
        </instance>
        <instance key="PRD2">
            <parameter key="LegacyEnv">PROD</parameter>
            <parameter key="Environment">PRD</parameter>
            <parameter key="Domain">prod.atohnet.gov.au</parameter>
            <parameter key="Level">PR</parameter>
            <parameter key="Network">PR</parameter>
            <parameter key="winServiceIdentity">PRODHNET\SVC_DCSCORRES_PR</parameter>
            <parameter key="Hangfire_Server">hangfireDatabase${Level}.dcs.${Domain},61301</parameter>
            <parameter key="RESTAPIPort">18604</parameter>
            <parameter key="LogServicePort">27604</parameter>
            <parameter key="DBConnectionApplicationName">DCS.Composition.Services.JobService.${InstanceKey}</parameter>
            <parameter key="AppDynamics_Enabled">1</parameter>
            <parameter key="AppDynamics_Account">customer1</parameter>
            <parameter key="AppDynamics_Password">23d78824-7ef4-4174-bc41-56f8e948196f</parameter>
            <parameter key="AppDynamics_Name">DCS - PROD</parameter>
        </instance>
        <instance key="PRD3">
            <parameter key="LegacyEnv">PROD</parameter>
            <parameter key="Environment">PRD</parameter>
            <parameter key="Domain">prod.atohnet.gov.au</parameter>
            <parameter key="Level">PR</parameter>
            <parameter key="Network">PR</parameter>
            <parameter key="winServiceIdentity">PRODHNET\SVC_DCSCORRES_PR</parameter>
            <parameter key="Hangfire_Server">hangfireDatabase${Level}.dcs.${Domain},61301</parameter>
            <parameter key="RESTAPIPort">18604</parameter>
            <parameter key="LogServicePort">27604</parameter>
            <parameter key="DBConnectionApplicationName">DCS.Composition.Services.JobService.${InstanceKey}</parameter>
            <parameter key="AppDynamics_Enabled">1</parameter>
            <parameter key="AppDynamics_Account">customer1</parameter>
            <parameter key="AppDynamics_Password">23d78824-7ef4-4174-bc41-56f8e948196f</parameter>
            <parameter key="AppDynamics_Name">DCS - PROD</parameter>
        </instance>
    </environment>
</environments>
