<?xml version="1.0" encoding="utf-8"?>
<!-- ******************************************************* -->
<!-- !!!!! NEVER UPDATE THIS ENVIRONMENT FILE DIRECTLY !!!!! -->
<!--                                                         -->
<!-- ALWAYS use the Excel environment file editor to update  -->
<!-- and then generate the environment file.                 -->
<!-- ******************************************************* -->
<environments applicationName="eDom" roleName="eDom=WinSvc" securityCode="3300">
    <environment key="DEVNET - DEV - DEV" remoteDeploymentGroupName="" remoteDeploymentServers="">
        <group key="General">
            <parameter key="winServiceIdentity">ucq3a</parameter>
            <parameter key="DALC_Server">.\SQL2008</parameter>
            <parameter key="DALC_Database">OutboundCorroGen</parameter>
            <parameter key="BET_Server">.\SQL2008</parameter>
            <parameter key="BET_Database">BETIDTracking</parameter>
            <parameter key="PsiDeploymentStatusEmailAddress">DCRTEnvironments2@ato.gov.au</parameter>
        </group>
        <group key="Outbound Queue">
            <parameter key="MQSeriesManager">CBROUAD1</parameter>
            <parameter key="CCDTSourcePath">${InstallDrive}\EAI\CCDT</parameter>
            <parameter key="CCDTFile">DEV.OUT.TAB</parameter>
            <parameter key="ChannelName"></parameter>
            <parameter key="MQSeries.hostName"></parameter>
            <parameter key="MQSeries.port"></parameter>
            <parameter key="MQSeries.isServer">TRUE</parameter>
            <parameter key="MQServer.Channel.Cleanup">TRUE</parameter>
        </group>
        <group key="AppSettings">
            <parameter key="OnlineServicesDomain">onlineservices.ato.gov.au</parameter>
            <parameter key="AtoOnlineDomain">ato.gov.au</parameter>
        </group>
        <group key="Logging">
            <parameter key="Event_Log_Scope">All</parameter>
        </group>
    </environment>
    <environment key="Level 1 - OBOAWEB00001DEI - DEVI, Web (GSU)" remoteDeploymentGroupName="" remoteDeploymentServers="">
        <group key="General">
            <parameter key="winServiceIdentity">ATOTNETPRDCT\ServiceCorAT</parameter>
            <parameter key="DALC_Server">MSQSSQLA1G2AT\SQL001</parameter>
            <parameter key="DALC_Database">OutboundDEVI</parameter>
            <parameter key="BET_Server">MSQSSQL00003DE.product.atotnet.gov.au\SQL001,61301</parameter>
            <parameter key="BET_Database">BETIDTrackingDEVI</parameter>
            <parameter key="PsiDeploymentStatusEmailAddress">DCRTEnvironments2@ato.gov.au</parameter>
        </group>
        <group key="Outbound Queue">
            <parameter key="MQSeriesManager">CGS_A_01</parameter>
            <parameter key="CCDTSourcePath">${InstallDrive}\EAI\CCDT</parameter>
            <parameter key="CCDTFile">DEVI.OUT.TAB</parameter>
            <parameter key="ChannelName">OUT.CGS01</parameter>
            <parameter key="MQSeries.hostName">10.192.57.216</parameter>
            <parameter key="MQSeries.port">1415</parameter>
            <parameter key="MQSeries.isServer">FALSE</parameter>
            <parameter key="MQServer.Channel.Cleanup">FALSE</parameter>
        </group>
        <group key="AppSettings">
            <parameter key="OnlineServicesDomain">onlineservices.ato.gov.au</parameter>
            <parameter key="AtoOnlineDomain">ato.gov.au</parameter>
        </group>
        <group key="Logging">
            <parameter key="Event_Log_Scope">All</parameter>
        </group>
    </environment>
    <environment key="Level 1 - OUTBWEB00001DEA - DEA, Web" remoteDeploymentGroupName="" remoteDeploymentServers="">
        <group key="General">
            <parameter key="winServiceIdentity">ATOTNETPRDCT\ServiceCorAT</parameter>
            <parameter key="DALC_Server">OUTBSQL00001DES\SQL001</parameter>
            <parameter key="DALC_Database">OutboundDEA</parameter>
            <parameter key="BET_Server">TECXSQL00001DES.product.atotnet.gov.au\SQL001,61301</parameter>
            <parameter key="BET_Database">BETIDTrackingDEA</parameter>
            <parameter key="PsiDeploymentStatusEmailAddress">DCRTEnvironments2@ato.gov.au</parameter>
        </group>
        <group key="Outbound Queue">
            <parameter key="MQSeriesManager">CGS_1A01</parameter>
            <parameter key="CCDTSourcePath">${InstallDrive}\EAI\CCDT</parameter>
            <parameter key="CCDTFile">DEA.OUT.TAB</parameter>
            <parameter key="ChannelName">OUT.CGS01</parameter>
            <parameter key="MQSeries.hostName">10.195.108.51</parameter>
            <parameter key="MQSeries.port">1414</parameter>
            <parameter key="MQSeries.isServer">FALSE</parameter>
            <parameter key="MQServer.Channel.Cleanup">FALSE</parameter>
        </group>
        <group key="AppSettings">
            <parameter key="OnlineServicesDomain">onlineservices.ato.gov.au</parameter>
            <parameter key="AtoOnlineDomain">ato.gov.au</parameter>
        </group>
        <group key="Logging">
            <parameter key="Event_Log_Scope">All</parameter>
        </group>
    </environment>
    <environment key="Level 1 - OUTBWEB00001DEB - DEB, Web" remoteDeploymentGroupName="" remoteDeploymentServers="">
        <group key="General">
            <parameter key="winServiceIdentity">ATOTNETPRDCT\ServiceCorAT</parameter>
            <parameter key="DALC_Server">OUTBSQL00001DES\SQL001</parameter>
            <parameter key="DALC_Database">OutboundDEB</parameter>
            <parameter key="BET_Server">TECXSQL00001DES.product.atotnet.gov.au\SQL001,61301</parameter>
            <parameter key="BET_Database">BETIDTrackingDEB</parameter>
            <parameter key="PsiDeploymentStatusEmailAddress">DCRTEnvironments2@ato.gov.au</parameter>
        </group>
        <group key="Outbound Queue">
            <parameter key="MQSeriesManager">CGS_1B01</parameter>
            <parameter key="CCDTSourcePath">${InstallDrive}\EAI\CCDT</parameter>
            <parameter key="CCDTFile">DEB.OUT.TAB</parameter>
            <parameter key="ChannelName">OUT.CGS01</parameter>
            <parameter key="MQSeries.hostName">10.195.104.171</parameter>
            <parameter key="MQSeries.port">1414</parameter>
            <parameter key="MQSeries.isServer">FALSE</parameter>
            <parameter key="MQServer.Channel.Cleanup">FALSE</parameter>
        </group>
        <group key="AppSettings">
            <parameter key="OnlineServicesDomain">onlineservices.ato.gov.au</parameter>
            <parameter key="AtoOnlineDomain">ato.gov.au</parameter>
        </group>
        <group key="Logging">
            <parameter key="Event_Log_Scope">All</parameter>
        </group>
    </environment>
    <environment key="Level 1 - OUTBWEB00001DEM - DEM, Web" remoteDeploymentGroupName="" remoteDeploymentServers="">
        <group key="General">
            <parameter key="winServiceIdentity">ATOTNETPRDCT\ServiceCorAT</parameter>
            <parameter key="DALC_Server">OUTBSQL00001DES\SQL001</parameter>
            <parameter key="DALC_Database">OutboundDEM</parameter>
            <parameter key="BET_Server">TECXSQL00001DES.product.atotnet.gov.au\SQL001,61301</parameter>
            <parameter key="BET_Database">BETIDTrackingDEM</parameter>
            <parameter key="PsiDeploymentStatusEmailAddress">DCRTEnvironments2@ato.gov.au</parameter>
        </group>
        <group key="Outbound Queue">
            <parameter key="MQSeriesManager">CGS_1R01</parameter>
            <parameter key="CCDTSourcePath">${InstallDrive}\EAI\CCDT</parameter>
            <parameter key="CCDTFile">DEM.OUT.TAB</parameter>
            <parameter key="ChannelName">OUT.CGS01</parameter>
            <parameter key="MQSeries.hostName">10.195.104.222</parameter>
            <parameter key="MQSeries.port">1414</parameter>
            <parameter key="MQSeries.isServer">FALSE</parameter>
            <parameter key="MQServer.Channel.Cleanup">FALSE</parameter>
        </group>
        <group key="AppSettings">
            <parameter key="OnlineServicesDomain">onlineservices.ato.gov.au</parameter>
            <parameter key="AtoOnlineDomain">ato.gov.au</parameter>
        </group>
        <group key="Logging">
            <parameter key="Event_Log_Scope">All</parameter>
        </group>
    </environment>
    <environment key="Level 1 - OBOAWEB00001DEH - DEVH, Web (GSU)" remoteDeploymentGroupName="" remoteDeploymentServers="">
        <group key="General">
            <parameter key="winServiceIdentity">ATOTNETPRDCT\ServiceCorAT</parameter>
            <parameter key="DALC_Server">MSQSSQLA1G2AT\SQL001</parameter>
            <parameter key="DALC_Database">OutboundDEVH</parameter>
            <parameter key="BET_Server">MSQSSQL00003DE.product.atotnet.gov.au\SQL001,61301</parameter>
            <parameter key="BET_Database">BETIDTrackingDEVH</parameter>
            <parameter key="PsiDeploymentStatusEmailAddress">DCRTEnvironments2@ato.gov.au</parameter>
        </group>
        <group key="Outbound Queue">
            <parameter key="MQSeriesManager">CGS_1_01</parameter>
            <parameter key="CCDTSourcePath">${InstallDrive}\EAI\CCDT</parameter>
            <parameter key="CCDTFile">DEVH.OUT.TAB</parameter>
            <parameter key="ChannelName">OUT.CGS01</parameter>
            <parameter key="MQSeries.hostName">10.192.57.216</parameter>
            <parameter key="MQSeries.port">1417</parameter>
            <parameter key="MQSeries.isServer">FALSE</parameter>
            <parameter key="MQServer.Channel.Cleanup">FALSE</parameter>
        </group>
        <group key="AppSettings">
            <parameter key="OnlineServicesDomain">onlineservices.ato.gov.au</parameter>
            <parameter key="AtoOnlineDomain">ato.gov.au</parameter>
        </group>
        <group key="Logging">
            <parameter key="Event_Log_Scope">All</parameter>
        </group>
    </environment>
    <environment key="Level 1 - XSUPWEBZ0041AT - DEVK, Web (GSU)" remoteDeploymentGroupName="" remoteDeploymentServers="">
        <group key="General">
            <parameter key="winServiceIdentity">ATOTNETPRDCT\ServiceCorAT</parameter>
            <parameter key="DALC_Server">MSQSSQLA1G2AT\SQL001</parameter>
            <parameter key="DALC_Database">OutboundDEVK</parameter>
            <parameter key="BET_Server">MSQSSQL00003DE.product.atotnet.gov.au\SQL001,61301</parameter>
            <parameter key="BET_Database">BETIDTrackingDEVK</parameter>
            <parameter key="PsiDeploymentStatusEmailAddress">DCRTEnvironments2@ato.gov.au</parameter>
        </group>
        <group key="Outbound Queue">
            <parameter key="MQSeriesManager">CGS_T_01</parameter>
            <parameter key="CCDTSourcePath">${InstallDrive}\EAI\CCDT</parameter>
            <parameter key="CCDTFile">DEVK.OUT.TAB</parameter>
            <parameter key="ChannelName">OUT.CGS01</parameter>
            <parameter key="MQSeries.hostName">10.192.57.216</parameter>
            <parameter key="MQSeries.port">1414</parameter>
            <parameter key="MQSeries.isServer">FALSE</parameter>
            <parameter key="MQServer.Channel.Cleanup">FALSE</parameter>
        </group>
        <group key="AppSettings">
            <parameter key="OnlineServicesDomain">onlineservices.ato.gov.au</parameter>
            <parameter key="AtoOnlineDomain">ato.gov.au</parameter>
        </group>
        <group key="Logging">
            <parameter key="Event_Log_Scope">All</parameter>
        </group>
    </environment>
    <environment key="Level 1 - OUTBWEB00001DEP - DEVP, Web (GSU)" remoteDeploymentGroupName="" remoteDeploymentServers="">
        <group key="General">
            <parameter key="winServiceIdentity">ATOTNETPRDCT\ServiceCorAT</parameter>
            <parameter key="DALC_Server">MSQSSQLA1G2AT\SQL001</parameter>
            <parameter key="DALC_Database">OutboundDEVP</parameter>
            <parameter key="BET_Server">SYD02H805FV\SQL001</parameter>
            <parameter key="BET_Database">BETIDTrackingDEVP</parameter>
            <parameter key="PsiDeploymentStatusEmailAddress">DCRTEnvironments2@ato.gov.au</parameter>
        </group>
        <group key="Outbound Queue">
            <parameter key="MQSeriesManager">CGS_7_01</parameter>
            <parameter key="CCDTSourcePath">${InstallDrive}\EAI\CCDT</parameter>
            <parameter key="CCDTFile">DEVP.OUT.TAB</parameter>
            <parameter key="ChannelName">OUT.CGS01</parameter>
            <parameter key="MQSeries.hostName">10.7.141.149</parameter>
            <parameter key="MQSeries.port">1414</parameter>
            <parameter key="MQSeries.isServer">FALSE</parameter>
            <parameter key="MQServer.Channel.Cleanup">FALSE</parameter>
        </group>
        <group key="AppSettings">
            <parameter key="OnlineServicesDomain">onlineservices.ato.gov.au</parameter>
            <parameter key="AtoOnlineDomain">ato.gov.au</parameter>
        </group>
        <group key="Logging">
            <parameter key="Event_Log_Scope">All</parameter>
        </group>
    </environment>
    <environment key="Level 1 - OBUIWEB00001DEG - DEVG, Web (GSU)" remoteDeploymentGroupName="" remoteDeploymentServers="">
        <group key="General">
            <parameter key="winServiceIdentity">ATOTNETPRDCT\ServiceCorAT</parameter>
            <parameter key="DALC_Server">MSQSSQLA1G2AT\SQL001</parameter>
            <parameter key="DALC_Database">OutboundDEVG</parameter>
            <parameter key="BET_Server">MSQSSQL00003DE.product.atotnet.gov.au\SQL001,61301</parameter>
            <parameter key="BET_Database">BETIDTrackingDEVG</parameter>
            <parameter key="PsiDeploymentStatusEmailAddress">DCRTEnvironments2@ato.gov.au</parameter>
        </group>
        <group key="Outbound Queue">
            <parameter key="MQSeriesManager">CGS_1N01</parameter>
            <parameter key="CCDTSourcePath">${InstallDrive}\EAI\CCDT</parameter>
            <parameter key="CCDTFile">DEVG.OUT.TAB</parameter>
            <parameter key="ChannelName">OUT.CGS01</parameter>
            <parameter key="MQSeries.hostName">10.7.141.149</parameter>
            <parameter key="MQSeries.port">1416</parameter>
            <parameter key="MQSeries.isServer">FALSE</parameter>
            <parameter key="MQServer.Channel.Cleanup">FALSE</parameter>
        </group>
        <group key="AppSettings">
            <parameter key="OnlineServicesDomain">onlineservices.ato.gov.au</parameter>
            <parameter key="AtoOnlineDomain">ato.gov.au</parameter>
        </group>
        <group key="Logging">
            <parameter key="Event_Log_Scope">All</parameter>
        </group>
    </environment>
    <environment key="Level 1 - OBOAWEB00002DEQ - DEVQ, Web (GSU)" remoteDeploymentGroupName="" remoteDeploymentServers="">
        <group key="General">
            <parameter key="winServiceIdentity">ATOTNETPRDCT\ServiceCorAT</parameter>
            <parameter key="DALC_Server">MSQSSQLA1G2AT\SQL001</parameter>
            <parameter key="DALC_Database">OutboundDEVQ</parameter>
            <parameter key="BET_Server">MSQSSQL00003DE.product.atotnet.gov.au\SQL001,61301</parameter>
            <parameter key="BET_Database">BETIDTrackingDEVQ</parameter>
            <parameter key="PsiDeploymentStatusEmailAddress">DCRTEnvironments2@ato.gov.au</parameter>
        </group>
        <group key="Outbound Queue">
            <parameter key="MQSeriesManager">CGS_4_01</parameter>
            <parameter key="CCDTSourcePath">${InstallDrive}\EAI\CCDT</parameter>
            <parameter key="CCDTFile">DEVQ.OUT.TAB</parameter>
            <parameter key="ChannelName">OUT.CGS01</parameter>
            <parameter key="MQSeries.hostName">10.7.141.149</parameter>
            <parameter key="MQSeries.port">1415</parameter>
            <parameter key="MQSeries.isServer">FALSE</parameter>
            <parameter key="MQServer.Channel.Cleanup">FALSE</parameter>
        </group>
        <group key="AppSettings">
            <parameter key="OnlineServicesDomain">onlineservices.ato.gov.au</parameter>
            <parameter key="AtoOnlineDomain">ato.gov.au</parameter>
        </group>
        <group key="Logging">
            <parameter key="Event_Log_Scope">All</parameter>
        </group>
    </environment>
    <environment key="Level 1 - OBOAWEB00002DEW - DEVW, Web (GSU)" remoteDeploymentGroupName="" remoteDeploymentServers="">
        <group key="General">
            <parameter key="winServiceIdentity">ATOTNETPRDCT\ServiceCorAT</parameter>
            <parameter key="DALC_Server">MSQSSQLA1G2AT\SQL001</parameter>
            <parameter key="DALC_Database">OutboundDEVW</parameter>
            <parameter key="BET_Server">MSQSSQL00003DE.product.atotnet.gov.au\SQL001,61301</parameter>
            <parameter key="BET_Database">BETIDTrackingDEVW</parameter>
            <parameter key="PsiDeploymentStatusEmailAddress">DCRTEnvironments2@ato.gov.au</parameter>
        </group>
        <group key="Outbound Queue">
            <parameter key="MQSeriesManager">CGS_1L01</parameter>
            <parameter key="CCDTSourcePath">${InstallDrive}\EAI\CCDT</parameter>
            <parameter key="CCDTFile">DEVW.OUT.TAB</parameter>
            <parameter key="ChannelName">OUT.CGS01</parameter>
            <parameter key="MQSeries.hostName">10.192.57.216</parameter>
            <parameter key="MQSeries.port">1416</parameter>
            <parameter key="MQSeries.isServer">FALSE</parameter>
            <parameter key="MQServer.Channel.Cleanup">FALSE</parameter>
        </group>
        <group key="AppSettings">
            <parameter key="OnlineServicesDomain">onlineservices.ato.gov.au</parameter>
            <parameter key="AtoOnlineDomain">ato.gov.au</parameter>
        </group>
        <group key="Logging">
            <parameter key="Event_Log_Scope">All</parameter>
        </group>
    </environment>
    <environment key="Level 2 - OBOAWEB00001ATH - ATH, Web (GSU)" remoteDeploymentGroupName="" remoteDeploymentServers="">
        <group key="General">
            <parameter key="winServiceIdentity">ATOTNETPRDCT\ServiceCores</parameter>
            <parameter key="DALC_Server">MSQSSQLA1G2AT\SQL001</parameter>
            <parameter key="DALC_Database">OutboundATH</parameter>
            <parameter key="BET_Server">SYD02H805FV.product.atotnet.gov.au\SQL001</parameter>
            <parameter key="BET_Database">BETIDTrackingATH</parameter>
            <parameter key="PsiDeploymentStatusEmailAddress">DCRTEnvironments2@ato.gov.au</parameter>
        </group>
        <group key="Outbound Queue">
            <parameter key="MQSeriesManager">CGS_E_01</parameter>
            <parameter key="CCDTSourcePath">${InstallDrive}\EAI\CCDT</parameter>
            <parameter key="CCDTFile">ATH.OUT.TAB</parameter>
            <parameter key="ChannelName">OUT.CGS01</parameter>
            <parameter key="MQSeries.hostName">10.192.46.36</parameter>
            <parameter key="MQSeries.port">1416</parameter>
            <parameter key="MQSeries.isServer">FALSE</parameter>
            <parameter key="MQServer.Channel.Cleanup">FALSE</parameter>
        </group>
        <group key="AppSettings">
            <parameter key="OnlineServicesDomain">onlineservices.ato.gov.au</parameter>
            <parameter key="AtoOnlineDomain">ato.gov.au</parameter>
        </group>
        <group key="Logging">
            <parameter key="Event_Log_Scope">All</parameter>
        </group>
    </environment>
    <environment key="Level 2 - OBUIWEB00001ATG - ATG, Web (GSU)" remoteDeploymentGroupName="" remoteDeploymentServers="">
        <group key="General">
            <parameter key="winServiceIdentity">ATOTNETPRDCT\ServiceCores</parameter>
            <parameter key="DALC_Server">MSQSSQLA1G2AT\SQL001</parameter>
            <parameter key="DALC_Database">OutboundATG</parameter>
            <parameter key="BET_Server">SYD02H805FV.product.atotnet.gov.au\SQL001</parameter>
            <parameter key="BET_Database">BETIDTrackingATG</parameter>
            <parameter key="PsiDeploymentStatusEmailAddress">DCRTEnvironments2@ato.gov.au</parameter>
        </group>
        <group key="Outbound Queue">
            <parameter key="MQSeriesManager">CGS_2N01</parameter>
            <parameter key="CCDTSourcePath">${InstallDrive}\EAI\CCDT</parameter>
            <parameter key="CCDTFile">ATG.OUT.TAB</parameter>
            <parameter key="ChannelName">OUT.CGS01</parameter>
            <parameter key="MQSeries.hostName">10.192.46.36</parameter>
            <parameter key="MQSeries.port">1417</parameter>
            <parameter key="MQSeries.isServer">FALSE</parameter>
            <parameter key="MQServer.Channel.Cleanup">FALSE</parameter>
        </group>
        <group key="AppSettings">
            <parameter key="OnlineServicesDomain">onlineservices.ato.gov.au</parameter>
            <parameter key="AtoOnlineDomain">ato.gov.au</parameter>
        </group>
        <group key="Logging">
            <parameter key="Event_Log_Scope">All</parameter>
        </group>
    </environment>
    <environment key="Level 2 - OBOAWEB00001ATJ - ATJ, Web (GSU)" remoteDeploymentGroupName="" remoteDeploymentServers="">
        <group key="General">
            <parameter key="winServiceIdentity">ATOTNETPRDCT\ServiceCores</parameter>
            <parameter key="DALC_Server">MSQSSQLA1G2AT\SQL001</parameter>
            <parameter key="DALC_Database">OutboundATJ</parameter>
            <parameter key="BET_Server">SYD02H805FV.product.atotnet.gov.au\SQL001</parameter>
            <parameter key="BET_Database">BETIDTrackingATJ</parameter>
            <parameter key="PsiDeploymentStatusEmailAddress">DCRTEnvironments2@ato.gov.au</parameter>
        </group>
        <group key="Outbound Queue">
            <parameter key="MQSeriesManager">CGS_3_01</parameter>
            <parameter key="CCDTSourcePath">${InstallDrive}\EAI\CCDT</parameter>
            <parameter key="CCDTFile">ATJ.OUT.TAB</parameter>
            <parameter key="ChannelName">OUT.CGS01</parameter>
            <parameter key="MQSeries.hostName">10.7.141.151</parameter>
            <parameter key="MQSeries.port">1415</parameter>
            <parameter key="MQSeries.isServer">FALSE</parameter>
            <parameter key="MQServer.Channel.Cleanup">FALSE</parameter>
        </group>
        <group key="AppSettings">
            <parameter key="OnlineServicesDomain">onlineservices.ato.gov.au</parameter>
            <parameter key="AtoOnlineDomain">ato.gov.au</parameter>
        </group>
        <group key="Logging">
            <parameter key="Event_Log_Scope">All</parameter>
        </group>
    </environment>
    <environment key="Level 2 - XSUPWEBZ0035AT - ATL Web (GSU)" remoteDeploymentGroupName="" remoteDeploymentServers="">
        <group key="General">
            <parameter key="winServiceIdentity">ATOTNETPRDCT\ServiceCores</parameter>
            <parameter key="DALC_Server">MSQSSQLA1G2AT\sql001</parameter>
            <parameter key="DALC_Database">OutboundATL</parameter>
            <parameter key="BET_Server">SYD02H805FV.product.atotnet.gov.au\SQL001</parameter>
            <parameter key="BET_Database">BETIDTrackingATL</parameter>
            <parameter key="PsiDeploymentStatusEmailAddress">DCRTEnvironments2@ato.gov.au</parameter>
        </group>
        <group key="Outbound Queue">
            <parameter key="MQSeriesManager">CGS_I_01</parameter>
            <parameter key="CCDTSourcePath">${InstallDrive}\EAI\CCDT</parameter>
            <parameter key="CCDTFile">ATL.OUT.TAB</parameter>
            <parameter key="ChannelName">OUT.CGS01</parameter>
            <parameter key="MQSeries.hostName">10.192.46.36</parameter>
            <parameter key="MQSeries.port">1414</parameter>
            <parameter key="MQSeries.isServer">FALSE</parameter>
            <parameter key="MQServer.Channel.Cleanup">FALSE</parameter>
        </group>
        <group key="AppSettings">
            <parameter key="OnlineServicesDomain">onlineservices.ato.gov.au</parameter>
            <parameter key="AtoOnlineDomain">ato.gov.au</parameter>
        </group>
        <group key="Logging">
            <parameter key="Event_Log_Scope">All</parameter>
        </group>
    </environment>
    <environment key="Level 2 - OBOAWEB00001ATN - ATN Web (GSU)" remoteDeploymentGroupName="" remoteDeploymentServers="">
        <group key="General">
            <parameter key="winServiceIdentity">ATOTNETPRDCT\ServiceCores</parameter>
            <parameter key="DALC_Server">MSQSSQLA1G2AT\sql001</parameter>
            <parameter key="DALC_Database">OutboundATN</parameter>
            <parameter key="BET_Server">SYD02H805FV.product.atotnet.gov.au\SQL001</parameter>
            <parameter key="BET_Database">BETIDTrackingATN</parameter>
            <parameter key="PsiDeploymentStatusEmailAddress">DCRTEnvironments2@ato.gov.au</parameter>
        </group>
        <group key="Outbound Queue">
            <parameter key="MQSeriesManager">CGS_K_01</parameter>
            <parameter key="CCDTSourcePath">${InstallDrive}\EAI\CCDT</parameter>
            <parameter key="CCDTFile">ATN.OUT.TAB</parameter>
            <parameter key="ChannelName">OUT.CGS01</parameter>
            <parameter key="MQSeries.hostName">10.192.46.36</parameter>
            <parameter key="MQSeries.port">1415</parameter>
            <parameter key="MQSeries.isServer">FALSE</parameter>
            <parameter key="MQServer.Channel.Cleanup">FALSE</parameter>
        </group>
        <group key="AppSettings">
            <parameter key="OnlineServicesDomain">onlineservices.ato.gov.au</parameter>
            <parameter key="AtoOnlineDomain">ato.gov.au</parameter>
        </group>
        <group key="Logging">
            <parameter key="Event_Log_Scope">All</parameter>
        </group>
    </environment>
    <environment key="Level 2 - OUTBWEB00001ATW - ATW Web (GSU)" remoteDeploymentGroupName="" remoteDeploymentServers="">
        <group key="General">
            <parameter key="winServiceIdentity">ATOTNETPRDCT\ServiceCores</parameter>
            <parameter key="DALC_Server">MSQSSQLA1G2AT\SQL001</parameter>
            <parameter key="DALC_Database">OutboundATW</parameter>
            <parameter key="BET_Server">SYD02H805FV.product.atotnet.gov.au\SQL001</parameter>
            <parameter key="BET_Database">BETIDTrackingATW</parameter>
            <parameter key="PsiDeploymentStatusEmailAddress">DCRTEnvironments2@ato.gov.au</parameter>
        </group>
        <group key="Outbound Queue">
            <parameter key="MQSeriesManager">CGS_2C01</parameter>
            <parameter key="CCDTSourcePath">${InstallDrive}\EAI\CCDT</parameter>
            <parameter key="CCDTFile">ATW.OUT.TAB</parameter>
            <parameter key="ChannelName">OUT.CGS01</parameter>
            <parameter key="MQSeries.hostName">10.192.63.108</parameter>
            <parameter key="MQSeries.port">1414</parameter>
            <parameter key="MQSeries.isServer">FALSE</parameter>
            <parameter key="MQServer.Channel.Cleanup">FALSE</parameter>
        </group>
        <group key="AppSettings">
            <parameter key="OnlineServicesDomain">onlineservices.ato.gov.au</parameter>
            <parameter key="AtoOnlineDomain">ato.gov.au</parameter>
        </group>
        <group key="Logging">
            <parameter key="Event_Log_Scope">All</parameter>
        </group>
    </environment>
    <environment key="Level 2 - OUTBWEB00001ATA - ATA Web (GSU)" remoteDeploymentGroupName="" remoteDeploymentServers="">
        <group key="General">
            <parameter key="winServiceIdentity">ATOTNETPRDCT\ServiceCores</parameter>
            <parameter key="DALC_Server">OUTBSQL00001ATS.product.atotnet.gov.au\SQL001</parameter>
            <parameter key="DALC_Database">OutboundATA</parameter>
            <parameter key="BET_Server">TECXSQL00003ATS.product.atotnet.gov.au\SQL001</parameter>
            <parameter key="BET_Database">BETIDTrackingATA</parameter>
            <parameter key="PsiDeploymentStatusEmailAddress">DCRTEnvironments2@ato.gov.au</parameter>
        </group>
        <group key="Outbound Queue">
            <parameter key="MQSeriesManager">CGS_2B01</parameter>
            <parameter key="CCDTSourcePath">${InstallDrive}\EAI\CCDT</parameter>
            <parameter key="CCDTFile">ATA.OUT.TAB</parameter>
            <parameter key="ChannelName">OUT.CGS01</parameter>
            <parameter key="MQSeries.hostName">10.195.104.55</parameter>
            <parameter key="MQSeries.port">1414</parameter>
            <parameter key="MQSeries.isServer">FALSE</parameter>
            <parameter key="MQServer.Channel.Cleanup">FALSE</parameter>
        </group>
        <group key="AppSettings">
            <parameter key="OnlineServicesDomain">onlineservices.ato.gov.au</parameter>
            <parameter key="AtoOnlineDomain">ato.gov.au</parameter>
        </group>
        <group key="Logging">
            <parameter key="Event_Log_Scope">All</parameter>
        </group>
    </environment>
    <environment key="Level 2 - OUTBWEB00001ATB - ATB Web (GSU)" remoteDeploymentGroupName="" remoteDeploymentServers="">
        <group key="General">
            <parameter key="winServiceIdentity">ATOTNETPRDCT\ServiceCores</parameter>
            <parameter key="DALC_Server">OUTBSQL00001ATS.product.atotnet.gov.au\SQL001</parameter>
            <parameter key="DALC_Database">OutboundATB</parameter>
            <parameter key="BET_Server">TECXSQL00003ATS.product.atotnet.gov.au\SQL001</parameter>
            <parameter key="BET_Database">BETIDTrackingATB</parameter>
            <parameter key="PsiDeploymentStatusEmailAddress">DCRTEnvironments2@ato.gov.au</parameter>
        </group>
        <group key="Outbound Queue">
            <parameter key="MQSeriesManager">CGS_2A01</parameter>
            <parameter key="CCDTSourcePath">${InstallDrive}\EAI\CCDT</parameter>
            <parameter key="CCDTFile">ATB.OUT.TAB</parameter>
            <parameter key="ChannelName">OUT.CGS01</parameter>
            <parameter key="MQSeries.hostName">10.195.104.196</parameter>
            <parameter key="MQSeries.port">1414</parameter>
            <parameter key="MQSeries.isServer">FALSE</parameter>
            <parameter key="MQServer.Channel.Cleanup">FALSE</parameter>
        </group>
        <group key="AppSettings">
            <parameter key="OnlineServicesDomain">onlineservices.ato.gov.au</parameter>
            <parameter key="AtoOnlineDomain">ato.gov.au</parameter>
        </group>
        <group key="Logging">
            <parameter key="Event_Log_Scope">All</parameter>
        </group>
    </environment>
    <environment key="Level 2 - OUTBWEB00001ATM - ATM Web (GSU)" remoteDeploymentGroupName="" remoteDeploymentServers="">
        <group key="General">
            <parameter key="winServiceIdentity">ATOTNETPRDCT\ServiceCores</parameter>
            <parameter key="DALC_Server">OUTBSQL00001ATS.product.atotnet.gov.au\SQL001</parameter>
            <parameter key="DALC_Database">OutboundATM</parameter>
            <parameter key="BET_Server">TECXSQL00003ATS.product.atotnet.gov.au\SQL001</parameter>
            <parameter key="BET_Database">BETIDTrackingATM</parameter>
            <parameter key="PsiDeploymentStatusEmailAddress">DCRTEnvironments2@ato.gov.au</parameter>
        </group>
        <group key="Outbound Queue">
            <parameter key="MQSeriesManager">CGS_2_01</parameter>
            <parameter key="CCDTSourcePath">${InstallDrive}\EAI\CCDT</parameter>
            <parameter key="CCDTFile">ATM.OUT.TAB</parameter>
            <parameter key="ChannelName">OUT.CGS01</parameter>
            <parameter key="MQSeries.hostName">10.195.104.252</parameter>
            <parameter key="MQSeries.port">1414</parameter>
            <parameter key="MQSeries.isServer">FALSE</parameter>
            <parameter key="MQServer.Channel.Cleanup">FALSE</parameter>
        </group>
        <group key="AppSettings">
            <parameter key="OnlineServicesDomain">onlineservices.ato.gov.au</parameter>
            <parameter key="AtoOnlineDomain">ato.gov.au</parameter>
        </group>
        <group key="Logging">
            <parameter key="Event_Log_Scope">All</parameter>
        </group>
    </environment>
    <environment key="Level 3 - OUTBWEB00001PTE - PTE, Web Node 1 (GSU)" remoteDeploymentGroupName="" remoteDeploymentServers="">
        <group key="General">
            <parameter key="winServiceIdentity">ATOTNETINTGRT\serviceCores</parameter>
            <parameter key="DALC_Server">MSQSSQLA1G3PT.integrate.atotnet.gov.au\SQL001</parameter>
            <parameter key="DALC_Database">OutboundPTE</parameter>
            <parameter key="BET_Server">SYD02H555IV.integrate.atotnet.gov.au\SQL001</parameter>
            <parameter key="BET_Database">BETIDTrackingPTE</parameter>
            <parameter key="PsiDeploymentStatusEmailAddress">DCRTEnvironments2@ato.gov.au</parameter>
        </group>
        <group key="Outbound Queue">
            <parameter key="MQSeriesManager">CGS_3F01</parameter>
            <parameter key="CCDTSourcePath">${InstallDrive}\EAI\CCDT</parameter>
            <parameter key="CCDTFile">PTE.OUT.TAB</parameter>
            <parameter key="ChannelName">OUT.CGS01</parameter>
            <parameter key="MQSeries.hostName">10.7.12.95</parameter>
            <parameter key="MQSeries.port">1415</parameter>
            <parameter key="MQSeries.isServer">FALSE</parameter>
            <parameter key="MQServer.Channel.Cleanup">FALSE</parameter>
        </group>
        <group key="AppSettings">
            <parameter key="OnlineServicesDomain">onlineservices.ato.gov.au</parameter>
            <parameter key="AtoOnlineDomain">ato.gov.au</parameter>
        </group>
        <group key="Logging">
            <parameter key="Event_Log_Scope">All</parameter>
        </group>
    </environment>
    <environment key="Level 3 - OBOAWEB00001PTG - PTG, Web Node 1 (GSU)" remoteDeploymentGroupName="" remoteDeploymentServers="">
        <group key="General">
            <parameter key="winServiceIdentity">ATOTNETINTGRT\serviceCores</parameter>
            <parameter key="DALC_Server">MSQSSQLA1G3PT.integrate.atotnet.gov.au\SQL001</parameter>
            <parameter key="DALC_Database">OutboundPTG</parameter>
            <parameter key="BET_Server">SYD02H555IV.integrate.atotnet.gov.au\SQL001</parameter>
            <parameter key="BET_Database">BETIDTrackingPTG</parameter>
            <parameter key="PsiDeploymentStatusEmailAddress">DCRTEnvironments2@ato.gov.au</parameter>
        </group>
        <group key="Outbound Queue">
            <parameter key="MQSeriesManager">CGS_C_01</parameter>
            <parameter key="CCDTSourcePath">${InstallDrive}\EAI\CCDT</parameter>
            <parameter key="CCDTFile">PTG.OUT.TAB</parameter>
            <parameter key="ChannelName">OUT.CGS01</parameter>
            <parameter key="MQSeries.hostName">10.7.12.95</parameter>
            <parameter key="MQSeries.port">1416</parameter>
            <parameter key="MQSeries.isServer">FALSE</parameter>
            <parameter key="MQServer.Channel.Cleanup">FALSE</parameter>
        </group>
        <group key="AppSettings">
            <parameter key="OnlineServicesDomain">onlineservices.ato.gov.au</parameter>
            <parameter key="AtoOnlineDomain">ato.gov.au</parameter>
        </group>
        <group key="Logging">
            <parameter key="Event_Log_Scope">All</parameter>
        </group>
    </environment>
    <environment key="Level 3 - OBOAWEB00002PT - PTH Web Node (GSU)" remoteDeploymentGroupName="" remoteDeploymentServers="">
        <group key="General">
            <parameter key="winServiceIdentity">ATOTNETINTGRT\serviceCores</parameter>
            <parameter key="DALC_Server">MSQSSQLA1G3PT.integrate.atotnet.gov.au\SQL001</parameter>
            <parameter key="DALC_Database">OutboundPTH</parameter>
            <parameter key="BET_Server">SYD02H555IV.integrate.atotnet.gov.au\SQL001</parameter>
            <parameter key="BET_Database">BETIDTrackingPTH</parameter>
            <parameter key="PsiDeploymentStatusEmailAddress">DCRTEnvironments2@ato.gov.au</parameter>
        </group>
        <group key="Outbound Queue">
            <parameter key="MQSeriesManager">CGS_Q_01</parameter>
            <parameter key="CCDTSourcePath">${InstallDrive}\EAI\CCDT</parameter>
            <parameter key="CCDTFile">PTH.OUT.TAB</parameter>
            <parameter key="ChannelName">OUT.CGS01</parameter>
            <parameter key="MQSeries.hostName">10.7.12.95</parameter>
            <parameter key="MQSeries.port">1417</parameter>
            <parameter key="MQSeries.isServer">FALSE</parameter>
            <parameter key="MQServer.Channel.Cleanup">FALSE</parameter>
        </group>
        <group key="AppSettings">
            <parameter key="OnlineServicesDomain">onlineservices.ato.gov.au</parameter>
            <parameter key="AtoOnlineDomain">ato.gov.au</parameter>
        </group>
        <group key="Logging">
            <parameter key="Event_Log_Scope">All</parameter>
        </group>
    </environment>
    <environment key="Level 3 - OBUIWEB00002PT - PTF Web Node (GSU)" remoteDeploymentGroupName="" remoteDeploymentServers="">
        <group key="General">
            <parameter key="winServiceIdentity">ATOTNETINTGRT\serviceCores</parameter>
            <parameter key="DALC_Server">MSQSSQLA1G3PT.integrate.atotnet.gov.au\SQL001</parameter>
            <parameter key="DALC_Database">OutboundPTF</parameter>
            <parameter key="BET_Server">SYD02H555IV.integrate.atotnet.gov.au\SQL001</parameter>
            <parameter key="BET_Database">BETIDTrackingPTF</parameter>
            <parameter key="PsiDeploymentStatusEmailAddress">DCRTEnvironments2@ato.gov.au</parameter>
        </group>
        <group key="Outbound Queue">
            <parameter key="MQSeriesManager">GSUWEB3Q1</parameter>
            <parameter key="CCDTSourcePath">${InstallDrive}\EAI\CCDT</parameter>
            <parameter key="CCDTFile">PTF.OUT.TAB</parameter>
            <parameter key="ChannelName"></parameter>
            <parameter key="MQSeries.hostName"></parameter>
            <parameter key="MQSeries.port"></parameter>
            <parameter key="MQSeries.isServer">TRUE</parameter>
            <parameter key="MQServer.Channel.Cleanup">TRUE</parameter>
        </group>
        <group key="AppSettings">
            <parameter key="OnlineServicesDomain">onlineservices.ato.gov.au</parameter>
            <parameter key="AtoOnlineDomain">ato.gov.au</parameter>
        </group>
        <group key="Logging">
            <parameter key="Event_Log_Scope">All</parameter>
        </group>
    </environment>
    <environment key="Level 3 - OUIXWEB01G3PTI - PTI Web Node (GSU)" remoteDeploymentGroupName="" remoteDeploymentServers="">
        <group key="General">
            <parameter key="winServiceIdentity">ATOTNETINTGRT\serviceCores</parameter>
            <parameter key="DALC_Server">MSQSSQLA1G3PT.integrate.atotnet.gov.au\SQL001</parameter>
            <parameter key="DALC_Database">OutboundPTI</parameter>
            <parameter key="BET_Server">SYD02H555IV.integrate.atotnet.gov.au\SQL001</parameter>
            <parameter key="BET_Database">BETIDTrackingPTI</parameter>
            <parameter key="PsiDeploymentStatusEmailAddress">DCRTEnvironments2@ato.gov.au</parameter>
        </group>
        <group key="Outbound Queue">
            <parameter key="MQSeriesManager">CGS_G_01</parameter>
            <parameter key="CCDTSourcePath">${InstallDrive}\EAI\CCDT</parameter>
            <parameter key="CCDTFile">PTI.OUT.TAB</parameter>
            <parameter key="ChannelName">OUT.CGS01</parameter>
            <parameter key="MQSeries.hostName">10.7.12.95</parameter>
            <parameter key="MQSeries.port">1414</parameter>
            <parameter key="MQSeries.isServer">FALSE</parameter>
            <parameter key="MQServer.Channel.Cleanup">FALSE</parameter>
        </group>
        <group key="AppSettings">
            <parameter key="OnlineServicesDomain">onlineservices.ato.gov.au</parameter>
            <parameter key="AtoOnlineDomain">ato.gov.au</parameter>
        </group>
        <group key="Logging">
            <parameter key="Event_Log_Scope">All</parameter>
        </group>
    </environment>
    <environment key="Level 3 - OBOAWEB00002PTR - PTR Web Node (GSU)" remoteDeploymentGroupName="" remoteDeploymentServers="">
        <group key="General">
            <parameter key="winServiceIdentity">ATOTNETINTGRT\serviceCores</parameter>
            <parameter key="DALC_Server">MSQSSQLA1G3PT.integrate.atotnet.gov.au\SQL001</parameter>
            <parameter key="DALC_Database">OutboundPTR</parameter>
            <parameter key="BET_Server">SYD02H555IV.integrate.atotnet.gov.au\SQL001</parameter>
            <parameter key="BET_Database">BETIDTrackingPTR</parameter>
            <parameter key="PsiDeploymentStatusEmailAddress">DCRTEnvironments2@ato.gov.au</parameter>
        </group>
        <group key="Outbound Queue">
            <parameter key="MQSeriesManager">CGS_3A01</parameter>
            <parameter key="CCDTSourcePath">${InstallDrive}\EAI\CCDT</parameter>
            <parameter key="CCDTFile">PTR.OUT.TAB</parameter>
            <parameter key="ChannelName">OUT.CGS01</parameter>
            <parameter key="MQSeries.hostName">10.192.16.50</parameter>
            <parameter key="MQSeries.port">1414</parameter>
            <parameter key="MQSeries.isServer">FALSE</parameter>
            <parameter key="MQServer.Channel.Cleanup">FALSE</parameter>
        </group>
        <group key="AppSettings">
            <parameter key="OnlineServicesDomain">onlineservices.ato.gov.au</parameter>
            <parameter key="AtoOnlineDomain">ato.gov.au</parameter>
        </group>
        <group key="Logging">
            <parameter key="Event_Log_Scope">All</parameter>
        </group>
    </environment>
    <environment key="Level 3 - OUTBWEB00005PTA - PTA Web Node (GSU)" remoteDeploymentGroupName="" remoteDeploymentServers="">
        <group key="General">
            <parameter key="winServiceIdentity">ATOTNETINTGRT\serviceCores</parameter>
            <parameter key="DALC_Server">OUTBSQL00002PTS.integrate.atotnet.gov.au\SQL001</parameter>
            <parameter key="DALC_Database">OutboundPTA</parameter>
            <parameter key="BET_Server">TECXSQL00001PTS.integrate.atotnet.gov.au\SQL001</parameter>
            <parameter key="BET_Database">BETIDTrackingPTA</parameter>
            <parameter key="PsiDeploymentStatusEmailAddress">DCRTEnvironments2@ato.gov.au</parameter>
        </group>
        <group key="Outbound Queue">
            <parameter key="MQSeriesManager">CGS_3C01</parameter>
            <parameter key="CCDTSourcePath">${InstallDrive}\EAI\CCDT</parameter>
            <parameter key="CCDTFile">PTA.OUT.TAB</parameter>
            <parameter key="ChannelName">OUT.CGS01</parameter>
            <parameter key="MQSeries.hostName">10.195.112.35</parameter>
            <parameter key="MQSeries.port">1414</parameter>
            <parameter key="MQSeries.isServer">FALSE</parameter>
            <parameter key="MQServer.Channel.Cleanup">FALSE</parameter>
        </group>
        <group key="AppSettings">
            <parameter key="OnlineServicesDomain">onlineservices.ato.gov.au</parameter>
            <parameter key="AtoOnlineDomain">ato.gov.au</parameter>
        </group>
        <group key="Logging">
            <parameter key="Event_Log_Scope">All</parameter>
        </group>
    </environment>
    <environment key="Level 3 - OUTBWEB00001PTB - PTB Web Node 1 (GSU)" remoteDeploymentGroupName="" remoteDeploymentServers="">
        <group key="General">
            <parameter key="winServiceIdentity">ATOTNETINTGRT\serviceCores</parameter>
            <parameter key="DALC_Server">OUTBSQL00002PTS.integrate.atotnet.gov.au\SQL001</parameter>
            <parameter key="DALC_Database">OutboundPTB</parameter>
            <parameter key="BET_Server">TECXSQL00001PTS.integrate.atotnet.gov.au\SQL001</parameter>
            <parameter key="BET_Database">BETIDTrackingPTB</parameter>
            <parameter key="PsiDeploymentStatusEmailAddress">DCRTEnvironments2@ato.gov.au</parameter>
        </group>
        <group key="Outbound Queue">
            <parameter key="MQSeriesManager">CGS_3G01</parameter>
            <parameter key="CCDTSourcePath">${InstallDrive}\EAI\CCDT</parameter>
            <parameter key="CCDTFile">PTB.OUT.TAB</parameter>
            <parameter key="ChannelName">OUT.CGS01</parameter>
            <parameter key="MQSeries.hostName">10.195.112.90</parameter>
            <parameter key="MQSeries.port">1414</parameter>
            <parameter key="MQSeries.isServer">FALSE</parameter>
            <parameter key="MQServer.Channel.Cleanup">FALSE</parameter>
        </group>
        <group key="AppSettings">
            <parameter key="OnlineServicesDomain">onlineservices.ato.gov.au</parameter>
            <parameter key="AtoOnlineDomain">ato.gov.au</parameter>
        </group>
        <group key="Logging">
            <parameter key="Event_Log_Scope">All</parameter>
        </group>
    </environment>
    <environment key="Level 3 - OUTBWEB00002PTB - PTB Web Node 2 (GSU)" remoteDeploymentGroupName="" remoteDeploymentServers="">
        <group key="General">
            <parameter key="winServiceIdentity">ATOTNETINTGRT\serviceCores</parameter>
            <parameter key="DALC_Server">OUTBSQL00002PTS.integrate.atotnet.gov.au\SQL001</parameter>
            <parameter key="DALC_Database">OutboundPTB</parameter>
            <parameter key="BET_Server">TECXSQL00001PTS.integrate.atotnet.gov.au\SQL001</parameter>
            <parameter key="BET_Database">BETIDTrackingPTB</parameter>
            <parameter key="PsiDeploymentStatusEmailAddress">DCRTEnvironments2@ato.gov.au</parameter>
        </group>
        <group key="Outbound Queue">
            <parameter key="MQSeriesManager">CGS_3G01</parameter>
            <parameter key="CCDTSourcePath">${InstallDrive}\EAI\CCDT</parameter>
            <parameter key="CCDTFile">PTB.OUT.TAB</parameter>
            <parameter key="ChannelName">OUT.CGS01</parameter>
            <parameter key="MQSeries.hostName">10.195.112.90</parameter>
            <parameter key="MQSeries.port">1414</parameter>
            <parameter key="MQSeries.isServer">FALSE</parameter>
            <parameter key="MQServer.Channel.Cleanup">FALSE</parameter>
        </group>
        <group key="AppSettings">
            <parameter key="OnlineServicesDomain">onlineservices.ato.gov.au</parameter>
            <parameter key="AtoOnlineDomain">ato.gov.au</parameter>
        </group>
        <group key="Logging">
            <parameter key="Event_Log_Scope">All</parameter>
        </group>
    </environment>
    <environment key="Level 3 - OUTBWEB00001PTM - PTM" remoteDeploymentGroupName="" remoteDeploymentServers="">
        <group key="General">
            <parameter key="winServiceIdentity">ATOTNETINTGRT\serviceCores</parameter>
            <parameter key="DALC_Server">OUTBSQL00002PTS.integrate.atotnet.gov.au\SQL001</parameter>
            <parameter key="DALC_Database">OutboundPTM</parameter>
            <parameter key="BET_Server">TECXSQL00001PTS.integrate.atotnet.gov.au\SQL001</parameter>
            <parameter key="BET_Database">BETIDTrackingPTM</parameter>
            <parameter key="PsiDeploymentStatusEmailAddress">DCRTEnvironments2@ato.gov.au</parameter>
        </group>
        <group key="Outbound Queue">
            <parameter key="MQSeriesManager">CGS_3N01</parameter>
            <parameter key="CCDTSourcePath">${InstallDrive}\EAI\CCDT</parameter>
            <parameter key="CCDTFile">PTM.OUT.TAB</parameter>
            <parameter key="ChannelName">OUT.CGS01</parameter>
            <parameter key="MQSeries.hostName">10.195.112.117</parameter>
            <parameter key="MQSeries.port">1414</parameter>
            <parameter key="MQSeries.isServer">FALSE</parameter>
            <parameter key="MQServer.Channel.Cleanup">FALSE</parameter>
        </group>
        <group key="AppSettings">
            <parameter key="OnlineServicesDomain">onlineservices.ato.gov.au</parameter>
            <parameter key="AtoOnlineDomain">ato.gov.au</parameter>
        </group>
        <group key="Logging">
            <parameter key="Event_Log_Scope">All</parameter>
        </group>
    </environment>
    <environment key="Level 3 - OUTBWEB00001PTW - PTW Web Node 1 (GSU)" remoteDeploymentGroupName="" remoteDeploymentServers="">
        <group key="General">
            <parameter key="winServiceIdentity">ATOTNETINTGRT\serviceCores</parameter>
            <parameter key="DALC_Server">MSQSSQLA1G3PT.integrate.atotnet.gov.au\SQL001</parameter>
            <parameter key="DALC_Database">OutboundPTW</parameter>
            <parameter key="BET_Server">SYD02H555IV.integrate.atotnet.gov.au\SQL001</parameter>
            <parameter key="BET_Database">BETIDTrackingPTW</parameter>
            <parameter key="PsiDeploymentStatusEmailAddress">DCRTEnvironments2@ato.gov.au</parameter>
        </group>
        <group key="Outbound Queue">
            <parameter key="MQSeriesManager">CGS_3I01</parameter>
            <parameter key="CCDTSourcePath">${InstallDrive}\EAI\CCDT</parameter>
            <parameter key="CCDTFile">PTW.OUT.TAB</parameter>
            <parameter key="ChannelName">OUT.CGS01</parameter>
            <parameter key="MQSeries.hostName">10.192.71.69</parameter>
            <parameter key="MQSeries.port">1414</parameter>
            <parameter key="MQSeries.isServer">FALSE</parameter>
            <parameter key="MQServer.Channel.Cleanup">FALSE</parameter>
        </group>
        <group key="AppSettings">
            <parameter key="OnlineServicesDomain">onlineservices.ato.gov.au</parameter>
            <parameter key="AtoOnlineDomain">ato.gov.au</parameter>
        </group>
        <group key="Logging">
            <parameter key="Event_Log_Scope">All</parameter>
        </group>
    </environment>
    <environment key="Level 3 - OUTBWEB00002PTW - PTW Web Node 2 (GSU)" remoteDeploymentGroupName="" remoteDeploymentServers="">
        <group key="General">
            <parameter key="winServiceIdentity">ATOTNETINTGRT\serviceCores</parameter>
            <parameter key="DALC_Server">MSQSSQLA1G3PT.integrate.atotnet.gov.au\SQL001</parameter>
            <parameter key="DALC_Database">OutboundPTW</parameter>
            <parameter key="BET_Server">SYD02H555IV.integrate.atotnet.gov.au\SQL001</parameter>
            <parameter key="BET_Database">BETIDTrackingPTW</parameter>
            <parameter key="PsiDeploymentStatusEmailAddress">DCRTEnvironments2@ato.gov.au</parameter>
        </group>
        <group key="Outbound Queue">
            <parameter key="MQSeriesManager">CGS_3I01</parameter>
            <parameter key="CCDTSourcePath">${InstallDrive}\EAI\CCDT</parameter>
            <parameter key="CCDTFile">PTW.OUT.TAB</parameter>
            <parameter key="ChannelName">OUT.CGS01</parameter>
            <parameter key="MQSeries.hostName">10.192.71.69</parameter>
            <parameter key="MQSeries.port">1414</parameter>
            <parameter key="MQSeries.isServer">FALSE</parameter>
            <parameter key="MQServer.Channel.Cleanup">FALSE</parameter>
        </group>
        <group key="AppSettings">
            <parameter key="OnlineServicesDomain">onlineservices.ato.gov.au</parameter>
            <parameter key="AtoOnlineDomain">ato.gov.au</parameter>
        </group>
        <group key="Logging">
            <parameter key="Event_Log_Scope">All</parameter>
        </group>
    </environment>
    <environment key="Level 4 - SYD02I260UV, NEW02I260UV - UATI, Web Node 1 (GSU)" remoteDeploymentGroupName="" remoteDeploymentServers="">
        <group key="General">
            <parameter key="winServiceIdentity">ATOQNETUAT\serviceCores</parameter>
            <parameter key="DALC_Server">MSQSSQLDPG4UAT\SQL001</parameter>
            <parameter key="DALC_Database">OutboundUATI</parameter>
            <parameter key="BET_Server">MSQSSQLAZG4UAT.uat.atoqnet.gov.au\SQL001</parameter>
            <parameter key="BET_Database">BETIDTrackingUATI</parameter>
            <parameter key="PsiDeploymentStatusEmailAddress">DCRTEnvironments2@ato.gov.au</parameter>
        </group>
        <group key="Outbound Queue">
            <parameter key="MQSeriesManager">CGS_8_01</parameter>
            <parameter key="CCDTSourcePath">${InstallDrive}\EAI\CCDT</parameter>
            <parameter key="CCDTFile">UATI.OUT.TAB</parameter>
            <parameter key="ChannelName">OUT.CGS01</parameter>
            <parameter key="MQSeries.hostName">10.6.156.227</parameter>
            <parameter key="MQSeries.port">1414</parameter>
            <parameter key="MQSeries.isServer">FALSE</parameter>
            <parameter key="MQServer.Channel.Cleanup">FALSE</parameter>
        </group>
        <group key="AppSettings">
            <parameter key="OnlineServicesDomain">onlineservices.reliance.acc.ato.gov.au</parameter>
            <parameter key="AtoOnlineDomain">ato.gov.au</parameter>
        </group>
        <group key="Logging">
            <parameter key="Event_Log_Scope">All</parameter>
        </group>
    </environment>
    <environment key="Level 4 - OBOAWEB00001UAK - UATK, Web Node 1 (GSU)" remoteDeploymentGroupName="" remoteDeploymentServers="">
        <group key="General">
            <parameter key="winServiceIdentity">ATOQNETUAT\serviceCores</parameter>
            <parameter key="DALC_Server">MSQSSQLDPG4UAT\SQL001</parameter>
            <parameter key="DALC_Database">OutboundUATK</parameter>
            <parameter key="BET_Server">MSQSSQLAZG4UAT.uat.atoqnet.gov.au\SQL001</parameter>
            <parameter key="BET_Database">BETIDTrackingUATK</parameter>
            <parameter key="PsiDeploymentStatusEmailAddress">DCRTEnvironments2@ato.gov.au</parameter>
        </group>
        <group key="Outbound Queue">
            <parameter key="MQSeriesManager">CGS_9_01</parameter>
            <parameter key="CCDTSourcePath">${InstallDrive}\EAI\CCDT</parameter>
            <parameter key="CCDTFile">UATK.OUT.TAB</parameter>
            <parameter key="ChannelName">OUT.CGS01</parameter>
            <parameter key="MQSeries.hostName">10.6.136.49</parameter>
            <parameter key="MQSeries.port">1414</parameter>
            <parameter key="MQSeries.isServer">FALSE</parameter>
            <parameter key="MQServer.Channel.Cleanup">FALSE</parameter>
        </group>
        <group key="AppSettings">
            <parameter key="OnlineServicesDomain">onlineservices.reliance.acc.ato.gov.au</parameter>
            <parameter key="AtoOnlineDomain">ato.gov.au</parameter>
        </group>
        <group key="Logging">
            <parameter key="Event_Log_Scope">All</parameter>
        </group>
    </environment>
    <environment key="Level 4 - OUIXWEB01G4UCTC - UCTC, Web Node 1 (GSU)" remoteDeploymentGroupName="" remoteDeploymentServers="">
        <group key="General">
            <parameter key="winServiceIdentity">ATOQNETUAT\serviceCores</parameter>
            <parameter key="DALC_Server">MSQSSQLDPG4UAT\SQL001</parameter>
            <parameter key="DALC_Database">OutboundUCTC</parameter>
            <parameter key="BET_Server">MSQSSQL00002UCD.uat.atoqnet.gov.au\SQL001</parameter>
            <parameter key="BET_Database">BETIDTrackingUCTC</parameter>
            <parameter key="PsiDeploymentStatusEmailAddress">DCRTEnvironments2@ato.gov.au</parameter>
        </group>
        <group key="Outbound Queue">
            <parameter key="MQSeriesManager">CGS_B_01</parameter>
            <parameter key="CCDTSourcePath">${InstallDrive}\EAI\CCDT</parameter>
            <parameter key="CCDTFile">UCTC.OUT.TAB</parameter>
            <parameter key="ChannelName">OUT.CGS01</parameter>
            <parameter key="MQSeries.hostName">10.6.136.49</parameter>
            <parameter key="MQSeries.port">1415</parameter>
            <parameter key="MQSeries.isServer">FALSE</parameter>
            <parameter key="MQServer.Channel.Cleanup">FALSE</parameter>
        </group>
        <group key="AppSettings">
            <parameter key="OnlineServicesDomain">onlineservices.reliance.acc.ato.gov.au</parameter>
            <parameter key="AtoOnlineDomain">ato.gov.au</parameter>
        </group>
        <group key="Logging">
            <parameter key="Event_Log_Scope">All</parameter>
        </group>
    </environment>
    <environment key="Level 4 - OBOAWEB00001UCD - UCTD, Web Node 1 (GSU)" remoteDeploymentGroupName="" remoteDeploymentServers="">
        <group key="General">
            <parameter key="winServiceIdentity">ATOQNETUAT\serviceCores</parameter>
            <parameter key="DALC_Server">MSQSSQLDPG4UAT\SQL001</parameter>
            <parameter key="DALC_Database">OutboundUCTD</parameter>
            <parameter key="BET_Server">MSQSSQL00002UCD.uat.atoqnet.gov.au\SQL001</parameter>
            <parameter key="BET_Database">BETIDTrackingUCTD</parameter>
            <parameter key="PsiDeploymentStatusEmailAddress">DCRTEnvironments2@ato.gov.au</parameter>
        </group>
        <group key="Outbound Queue">
            <parameter key="MQSeriesManager">CGS_R_01</parameter>
            <parameter key="CCDTSourcePath">${InstallDrive}\EAI\CCDT</parameter>
            <parameter key="CCDTFile">UCTD.OUT.TAB</parameter>
            <parameter key="ChannelName">OUT.CGS01</parameter>
            <parameter key="MQSeries.hostName">10.6.156.201</parameter>
            <parameter key="MQSeries.port">1414</parameter>
            <parameter key="MQSeries.isServer">FALSE</parameter>
            <parameter key="MQServer.Channel.Cleanup">FALSE</parameter>
        </group>
        <group key="AppSettings">
            <parameter key="OnlineServicesDomain">onlineservices.reliance.acc.ato.gov.au</parameter>
            <parameter key="AtoOnlineDomain">ato.gov.au</parameter>
        </group>
        <group key="Logging">
            <parameter key="Event_Log_Scope">All</parameter>
        </group>
    </environment>
    <environment key="Level 4 - SYD02I193UV, NEW02I193UV - EFIX, Web Node 1 (GSU)" remoteDeploymentGroupName="" remoteDeploymentServers="">
        <group key="General">
            <parameter key="winServiceIdentity">ATOQNETUAT\ServiceCores</parameter>
            <parameter key="DALC_Server">MSQSSQLDPG4UAT\SQL001</parameter>
            <parameter key="DALC_Database">OutboundEFIX</parameter>
            <parameter key="BET_Server">MSQSSQLAZG4UAT.uat.atoqnet.gov.au\SQL001</parameter>
            <parameter key="BET_Database">BETIDTrackingEFix</parameter>
            <parameter key="PsiDeploymentStatusEmailAddress">DCRTEnvironments2@ato.gov.au</parameter>
        </group>
        <group key="Outbound Queue">
            <parameter key="MQSeriesManager">CGS_X_01</parameter>
            <parameter key="CCDTSourcePath">${InstallDrive}\EAI\CCDT</parameter>
            <parameter key="CCDTFile">EFIX.OUT.TAB</parameter>
            <parameter key="ChannelName">OUT.CGS01</parameter>
            <parameter key="MQSeries.hostName">10.6.156.201</parameter>
            <parameter key="MQSeries.port">1415</parameter>
            <parameter key="MQSeries.isServer">FALSE</parameter>
            <parameter key="MQServer.Channel.Cleanup">FALSE</parameter>
        </group>
        <group key="AppSettings">
            <parameter key="OnlineServicesDomain">onlineservices.efix.ato.gov.au</parameter>
            <parameter key="AtoOnlineDomain">ato.gov.au</parameter>
        </group>
        <group key="Logging">
            <parameter key="Event_Log_Scope">Warning, Error, Critical</parameter>
        </group>
    </environment>
    <environment key="Level 4 - SYD02I194UP, NEW02I194UP - EFIX, Web Node 2 (GSU)" remoteDeploymentGroupName="" remoteDeploymentServers="">
        <group key="General">
            <parameter key="winServiceIdentity">ATOQNETUAT\ServiceCores</parameter>
            <parameter key="DALC_Server">MSQSSQLDPG4UAT\SQL001</parameter>
            <parameter key="DALC_Database">OutboundEFIX</parameter>
            <parameter key="BET_Server">MSQSSQLAZG4UAT.uat.atoqnet.gov.au\SQL001</parameter>
            <parameter key="BET_Database">BETIDTrackingEFix</parameter>
            <parameter key="PsiDeploymentStatusEmailAddress">DCRTEnvironments2@ato.gov.au</parameter>
        </group>
        <group key="Outbound Queue">
            <parameter key="MQSeriesManager">CGS_X_02</parameter>
            <parameter key="CCDTSourcePath">${InstallDrive}\EAI\CCDT</parameter>
            <parameter key="CCDTFile">EFIX.OUT.TAB</parameter>
            <parameter key="ChannelName">OUT.CGS02</parameter>
            <parameter key="MQSeries.hostName">10.6.156.202</parameter>
            <parameter key="MQSeries.port">1415</parameter>
            <parameter key="MQSeries.isServer">FALSE</parameter>
            <parameter key="MQServer.Channel.Cleanup">FALSE</parameter>
        </group>
        <group key="AppSettings">
            <parameter key="OnlineServicesDomain">onlineservices.efix.ato.gov.au</parameter>
            <parameter key="AtoOnlineDomain">ato.gov.au</parameter>
        </group>
        <group key="Logging">
            <parameter key="Event_Log_Scope">Warning, Error, Critical</parameter>
        </group>
    </environment>
    <environment key="Level 4 - OUTCWEBA1APPRFB, NEWCWEBA1APPRFB - PERF B, Web Node 1 (GSU)" remoteDeploymentGroupName="" remoteDeploymentServers="">
        <group key="General">
            <parameter key="winServiceIdentity">ATOQNETPERF\ServiceCores</parameter>
            <parameter key="DALC_Server">MSQSSQLAPAPPRF.perf.atoqnet.gov.au\SQL001</parameter>
            <parameter key="DALC_Database">OutboundPRFB</parameter>
            <parameter key="BET_Server">MSQSSQLAZAPPRFB.perf.atoqnet.gov.au\SQL001</parameter>
            <parameter key="BET_Database">BETIDTrackingPRFB</parameter>
            <parameter key="PsiDeploymentStatusEmailAddress">DCRTEnvironments2@ato.gov.au</parameter>
        </group>
        <group key="Outbound Queue">
            <parameter key="MQSeriesManager">CGS_W_01</parameter>
            <parameter key="CCDTSourcePath">${InstallDrive}\EAI\CCDT</parameter>
            <parameter key="CCDTFile">PRFB.OUT.TAB</parameter>
            <parameter key="ChannelName">OUT.CGS01</parameter>
            <parameter key="MQSeries.hostName">10.6.144.153</parameter>
            <parameter key="MQSeries.port">1414</parameter>
            <parameter key="MQSeries.isServer">FALSE</parameter>
            <parameter key="MQServer.Channel.Cleanup">FALSE</parameter>
        </group>
        <group key="AppSettings">
            <parameter key="OnlineServicesDomain">onlineservices.reliance.perf.ato.gov.au</parameter>
            <parameter key="AtoOnlineDomain">ato.gov.au</parameter>
        </group>
        <group key="Logging">
            <parameter key="Event_Log_Scope">Warning, Error, Critical</parameter>
        </group>
    </environment>
    <environment key="Level 4 - OUTCWEBA2APPRFB, NEWCWEBA2APPRFB - PERF B, Web Node 2 (GSU)" remoteDeploymentGroupName="" remoteDeploymentServers="">
        <group key="General">
            <parameter key="winServiceIdentity">ATOQNETPERF\ServiceCores</parameter>
            <parameter key="DALC_Server">MSQSSQLAPAPPRF.perf.atoqnet.gov.au\SQL001</parameter>
            <parameter key="DALC_Database">OutboundPRFB</parameter>
            <parameter key="BET_Server">MSQSSQLAZAPPRFB.perf.atoqnet.gov.au\SQL001</parameter>
            <parameter key="BET_Database">BETIDTrackingPRFB</parameter>
            <parameter key="PsiDeploymentStatusEmailAddress">DCRTEnvironments2@ato.gov.au</parameter>
        </group>
        <group key="Outbound Queue">
            <parameter key="MQSeriesManager">CGS_W_02</parameter>
            <parameter key="CCDTSourcePath">${InstallDrive}\EAI\CCDT</parameter>
            <parameter key="CCDTFile">PRFB.OUT.TAB</parameter>
            <parameter key="ChannelName">OUT.CGS02</parameter>
            <parameter key="MQSeries.hostName">10.10.161.37</parameter>
            <parameter key="MQSeries.port">1414</parameter>
            <parameter key="MQSeries.isServer">FALSE</parameter>
            <parameter key="MQServer.Channel.Cleanup">FALSE</parameter>
        </group>
        <group key="AppSettings">
            <parameter key="OnlineServicesDomain">onlineservices.reliance.perf.ato.gov.au</parameter>
            <parameter key="AtoOnlineDomain">ato.gov.au</parameter>
        </group>
        <group key="Logging">
            <parameter key="Event_Log_Scope">Warning, Error, Critical</parameter>
        </group>
    </environment>
    <environment key="Level 4 - SYD02I537LV, NEW02I537LV - PERF E, Web Node 1 (GSU)" remoteDeploymentGroupName="" remoteDeploymentServers="">
        <group key="General">
            <parameter key="winServiceIdentity">ATOQNETPERF\ServiceCores</parameter>
            <parameter key="DALC_Server">MSQSSQLCPGPPRFE.perf.atoqnet.gov.au\SQL001</parameter>
            <parameter key="DALC_Database">OutboundPRFE</parameter>
            <parameter key="BET_Server">MSQSSQLAZGPPRFE.perf.atoqnet.gov.au\SQL001</parameter>
            <parameter key="BET_Database">BETIDTrackingPRFE</parameter>
            <parameter key="PsiDeploymentStatusEmailAddress">DCRTEnvironments2@ato.gov.au</parameter>
        </group>
        <group key="Outbound Queue">
            <parameter key="MQSeriesManager">CGS_U_01</parameter>
            <parameter key="CCDTSourcePath">${InstallDrive}\EAI\CCDT</parameter>
            <parameter key="CCDTFile">PRFE.OUT.TAB</parameter>
            <parameter key="ChannelName">OUT.CGS01</parameter>
            <parameter key="MQSeries.hostName">10.6.144.155</parameter>
            <parameter key="MQSeries.port">1414</parameter>
            <parameter key="MQSeries.isServer">FALSE</parameter>
            <parameter key="MQServer.Channel.Cleanup">FALSE</parameter>
        </group>
        <group key="AppSettings">
            <parameter key="OnlineServicesDomain">onlineservices.reliance.perf.ato.gov.au</parameter>
            <parameter key="AtoOnlineDomain">ato.gov.au</parameter>
        </group>
        <group key="Logging">
            <parameter key="Event_Log_Scope">Warning, Error, Critical</parameter>
        </group>
    </environment>
    <environment key="Level 4 - SYD02I538LV, NEW02I538LV - PERF E, Web Node 2 (GSU)" remoteDeploymentGroupName="" remoteDeploymentServers="">
        <group key="General">
            <parameter key="winServiceIdentity">ATOQNETPERF\ServiceCores</parameter>
            <parameter key="DALC_Server">MSQSSQLCPGPPRFE.perf.atoqnet.gov.au\SQL001</parameter>
            <parameter key="DALC_Database">OutboundPRFE</parameter>
            <parameter key="BET_Server">MSQSSQLAZGPPRFE.perf.atoqnet.gov.au\SQL001</parameter>
            <parameter key="BET_Database">BETIDTrackingPRFE</parameter>
            <parameter key="PsiDeploymentStatusEmailAddress">DCRTEnvironments2@ato.gov.au</parameter>
        </group>
        <group key="Outbound Queue">
            <parameter key="MQSeriesManager">CGS_U_02</parameter>
            <parameter key="CCDTSourcePath">${InstallDrive}\EAI\CCDT</parameter>
            <parameter key="CCDTFile">PRFE.OUT.TAB</parameter>
            <parameter key="ChannelName">OUT.CGS02</parameter>
            <parameter key="MQSeries.hostName">10.10.161.44</parameter>
            <parameter key="MQSeries.port">1414</parameter>
            <parameter key="MQSeries.isServer">FALSE</parameter>
            <parameter key="MQServer.Channel.Cleanup">FALSE</parameter>
        </group>
        <group key="AppSettings">
            <parameter key="OnlineServicesDomain">onlineservices.reliance.perf.ato.gov.au</parameter>
            <parameter key="AtoOnlineDomain">ato.gov.au</parameter>
        </group>
        <group key="Logging">
            <parameter key="Event_Log_Scope">Warning, Error, Critical</parameter>
        </group>
    </environment>
    <environment key="Level 4 - OTBDWEBA1GPPRFG - PRFG (Node 1)" remoteDeploymentGroupName="" remoteDeploymentServers="">
        <group key="General">
            <parameter key="winServiceIdentity">ATOQNETPERF\ServiceCores</parameter>
            <parameter key="DALC_Server">MSQSSQLAPAPPRF.perf.atoqnet.gov.au\SQL001</parameter>
            <parameter key="DALC_Database">OutboundPRFG</parameter>
            <parameter key="BET_Server">MSQSSQLAZAPPRFB.perf.atoqnet.gov.au\SQL001</parameter>
            <parameter key="BET_Database">BETIDTrackingPRFG</parameter>
            <parameter key="PsiDeploymentStatusEmailAddress">DCRTEnvironments2@ato.gov.au</parameter>
        </group>
        <group key="Outbound Queue">
            <parameter key="MQSeriesManager">CGS_S_01</parameter>
            <parameter key="CCDTSourcePath">${InstallDrive}\EAI\CCDT</parameter>
            <parameter key="CCDTFile">PRFG.OUT.TAB</parameter>
            <parameter key="ChannelName">OUT.CGS01</parameter>
            <parameter key="MQSeries.hostName">10.10.160.203</parameter>
            <parameter key="MQSeries.port">1414</parameter>
            <parameter key="MQSeries.isServer">FALSE</parameter>
            <parameter key="MQServer.Channel.Cleanup">FALSE</parameter>
        </group>
        <group key="AppSettings">
            <parameter key="OnlineServicesDomain">onlineservices.reliance.perf.ato.gov.au</parameter>
            <parameter key="AtoOnlineDomain">ato.gov.au</parameter>
        </group>
        <group key="Logging">
            <parameter key="Event_Log_Scope">Warning, Error, Critical</parameter>
        </group>
    </environment>
    <environment key="Level 4 - OTBDWEBA2GPPRFG - PRFG (Node 2)" remoteDeploymentGroupName="" remoteDeploymentServers="">
        <group key="General">
            <parameter key="winServiceIdentity">ATOQNETPERF\ServiceCores</parameter>
            <parameter key="DALC_Server">MSQSSQLAPAPPRF.perf.atoqnet.gov.au\SQL001</parameter>
            <parameter key="DALC_Database">OutboundPRFG</parameter>
            <parameter key="BET_Server">MSQSSQLAZAPPRFB.perf.atoqnet.gov.au\SQL001</parameter>
            <parameter key="BET_Database">BETIDTrackingPRFG</parameter>
            <parameter key="PsiDeploymentStatusEmailAddress">DCRTEnvironments2@ato.gov.au</parameter>
        </group>
        <group key="Outbound Queue">
            <parameter key="MQSeriesManager">CGS_S_02</parameter>
            <parameter key="CCDTSourcePath">${InstallDrive}\EAI\CCDT</parameter>
            <parameter key="CCDTFile">PRFG.OUT.TAB</parameter>
            <parameter key="ChannelName">OUT.CGS02</parameter>
            <parameter key="MQSeries.hostName">10.10.160.204</parameter>
            <parameter key="MQSeries.port">1414</parameter>
            <parameter key="MQSeries.isServer">FALSE</parameter>
            <parameter key="MQServer.Channel.Cleanup">FALSE</parameter>
        </group>
        <group key="AppSettings">
            <parameter key="OnlineServicesDomain">onlineservices.reliance.perf.ato.gov.au</parameter>
            <parameter key="AtoOnlineDomain">ato.gov.au</parameter>
        </group>
        <group key="Logging">
            <parameter key="Event_Log_Scope">Warning, Error, Critical</parameter>
        </group>
    </environment>
    <environment key="Level 5 - SYD02I404PV, NEW02I404PV - Prod, Web Node 1 (GSU)" remoteDeploymentGroupName="" remoteDeploymentServers="">
        <group key="General">
            <parameter key="winServiceIdentity">ATONET\ServiceCores</parameter>
            <parameter key="DALC_Server">MSQSSQLDPG5\SQL001</parameter>
            <parameter key="DALC_Database">OutboundCorrogen_R3Prod</parameter>
            <parameter key="BET_Server">MSQSSQLAZG5\SQL001</parameter>
            <parameter key="BET_Database">BETIDTracking</parameter>
            <parameter key="PsiDeploymentStatusEmailAddress">DCRTEnvironments2@ato.gov.au</parameter>
        </group>
        <group key="Outbound Queue">
            <parameter key="MQSeriesManager">CGS_P_01</parameter>
            <parameter key="CCDTSourcePath">${InstallDrive}\EAI\CCDT</parameter>
            <parameter key="CCDTFile">PROD.OUT.TAB</parameter>
            <parameter key="ChannelName">OUT.CGS01</parameter>
            <parameter key="MQSeries.hostName">10.10.8.116</parameter>
            <parameter key="MQSeries.port">1414</parameter>
            <parameter key="MQSeries.isServer">FALSE</parameter>
            <parameter key="MQServer.Channel.Cleanup">FALSE</parameter>
        </group>
        <group key="AppSettings">
            <parameter key="OnlineServicesDomain">onlineservices.ato.gov.au</parameter>
            <parameter key="AtoOnlineDomain">ato.gov.au</parameter>
        </group>
        <group key="Logging">
            <parameter key="Event_Log_Scope">Warning, Error, Critical</parameter>
        </group>
    </environment>
    <environment key="Level 5 - SYD02I405PV, NEW02I405PV - Prod, Web Node 2 (GSU)" remoteDeploymentGroupName="" remoteDeploymentServers="">
        <group key="General">
            <parameter key="winServiceIdentity">ATONET\ServiceCores</parameter>
            <parameter key="DALC_Server">MSQSSQLDPG5\SQL001</parameter>
            <parameter key="DALC_Database">OutboundCorrogen_R3Prod</parameter>
            <parameter key="BET_Server">MSQSSQLAZG5\SQL001</parameter>
            <parameter key="BET_Database">BETIDTracking</parameter>
            <parameter key="PsiDeploymentStatusEmailAddress">DCRTEnvironments2@ato.gov.au</parameter>
        </group>
        <group key="Outbound Queue">
            <parameter key="MQSeriesManager">CGS_P_02</parameter>
            <parameter key="CCDTSourcePath">${InstallDrive}\EAI\CCDT</parameter>
            <parameter key="CCDTFile">PROD.OUT.TAB</parameter>
            <parameter key="ChannelName">OUT.CGS02</parameter>
            <parameter key="MQSeries.hostName">10.10.8.117</parameter>
            <parameter key="MQSeries.port">1414</parameter>
            <parameter key="MQSeries.isServer">FALSE</parameter>
            <parameter key="MQServer.Channel.Cleanup">FALSE</parameter>
        </group>
        <group key="AppSettings">
            <parameter key="OnlineServicesDomain">onlineservices.ato.gov.au</parameter>
            <parameter key="AtoOnlineDomain">ato.gov.au</parameter>
        </group>
        <group key="Logging">
            <parameter key="Event_Log_Scope">Warning, Error, Critical</parameter>
        </group>
    </environment>
    <environment key="Level 5 - SYD02I677PV, NEW02I677PV - Prod, Web Node 3 (GSU)" remoteDeploymentGroupName="" remoteDeploymentServers="">
        <group key="General">
            <parameter key="winServiceIdentity">ATONET\ServiceCores</parameter>
            <parameter key="DALC_Server">MSQSSQLDPG5\SQL001</parameter>
            <parameter key="DALC_Database">OutboundCorrogen_R3Prod</parameter>
            <parameter key="BET_Server">MSQSSQLAZG5\SQL001</parameter>
            <parameter key="BET_Database">BETIDTracking</parameter>
            <parameter key="PsiDeploymentStatusEmailAddress">DCRTEnvironments2@ato.gov.au</parameter>
        </group>
        <group key="Outbound Queue">
            <parameter key="MQSeriesManager">CGS_P_03</parameter>
            <parameter key="CCDTSourcePath">${InstallDrive}\EAI\CCDT</parameter>
            <parameter key="CCDTFile">PROD.OUT.TAB</parameter>
            <parameter key="ChannelName">OUT.CGS03</parameter>
            <parameter key="MQSeries.hostName">10.6.3.90</parameter>
            <parameter key="MQSeries.port">1414</parameter>
            <parameter key="MQSeries.isServer">FALSE</parameter>
            <parameter key="MQServer.Channel.Cleanup">FALSE</parameter>
        </group>
        <group key="AppSettings">
            <parameter key="OnlineServicesDomain">onlineservices.ato.gov.au</parameter>
            <parameter key="AtoOnlineDomain">ato.gov.au</parameter>
        </group>
        <group key="Logging">
            <parameter key="Event_Log_Scope">Warning, Error, Critical</parameter>
        </group>
    </environment>
    <environment key="Level 5 - SYD02I678PV, NEW02I678PV - Prod, Web Node 4 (GSU)" remoteDeploymentGroupName="" remoteDeploymentServers="">
        <group key="General">
            <parameter key="winServiceIdentity">ATONET\ServiceCores</parameter>
            <parameter key="DALC_Server">MSQSSQLDPG5\SQL001</parameter>
            <parameter key="DALC_Database">OutboundCorrogen_R3Prod</parameter>
            <parameter key="BET_Server">MSQSSQLAZG5\SQL001</parameter>
            <parameter key="BET_Database">BETIDTracking</parameter>
            <parameter key="PsiDeploymentStatusEmailAddress">DCRTEnvironments2@ato.gov.au</parameter>
        </group>
        <group key="Outbound Queue">
            <parameter key="MQSeriesManager">CGS_P_04</parameter>
            <parameter key="CCDTSourcePath"></parameter>
            <parameter key="CCDTFile">PROD.OUT.TAB</parameter>
            <parameter key="ChannelName">OUT.CGS04</parameter>
            <parameter key="MQSeries.hostName">10.6.3.91</parameter>
            <parameter key="MQSeries.port">1414</parameter>
            <parameter key="MQSeries.isServer">FALSE</parameter>
            <parameter key="MQServer.Channel.Cleanup">FALSE</parameter>
        </group>
        <group key="AppSettings">
            <parameter key="OnlineServicesDomain">onlineservices.ato.gov.au</parameter>
            <parameter key="AtoOnlineDomain">ato.gov.au</parameter>
        </group>
        <group key="Logging">
            <parameter key="Event_Log_Scope">Warning, Error, Critical</parameter>
        </group>
    </environment>
</environments>
